{
"type": "FeatureCollection",
"name": "grid_master",
"crs": { "type": "name", "properties": { "name": "urn:ogc:def:crs:EPSG::3448" } },
"features": [
{ "type": "Feature", "properties": { "cell_id": 0, "parish": "Westmoreland", "centroid_x": 611173.130767931, "centroid_y": 682008.9797884177, "land_area_km2": 79.124191684443957, "total_buildings": 40, "damaged_buildings": 10, "Damage_Ratio": 0.25, "Dist_km": 9.8152185602198223, "Delta_P": 103.45361711158739, "DeltaP_x_Dist": 1015.4198627955276, "Pop_Dens": 115.78055950126263, "ln_Pop_Dens": 4.7602966139148393, "Delta_P_c": -9.9243229517121563, "Dist_km_c": -43.246710768814168, "DeltaP_x_Dist_c": 429.19432426899971, "hat_y_ols": 0.34065689848538983, "hat_y_frac": 0.34827332376614906, "residual_frac": -0.098273323766149057, "abs_residual_frac": 0.098273323766149057, "basis_risk_category": "Concordant Alignment" }, "geometry": { "type": "Polygon", "coordinates": [ [ [ 615244.527452244306915, 687436.891231601592153 ], [ 615244.527452244306915, 677436.891231601592153 ], [ 606486.451653685537167, 677436.891231601592153 ], [ 606483.371449499740265, 677442.54073950171005 ], [ 606481.602169426041655, 677478.250291206873953 ], [ 606488.013505809474736, 677490.102234728052281 ], [ 606470.695165439043194, 677531.316061238176189 ], [ 606454.59192731208168, 677537.687762860325165 ], [ 606432.826145204366185, 677573.809369384776801 ], [ 606408.525879561202601, 677585.886172413825989 ], [ 606380.400637430022471, 677631.662058230373077 ], [ 606357.649284904357046, 677641.491700505139306 ], [ 606303.499635478598066, 677680.496137819020078 ], [ 606282.838783909799531, 677697.040329709532671 ], [ 606285.737682807142846, 677721.713395216618665 ], [ 606267.479798109969124, 677722.67737342021428 ], [ 606237.161047170753591, 677751.932889420888387 ], [ 606241.522225804743357, 677761.110090229078196 ], [ 606224.934709050576203, 677777.845857527223416 ], [ 606220.789161760360003, 677798.076669869595207 ], [ 606194.189944921759889, 677805.233953426592052 ], [ 606184.846998763503507, 677824.838769185706042 ], [ 606205.322926435270347, 677845.121461703092791 ], [ 606146.867354368092492, 677882.364794826484285 ], [ 606132.064956349204294, 677927.600580509519204 ], [ 606153.489010584307835, 677956.033914985018782 ], [ 606114.016600139322691, 677961.415138876414858 ], [ 606105.38647509063594, 677955.634182640817016 ], [ 606080.94263051240705, 677953.821208369801752 ], [ 606089.415142748388462, 677964.064006591797806 ], [ 606074.843540253117681, 677978.759536543628201 ], [ 606058.868245665566064, 677988.085981728043407 ], [ 606041.863798752310686, 677979.67682960734237 ], [ 605994.294857040047646, 678027.444546230020933 ], [ 606013.843938288395293, 678039.609407304902561 ], [ 606014.629508240846917, 678054.413594454759732 ], [ 606042.218575796927325, 678058.251108191907406 ], [ 606051.076106528285891, 678095.011733947903849 ], [ 606038.023464283673093, 678113.470580186345614 ], [ 606056.487818185123615, 678124.835431655170396 ], [ 606052.482213276089169, 678133.841575457248837 ], [ 606066.593394936062396, 678147.208628417458385 ], [ 606062.365708559053019, 678156.216400729259476 ], [ 606045.938195699476637, 678164.428238285589032 ], [ 606051.088164036395028, 678188.852319807978347 ], [ 606024.045184703078121, 678223.352861705352552 ], [ 606028.18188272533007, 678237.96641658921726 ], [ 606014.294979615719058, 678255.136367949191481 ], [ 606023.788009117823094, 678286.269411152927205 ], [ 606014.008858736488037, 678308.345856433385052 ], [ 606031.634924435988069, 678340.957738054217771 ], [ 606064.701766534941271, 678419.701448123436421 ], [ 606030.910007192986086, 678456.841621570987627 ], [ 606010.561566126649268, 678453.85858841962181 ], [ 605984.055789825506508, 678464.967023337143473 ], [ 605955.087676371098496, 678496.47112359397579 ], [ 605966.864489925676025, 678531.848837002413347 ], [ 605960.804900498827919, 678546.282706241356209 ], [ 605941.92784395290073, 678550.671782223973423 ], [ 605909.32904484460596, 678547.170081574353389 ], [ 605940.044781777076423, 678600.970885373069905 ], [ 605908.278473861166276, 678612.881820653099567 ], [ 605875.290610529133119, 678611.109759052749723 ], [ 605859.983455342706293, 678617.730697218794376 ], [ 605839.621889243484475, 678612.943733991472982 ], [ 605824.280950178625062, 678584.764839269570075 ], [ 605814.005249373032711, 678591.038892436074093 ], [ 605813.181532016722485, 678611.333944783080369 ], [ 605834.343769734259695, 678632.961611934937537 ], [ 605782.348069274332374, 678658.038337147445418 ], [ 605780.037966083036736, 678681.853116288082674 ], [ 605765.824484981945716, 678683.308052743785083 ], [ 605718.021538452827372, 678747.814167596865445 ], [ 605687.842830052948557, 678736.856834541540593 ], [ 605666.242802447173744, 678749.147163588670082 ], [ 605672.282752469414845, 678770.874915954540484 ], [ 605637.90481181605719, 678772.744034235598519 ], [ 605658.955315869883634, 678802.175803226535209 ], [ 605636.249264705227688, 678816.488820369238965 ], [ 605644.743940295651555, 678852.742820617393591 ], [ 605569.19819807051681, 678876.488174178521149 ], [ 605571.193909260910004, 678929.193898946978152 ], [ 605583.656468677101657, 678937.00518572202418 ], [ 605581.669004812836647, 678950.025598891661502 ], [ 605572.863387189223431, 678950.533209045184776 ], [ 605554.856755654909648, 678966.781946690287441 ], [ 605583.031960007268935, 678981.439726004377007 ], [ 605553.148508870857768, 678994.732043768279254 ], [ 605548.88689324609004, 679020.608960558427498 ], [ 605554.871717953821644, 679036.282488819095306 ], [ 605534.846660812036134, 679068.507250133319758 ], [ 605502.888119081850164, 679214.916635181289166 ], [ 605512.696597231784835, 679227.09745799715165 ], [ 605524.094274619710632, 679272.683132392121479 ], [ 605500.928117447649129, 679317.748702910728753 ], [ 605508.581432230304927, 679374.71851055463776 ], [ 605528.331903687212616, 679397.131087908754125 ], [ 605549.346199504798278, 679390.135767082101665 ], [ 605579.014061291352846, 679426.62119909003377 ], [ 605555.929132931749336, 679475.526975861284882 ], [ 605571.90684931492433, 679498.310525722452439 ], [ 605558.825456152088009, 679499.75727927533444 ], [ 605550.84567231091205, 679524.765040780999698 ], [ 605502.147531859460287, 679543.475874356809072 ], [ 605508.19712706329301, 679557.909223082708195 ], [ 605488.78406652295962, 679559.734749039984308 ], [ 605480.462130978936329, 679548.350994417676702 ], [ 605462.836898450972512, 679550.262986868852749 ], [ 605402.325064987293445, 679608.93082466465421 ], [ 605341.726675253128633, 679753.282761651207693 ], [ 605294.785657102358527, 679819.399730936391279 ], [ 605287.215684970840812, 679868.346324357902631 ], [ 605316.942008604411967, 679889.854919612873346 ], [ 605422.179642562638037, 679913.651261395541951 ], [ 605420.994991790386848, 679936.561267610872164 ], [ 605464.364623287925497, 679949.723255413817242 ], [ 605426.780454821884632, 679985.453609370044433 ], [ 605445.388802618021145, 679997.890518812113442 ], [ 605467.779010563855991, 680032.747021049726754 ], [ 605433.248664651066065, 680050.933001158060506 ], [ 605434.021056501776911, 680066.766709114308469 ], [ 605320.746871434850618, 680181.909423037664965 ], [ 605294.790600765380077, 680247.041446967981756 ], [ 605273.697458656039089, 680244.651323291589506 ], [ 605244.527452244306915, 680274.077154737198725 ], [ 605277.586465643486008, 680348.890433088177815 ], [ 605317.512661496642977, 680382.753983199014328 ], [ 605327.638640287448652, 680440.88993404887151 ], [ 605307.899392547085881, 680551.712272841134109 ], [ 605350.672281754086725, 680601.693164809024893 ], [ 605352.197613164549693, 680635.009995849919505 ], [ 605375.652035024948418, 680729.629973254166543 ], [ 605432.652633682591841, 680803.315049449098296 ], [ 605451.650265646632761, 680814.155201652669348 ], [ 605531.130153432954103, 680818.771691420464776 ], [ 605586.378134426660836, 680806.80885006824974 ], [ 605599.97935286257416, 680843.036400414071977 ], [ 605708.885816373396665, 680972.392353879869916 ], [ 605837.383215277339332, 681115.883592508616857 ], [ 605986.616258857655339, 681256.699681368423626 ], [ 606038.859754376811907, 681369.959211690700613 ], [ 606070.639209954300895, 681335.95500659593381 ], [ 606109.766178194084205, 681369.438662721193396 ], [ 606188.238897049799562, 681399.977226597606204 ], [ 606209.713519580196589, 681368.063360076979734 ], [ 606259.561874272068962, 681371.195550036150962 ], [ 606270.092001831508242, 681357.979697473929264 ], [ 606328.295414553023875, 681367.083298563142307 ], [ 606348.573645770666189, 681391.208550766459666 ], [ 606420.104018845595419, 681373.384038955438882 ], [ 606437.688204618403688, 681357.415832807309926 ], [ 606486.038298105821013, 681345.107545637758449 ], [ 606590.220763789024204, 681396.501287570572458 ], [ 606612.465820052893832, 681443.812600324046798 ], [ 606659.816753872437403, 681458.28744131012354 ], [ 606679.913434484740719, 681437.397608649800532 ], [ 606783.594098498811945, 681491.164768002578057 ], [ 606924.428816354367882, 681480.827596483519301 ], [ 607017.829267707420513, 681517.016305875265971 ], [ 607067.575899527757429, 681416.34822140133474 ], [ 607098.392286953050643, 681402.309730024309829 ], [ 607153.005784009117633, 681415.116780402138829 ], [ 607202.801271662348881, 681469.101746891741641 ], [ 607233.980520018027164, 681451.164612385211512 ], [ 607259.521280582412146, 681413.997828683932312 ], [ 607407.436356141464785, 681426.226107069291174 ], [ 607499.773392729111947, 681486.410893384716474 ], [ 607557.130468969931826, 681457.757600429817103 ], [ 607543.929665952688083, 681521.189099191688001 ], [ 607725.347831429797225, 681735.248104598140344 ], [ 607938.884688470046967, 682033.851942562498152 ], [ 608131.431169195449911, 682381.323886045953259 ], [ 608319.270359327085316, 682887.436823040014133 ], [ 608351.993208556552418, 682998.430804806761444 ], [ 608383.231180490925908, 683117.615438952576369 ], [ 608404.591943182866089, 683240.978017439134419 ], [ 608415.74805228842888, 683301.200339532922953 ], [ 608427.93564906809479, 683354.928898138459772 ], [ 608438.65840954775922, 683403.476771999150515 ], [ 608450.052300083450973, 683462.977939136442728 ], [ 608464.481044817715883, 683572.333307696506381 ], [ 608478.302833369001746, 683663.540220571332611 ], [ 608483.988144307280891, 683708.538213989231735 ], [ 608487.692656274884939, 683753.030277285724878 ], [ 608487.015938375610858, 683791.100848402595147 ], [ 608484.862304976093583, 683829.624837373499759 ], [ 608481.748073191381991, 683904.970680472906679 ], [ 608477.160845777252689, 683978.379055154975504 ], [ 608477.458031009067781, 684019.541882770950906 ], [ 608478.898956906516105, 684049.251286097685806 ], [ 608482.935641569667496, 684079.716768946847878 ], [ 608485.766480121645145, 684108.641323294839822 ], [ 608485.83839038957376, 684152.285205021151341 ], [ 608490.468350900802761, 684197.567578044836409 ], [ 608492.038755983114243, 684255.46837500249967 ], [ 608493.909799034008756, 684286.181950477533974 ], [ 608497.211901034344919, 684354.032207580865361 ], [ 608494.044365389738232, 684426.378849267493933 ], [ 608493.866618122905493, 684451.550668040988967 ], [ 608492.912009012303315, 684476.01969057531096 ], [ 608490.773321293643676, 684516.602422391064465 ], [ 608487.682992216898128, 684558.630976862506941 ], [ 608483.217419238411821, 684593.220134313451126 ], [ 608470.923918842803687, 684668.200671376194805 ], [ 608461.843538982793689, 684710.837003860855475 ], [ 608452.418275386677124, 684746.70170240465086 ], [ 608449.144735735841095, 684761.878588673425838 ], [ 608447.835883717052639, 684781.203173142625019 ], [ 608448.62023691390641, 684800.512642176588997 ], [ 608452.064058456104249, 684827.949576657265425 ], [ 608457.622573794797063, 684852.493342740694061 ], [ 608463.68912565568462, 684884.438500937190838 ], [ 608469.171956685488112, 684917.539037520298734 ], [ 608501.304320327239111, 685257.773808492696844 ], [ 608552.607441349420696, 685450.743211145279929 ], [ 608599.090027959551662, 685730.339288280811161 ], [ 608625.602738813497126, 686092.177439886028878 ], [ 608703.338305403944105, 686281.724755428615026 ], [ 608720.42939662525896, 686608.354785478324629 ], [ 608703.654900515568443, 686799.281092875869945 ], [ 608661.498637987999246, 687054.578991487622261 ], [ 608648.150932393036783, 687157.671276510227472 ], [ 608570.055762863252312, 687341.258823867538013 ], [ 608561.750628840643913, 687360.800013827160001 ], [ 608550.929907638230361, 687386.236947514815256 ], [ 608536.913728438317776, 687436.891231601592153 ], [ 615244.527452244306915, 687436.891231601592153 ] ] ] } },
{ "type": "Feature", "properties": { "cell_id": 1, "parish": "Hanover", "centroid_x": 612303.13508701848, "centroid_y": 690173.15040487319, "land_area_km2": 34.269665923180355, "total_buildings": 17, "damaged_buildings": 10, "Damage_Ratio": 0.58823529411764708, "Dist_km": 3.3965194789060016, "Delta_P": 101.76430478794146, "DeltaP_x_Dist": 345.64444346957043, "Pop_Dens": 100.15594482421875, "ln_Pop_Dens": 4.6166633342467742, "Delta_P_c": -11.613635275358106, "Dist_km_c": -49.665409850127986, "DeltaP_x_Dist_c": 576.79595580056434, "hat_y_ols": 0.32108249387547139, "hat_y_frac": 0.34530971426308932, "residual_frac": 0.24292557985455776, "abs_residual_frac": 0.24292557985455776, "basis_risk_category": "Severe Under-Coverage" }, "geometry": { "type": "Polygon", "coordinates": [ [ [ 615244.527452244306915, 687436.891231601592153 ], [ 608536.913728438317776, 687436.891231601592153 ], [ 608507.372667386895046, 687543.652230971609242 ], [ 608495.875897283898667, 687615.981949752545916 ], [ 608448.05955529701896, 687707.523936028825119 ], [ 608434.951566958567128, 687730.896518789813854 ], [ 608419.277657051454298, 687751.719661997631192 ], [ 608407.343534448882565, 687763.450366494245827 ], [ 608396.500096107600257, 687772.516660897410475 ], [ 608389.376670759171247, 687777.073175155557692 ], [ 608382.094895258895122, 687777.26968766876962 ], [ 608372.75532938609831, 687775.023776398273185 ], [ 608363.115649705985561, 687770.743359947693534 ], [ 608361.860786851728335, 687768.239787389175035 ], [ 608361.749737456906587, 687766.037877852213569 ], [ 608361.880361210322008, 687763.63498145272024 ], [ 608362.73952422128059, 687761.116130869835615 ], [ 608362.000837470404804, 687758.365312047651969 ], [ 608359.936701668309979, 687757.970680222264491 ], [ 608357.993065874790773, 687759.622925127157941 ], [ 608357.278972577070817, 687766.125533249345608 ], [ 608355.813131765113212, 687770.99537663499359 ], [ 608352.829945440287702, 687772.145965680014342 ], [ 608351.20396490523126, 687775.334493287838995 ], [ 608350.581395260989666, 687782.799435134395026 ], [ 608349.565638662083074, 687803.140356215182692 ], [ 608336.440490381210111, 687821.188990411348641 ], [ 608313.317421466344967, 687839.498083302751184 ], [ 608301.814255614532158, 687845.027151308953762 ], [ 608291.046372163109481, 687846.986721519380808 ], [ 608283.000791947706603, 687842.418095008586533 ], [ 608276.876252977643162, 687834.537045707344078 ], [ 608274.044428619206883, 687834.690350814140402 ], [ 608272.289459417923354, 687839.04205347422976 ], [ 608272.38305577437859, 687843.214354517287575 ], [ 608264.238541134167463, 687851.276074044289999 ], [ 608249.902445564046502, 687861.18681034387555 ], [ 608237.722669089445844, 687863.776480788365006 ], [ 608225.761747864075005, 687861.549600851489231 ], [ 608217.656901474576443, 687857.557012894307263 ], [ 608210.919356197002344, 687859.919157934840769 ], [ 608193.294323079986498, 687874.004571446683258 ], [ 608129.866923879133537, 687892.483796395361423 ], [ 608077.28390454291366, 687903.501732090022415 ], [ 608056.010067849420011, 687883.731764302472584 ], [ 608004.171454793424346, 687909.953185883816332 ], [ 607995.957063874113373, 687893.763544821296819 ], [ 607962.698030845960602, 687880.102009682566859 ], [ 607961.26224220416043, 687884.72815056273248 ], [ 607963.857159345410764, 687888.351015122840181 ], [ 607951.841539424727671, 687898.997839978896081 ], [ 607945.417571792611852, 687897.948579898918979 ], [ 607924.976160107878968, 687939.073860848438926 ], [ 607911.503327911836095, 687947.008323768735863 ], [ 607906.441543121240102, 687955.966564684757032 ], [ 607903.924547345377505, 687963.091054638964124 ], [ 607900.081050995737314, 687972.416807377012447 ], [ 607901.125652275746688, 687988.193500780151226 ], [ 607899.259007506538182, 688003.371444038813934 ], [ 607903.433207431342453, 688009.041668099816889 ], [ 607906.74509036692325, 688021.160251943394542 ], [ 607905.178278642473742, 688028.122888755169697 ], [ 607905.422649944550358, 688037.042660282226279 ], [ 607909.567149414098822, 688038.617603675811552 ], [ 607908.217584106372669, 688050.758916498627514 ], [ 607913.007503768079914, 688048.045511976233684 ], [ 607918.225658352952451, 688044.62059363652952 ], [ 607929.636393537861295, 688058.451494951732457 ], [ 607938.712514493148774, 688072.487497520982288 ], [ 607943.094638698617928, 688083.513577367644757 ], [ 607943.498525461414829, 688099.859434868674725 ], [ 607941.746282553649507, 688108.948645267402753 ], [ 607937.573825334897265, 688116.638578521204181 ], [ 607926.702059223083779, 688126.114896899671294 ], [ 607919.085817764280364, 688118.067666142829694 ], [ 607913.08090091671329, 688113.572946463595144 ], [ 607907.783709034556523, 688110.46778053813614 ], [ 607901.785230821114965, 688108.319627404678613 ], [ 607902.278603813610971, 688115.134501149877906 ], [ 607906.429828098975122, 688117.639184016501531 ], [ 607914.212683858117089, 688123.880968914018013 ], [ 607923.513352334615774, 688129.525101002422161 ], [ 607950.32703660801053, 688194.64839917444624 ], [ 607954.560370951658115, 688195.35933298850432 ], [ 607960.529013261315413, 688196.312275767908432 ], [ 607965.759446729789488, 688197.503017661394551 ], [ 607968.071977403946221, 688207.38186851341743 ], [ 607965.911697854404338, 688218.510716275079176 ], [ 607960.73501708812546, 688224.735758473863825 ], [ 607956.314095689565875, 688231.685872932313941 ], [ 607953.124477804987691, 688237.885446503991261 ], [ 607955.922964257886633, 688246.266470718081109 ], [ 607959.724000456975773, 688255.879947885056026 ], [ 607958.064204964553937, 688267.514340408961289 ], [ 607956.659852900076658, 688279.390398096642457 ], [ 607951.26529546501115, 688290.553759969305247 ], [ 607947.01762077154126, 688287.86159460246563 ], [ 607938.813653443939984, 688287.677545657614246 ], [ 607932.371785282855853, 688291.432329946197569 ], [ 607939.568381970748305, 688323.258645692258142 ], [ 607956.047825705492869, 688332.038607039838098 ], [ 607956.919612049823627, 688315.229670627624728 ], [ 607972.328584394650534, 688314.86340901744552 ], [ 607977.837847621645778, 688319.527773712063208 ], [ 607981.057858640793711, 688317.523102801293135 ], [ 607988.087862548418343, 688326.371570087387227 ], [ 607984.828592878533527, 688333.169365948764607 ], [ 607989.950116141000763, 688336.840341255185194 ], [ 607986.6274114131229, 688342.177499388111755 ], [ 607981.91521481401287, 688343.938397630583495 ], [ 607985.670582779799588, 688347.253997627529316 ], [ 607983.222448475193232, 688352.208475728519261 ], [ 607987.111790658673272, 688356.508238958427683 ], [ 607987.015430936589837, 688360.715126351569779 ], [ 607992.146811561193317, 688365.747507958556525 ], [ 607996.652549572172575, 688369.046603990718722 ], [ 607998.81847921689041, 688376.203569558565505 ], [ 607994.470859280670993, 688377.220205725636333 ], [ 607989.372606484219432, 688376.759046951774508 ], [ 607983.02631489734631, 688376.196244293940254 ], [ 607976.199284585891291, 688377.850711401202716 ], [ 607979.189753699, 688379.179448053124361 ], [ 607982.961237209266983, 688384.719783705659211 ], [ 607981.405819045263343, 688393.2541232064832 ], [ 607978.704097012989223, 688398.221508935210295 ], [ 607979.622537028975785, 688403.893208994995803 ], [ 607974.908591295359656, 688405.410605675191619 ], [ 607970.786979834316298, 688402.606831988086924 ], [ 607965.815749820438214, 688403.627994058071636 ], [ 607960.520088077755645, 688400.722042259410955 ], [ 607957.550157804507762, 688402.22680301591754 ], [ 607961.81922514969483, 688407.874217624426819 ], [ 607965.422337015159428, 688409.143167397356592 ], [ 607965.094810906331986, 688413.539902368094772 ], [ 607966.846143273753114, 688415.995578810106963 ], [ 607972.587735972600058, 688419.175023644813336 ], [ 607976.792305452749133, 688415.923497301992029 ], [ 607977.020954270614311, 688412.468337274389341 ], [ 607981.729524489725009, 688410.209362395456992 ], [ 607989.947796502499841, 688412.374661983805709 ], [ 607984.009700076072477, 688415.627678547054529 ], [ 607983.77391161583364, 688418.097756360890344 ], [ 607985.31085030734539, 688424.51766148104798 ], [ 607989.317150055197999, 688427.455100916558877 ], [ 607994.787096154643223, 688428.157082570833154 ], [ 608000.982393803889863, 688425.389238061499782 ], [ 608008.946806626976468, 688426.073149708332494 ], [ 608011.920345766935498, 688425.066471933154389 ], [ 608014.931238382705487, 688427.756543295108713 ], [ 608018.907317266683094, 688427.98232227389235 ], [ 608022.60621246532537, 688423.505819122539833 ], [ 608027.538165108766407, 688418.522282617166638 ], [ 608030.01114408869762, 688415.537897191825323 ], [ 608026.764283041586168, 688413.834666880778968 ], [ 608029.968166940379888, 688409.605267554172315 ], [ 608034.439184974413365, 688409.572879120823927 ], [ 608037.137379523715936, 688411.412912162952125 ], [ 608037.676385349943303, 688414.320133589906618 ], [ 608040.392671839450486, 688415.739417086821049 ], [ 608042.500441068317741, 688413.41074499534443 ], [ 608041.613114175503142, 688410.572460066527128 ], [ 608041.44330312742386, 688404.640749211423099 ], [ 608043.555524053284898, 688398.548612440587021 ], [ 608046.781554366694763, 688398.835174696170725 ], [ 608046.668384777847677, 688405.101002826937474 ], [ 608047.68792004743591, 688408.679947942262515 ], [ 608051.180437943665311, 688409.274510410963558 ], [ 608052.431001993827522, 688405.347054958576337 ], [ 608052.967951806727797, 688402.133179168449715 ], [ 608054.498461906099692, 688398.912107084062882 ], [ 608055.840479960315861, 688395.935916596790776 ], [ 608059.508197075338103, 688395.909352126996964 ], [ 608060.525405697175302, 688399.167316026636399 ], [ 608062.85871856554877, 688403.168434557272121 ], [ 608066.681305133504793, 688404.092676845029928 ], [ 608113.793398909037933, 688313.584124174783938 ], [ 608148.395030713290907, 688267.508327647694387 ], [ 608146.485780049115419, 688259.297942385193892 ], [ 608153.796968205366284, 688248.585657877847552 ], [ 608158.660523883998394, 688239.98311617190484 ], [ 608167.80474660359323, 688240.094039010815322 ], [ 608180.266302194679156, 688237.037388055119663 ], [ 608192.73410853324458, 688234.844075240893289 ], [ 608195.361529479268938, 688240.049591926392168 ], [ 608197.893258164869621, 688243.717222137958743 ], [ 608208.127378845703788, 688248.369602063554339 ], [ 608210.100823533954099, 688253.768023949349299 ], [ 608213.528744052513503, 688257.119242717395537 ], [ 608219.072958637261763, 688254.931762695545331 ], [ 608219.394379197619855, 688249.682771372143179 ], [ 608220.776149913668633, 688246.352100372663699 ], [ 608243.586499096592888, 688240.420189506141469 ], [ 608255.839722004719079, 688231.941325186286122 ], [ 608255.285931264050305, 688228.447553393198177 ], [ 608279.810280690784566, 688232.963413015240803 ], [ 608300.900603272253647, 688239.131262575392611 ], [ 608359.507802914362401, 688276.352982516633347 ], [ 608392.678980249911547, 688283.839374440838583 ], [ 608457.343960362137295, 688250.98458962677978 ], [ 608483.0477776551852, 688210.984080727677792 ], [ 608492.646657852223143, 688206.719651218387298 ], [ 608497.810678950860165, 688207.501464613829739 ], [ 608505.032733325613663, 688206.375636275974102 ], [ 608538.414737923652865, 688218.166559565113857 ], [ 608568.250974998809397, 688235.17444859968964 ], [ 608597.88224939419888, 688260.408065353869461 ], [ 608608.974303302704357, 688271.175573593238369 ], [ 608656.060677354806103, 688321.808273510774598 ], [ 608688.302581944270059, 688361.700583625817671 ], [ 608712.182555249426514, 688391.237380847567692 ], [ 608715.884148611454293, 688397.376081574358977 ], [ 608735.055385208455846, 688429.1717072481988 ], [ 608798.848592697759159, 688534.984658335917629 ], [ 608838.206828025053255, 688629.617111193714663 ], [ 608876.628713992075063, 688721.976202019723132 ], [ 608877.661330310511403, 688724.459273709682748 ], [ 608896.150692460825667, 688776.139769854024053 ], [ 608929.979167099110782, 688870.679432508884929 ], [ 608970.60611497471109, 689080.098930568550713 ], [ 608957.843214674270712, 689229.21180927567184 ], [ 608955.458336741197854, 689237.098985347663984 ], [ 608898.087244853377342, 689426.77971566549968 ], [ 608831.929690475924872, 689585.066051677451469 ], [ 608798.265093915746547, 689633.458487879368477 ], [ 608771.766631149570458, 689671.549499612767249 ], [ 608691.114880366018042, 689754.362096507335082 ], [ 608589.230576453963295, 689810.950948403100483 ], [ 608497.679526339285076, 689840.590315972920507 ], [ 608357.714368737768382, 689840.173590353340842 ], [ 608299.707821608171798, 689831.295030797366053 ], [ 608244.82867999386508, 689871.938635908300057 ], [ 608211.179493036237545, 689876.908517027390189 ], [ 608183.983080059289932, 689878.234348287223838 ], [ 607947.615130614256486, 689669.558831755886786 ], [ 607931.628318547969684, 689684.83918160374742 ], [ 607950.285689115058631, 689774.052476907381788 ], [ 608057.791532566887327, 689899.880132785299793 ], [ 608027.10993103205692, 689927.841186006902717 ], [ 607970.86231053317897, 689951.6374714236008 ], [ 607891.911012761411257, 689963.699425600236282 ], [ 607884.84201934246812, 690004.783300453098491 ], [ 607845.906139716040343, 690006.526811636984348 ], [ 607841.744899421348237, 690066.694629676407203 ], [ 607885.710674297064543, 690114.359656055807136 ], [ 607978.031151492963545, 690220.350817554513924 ], [ 608054.716958157485351, 690308.601442116079852 ], [ 608144.240550331305712, 690421.232912712497637 ], [ 608213.711211557034403, 690447.384190042386763 ], [ 608183.618648232426494, 690518.67576137476135 ], [ 608199.403541644918732, 690631.841316893347539 ], [ 608253.785311568062752, 690642.561107410350814 ], [ 608381.623709243256599, 690777.76294917485211 ], [ 608427.516566084930673, 690804.373198989080265 ], [ 608443.32472707121633, 690852.220838903798722 ], [ 608452.205084784887731, 690887.665945654152893 ], [ 608487.427416969789192, 690960.267515263520181 ], [ 608484.539979106863029, 691024.366651210584678 ], [ 608542.612854111474007, 691113.207544565666467 ], [ 608630.97875835490413, 691164.416907622828148 ], [ 608696.963772440794855, 691242.608182680094615 ], [ 608803.196524735423736, 691313.8018281966215 ], [ 608828.455649863113649, 691409.122986184083857 ], [ 608965.87727864284534, 691470.33000773540698 ], [ 609022.187180991168134, 691527.61632657086011 ], [ 609133.764972465345636, 691567.946211949340068 ], [ 609207.731043612584472, 691580.664179003913887 ], [ 609274.861601579235867, 691612.857580295065418 ], [ 609340.986636006738991, 691615.426762061775662 ], [ 609500.803050855756737, 691694.751682893023826 ], [ 609602.472380293998867, 691747.829274217947386 ], [ 609675.656063696369529, 691765.070757018984295 ], [ 609798.692724240710959, 691752.977141182054766 ], [ 609900.54228861653246, 691708.736482010455802 ], [ 610026.427917431574315, 691632.324218573514372 ], [ 610154.000694895512424, 691570.046895557781681 ], [ 610272.707640761276707, 691537.476356660015881 ], [ 610331.613030385342427, 691539.856848139315844 ], [ 610373.089798840461299, 691527.274685472133569 ], [ 610410.122823897283524, 691505.094257923774421 ], [ 610482.483162936521694, 691460.114830695441924 ], [ 610552.785852330154739, 691445.246861000545323 ], [ 610591.347954296972603, 691389.860048679984175 ], [ 610562.079941352596506, 691356.728553841589019 ], [ 610493.475381491705775, 691282.091755397734232 ], [ 610540.633431662339717, 691216.781212912872434 ], [ 610541.834392273449339, 691146.440437631332316 ], [ 610532.57040280115325, 691087.730154568096623 ], [ 610488.753604291472584, 691006.330960492487065 ], [ 610441.331897605094127, 690904.081483857240528 ], [ 610404.074985177256167, 690773.34570058376994 ], [ 610421.601800225442275, 690695.17361448938027 ], [ 610464.88046701787971, 690650.401383777847514 ], [ 610695.841608236311004, 690535.135295799467713 ], [ 610915.255139838322066, 690487.142469103564508 ], [ 611062.987354115117341, 690491.053353705327027 ], [ 611214.563364077708684, 690503.450151465949602 ], [ 611302.281470146146603, 690550.370235899928957 ], [ 611360.298469888861291, 690626.966382744023576 ], [ 611588.198090571910143, 690789.751416616491042 ], [ 611694.283166442532092, 690940.027229208732024 ], [ 611780.317854855558835, 691099.344515820033848 ], [ 611808.725303629413247, 691248.973649818683043 ], [ 611756.493920534383506, 691344.778706807177514 ], [ 611680.92030437127687, 691399.151495498837903 ], [ 611609.432006934192032, 691512.648313120589592 ], [ 611557.155634134891443, 691743.949611304677092 ], [ 611604.665627603884786, 691816.414657426881604 ], [ 611730.142658607801422, 691905.929163773311302 ], [ 611863.625801506452262, 691958.960021282429807 ], [ 611939.544880063738674, 692024.351800964679569 ], [ 612012.354015770601109, 692042.888640095829032 ], [ 612099.456593667156994, 692078.681313140550628 ], [ 612400.84420024883002, 692274.332031341386028 ], [ 612473.08289582177531, 692380.430272507132031 ], [ 612475.307955681695603, 692470.084531500120647 ], [ 612406.228792040143162, 692481.273221039678901 ], [ 612369.961479065474123, 692564.368266013450921 ], [ 612390.628594679525122, 692601.41492057335563 ], [ 612403.433111590333283, 692642.988686483236961 ], [ 612404.254529049387202, 692654.616430494002998 ], [ 612406.779075340367854, 692690.561864390852861 ], [ 612387.138793960679322, 692734.997915109153837 ], [ 612379.194843037519604, 692748.989576273248531 ], [ 612368.661979101132601, 692767.526645995094441 ], [ 612341.459210678818636, 692818.546582375653088 ], [ 612322.374475807533599, 692853.27129622339271 ], [ 612327.69929022656288, 692892.174619207857177 ], [ 612363.817656188737601, 692951.970191234140657 ], [ 612383.843681964906864, 693036.2195921553066 ], [ 612581.995295466738753, 693148.463221325888298 ], [ 612611.048408165341243, 693218.127033669152297 ], [ 612630.065366251510568, 693318.411720980075188 ], [ 612605.571421544766054, 693406.083983621560037 ], [ 612621.024136250372976, 693533.092151370714419 ], [ 612711.965387824107893, 693574.893298124312423 ], [ 612747.511975851259194, 693607.718462395248935 ], [ 612753.712719396804459, 693658.669973916374147 ], [ 612797.075865913648158, 693739.336110410513356 ], [ 612801.468575232662261, 693767.531342233996838 ], [ 612796.969235225231387, 693805.59599434689153 ], [ 612767.281359345768578, 693832.170319436001591 ], [ 612733.292201742297038, 693827.006741740973666 ], [ 612661.927504368359223, 693828.060313906986266 ], [ 612667.300890611950308, 693875.530880106962286 ], [ 612719.780139915645123, 693954.206972608109936 ], [ 612772.716705908649601, 694006.203667112626135 ], [ 612857.770369817037135, 694076.815144554479048 ], [ 612976.839136842405424, 694210.869176737731323 ], [ 613076.175757946330123, 694253.952683089999482 ], [ 613209.170473805745132, 694360.924543726607226 ], [ 613335.914138335501775, 694424.838120443164371 ], [ 613373.454850112088025, 694403.047025201143697 ], [ 613456.321690094424412, 694353.001826512860134 ], [ 613632.60581506753806, 694432.511510754702613 ], [ 613774.116028321092017, 694378.794197923270985 ], [ 613784.397423602640629, 694340.744881271384656 ], [ 613843.203506531659514, 694197.844558333745226 ], [ 613887.559479347895831, 694102.818733470048755 ], [ 613978.497245064005256, 694032.264174767653458 ], [ 614105.310211328789592, 694007.209431010996923 ], [ 614465.744148507714272, 694001.890113552333787 ], [ 614596.147357259644195, 694051.263918245327659 ], [ 614683.970855642110109, 694150.588244383689016 ], [ 614704.735769285471179, 694263.880153443780728 ], [ 614789.015141561394557, 694237.263992800028063 ], [ 614860.109818323631771, 694197.279210315318778 ], [ 614926.250976491253823, 694171.408632447361015 ], [ 615005.465687449555844, 694167.265229111653753 ], [ 615059.444138879538514, 694193.536502324044704 ], [ 615129.231517862994224, 694186.126757850637659 ], [ 615234.701954832067713, 694124.609946046723053 ], [ 615235.330158402677625, 694042.340705155278556 ], [ 615244.527452244306915, 694008.599319611210376 ], [ 615244.527452244306915, 687436.891231601592153 ] ] ] } },
{ "type": "Feature", "properties": { "cell_id": 2, "parish": "Westmoreland", "centroid_x": 620291.73224138538, "centroid_y": 675279.14443355065, "land_area_km2": 41.348494899832403, "total_buildings": 22, "damaged_buildings": 10, "Damage_Ratio": 0.45454545454545453, "Dist_km": 7.7882977631921522, "Delta_P": 107.09690272528019, "DeltaP_x_Dist": 834.10256794010718, "Pop_Dens": 96.318837267287236, "ln_Pop_Dens": 4.5779925703232678, "Delta_P_c": -6.2810373380193596, "Dist_km_c": -45.273631565841832, "DeltaP_x_Dist_c": 284.36537029278441, "hat_y_ols": 0.42365393637380272, "hat_y_frac": 0.43155168475156702, "residual_frac": 0.022993769793887453, "abs_residual_frac": 0.022993769793887453, "basis_risk_category": "Concordant Alignment" }, "geometry": { "type": "Polygon", "coordinates": [ [ [ 615244.527452244306915, 677436.891231601592153 ], [ 625244.527452244306915, 677436.891231601592153 ], [ 625244.527452244306915, 673941.14419193402864 ], [ 625235.855851197033189, 673950.462802866240963 ], [ 625038.053200871683657, 673974.66730643354822 ], [ 624938.763202109490521, 674002.097241524374112 ], [ 624931.323740156833082, 674028.144788264646195 ], [ 624931.097077658516355, 674095.443234817590564 ], [ 624920.718983585131355, 674136.728836853522807 ], [ 624906.371945672668517, 674084.786917232093401 ], [ 624844.05326361884363, 674055.974510657950304 ], [ 624785.497286289464682, 674034.996974570327438 ], [ 624717.807362514431588, 673995.01785441476386 ], [ 624523.648389087757096, 673976.833731443970464 ], [ 624323.049017720273696, 673944.104402162018232 ], [ 624120.099715474294499, 673873.327338611125015 ], [ 623962.371150698279962, 673797.745730668888427 ], [ 623863.920108825201169, 673771.32704595499672 ], [ 623709.184204533230513, 673720.521855981438421 ], [ 623495.318328091176227, 673689.834483032813296 ], [ 623323.548301027738489, 673655.158454229938798 ], [ 623006.149695628904738, 673607.745580694288947 ], [ 622626.814023039187305, 673521.258344157249667 ], [ 622488.460839380510151, 673469.17204358719755 ], [ 622447.451434711925685, 673445.176371501642279 ], [ 622432.533926476491615, 673420.457628936273977 ], [ 622429.578039449406788, 673401.870566172641702 ], [ 622425.169622400775552, 673369.76714407291729 ], [ 622306.624492354225367, 673304.127103009610437 ], [ 622138.26636778190732, 673235.4808173479978 ], [ 621972.237618604907766, 673159.238792825723067 ], [ 621799.827645833371207, 673066.647316572722048 ], [ 621768.42152764799539, 673040.985355032724328 ], [ 621670.786247595096938, 672985.085637463838793 ], [ 621601.574368252186105, 672954.93399207550101 ], [ 621554.381198398652487, 672935.219940942130052 ], [ 621521.899898828938603, 672919.914538079872727 ], [ 621456.458543899469078, 672892.14058758772444 ], [ 621390.393508702283725, 672854.785556389251724 ], [ 621316.369717468624003, 672816.918466712348163 ], [ 621241.010507296072319, 672804.496014676638879 ], [ 621152.587796299951151, 672777.77051530207973 ], [ 620984.523767147678882, 672708.512360442080535 ], [ 620958.820317166624591, 672700.900242465897463 ], [ 620872.79581687587779, 672675.433111293823458 ], [ 620737.811113881529309, 672612.810765667352825 ], [ 620608.387623825808987, 672548.22672886622604 ], [ 620515.269603663822636, 672501.235308011760935 ], [ 620426.280979843344539, 672432.44516278419178 ], [ 620325.401158034685068, 672379.672784555354156 ], [ 620241.284752817242406, 672351.93781678203959 ], [ 620129.315864554955624, 672313.330106267239898 ], [ 619986.15648139861878, 672204.002345179906115 ], [ 619795.430030069546774, 672111.89305292617064 ], [ 619613.8624008288607, 672053.074334687436931 ], [ 619483.915075260913, 672020.588992964127101 ], [ 619070.828010403551161, 672064.174065803876147 ], [ 619020.297548815142363, 672060.283239631680772 ], [ 619006.674159545334987, 672060.650933416793123 ], [ 618987.645563169266097, 672057.955539360642433 ], [ 618960.403815522091463, 672057.860805091797374 ], [ 618933.212951796827838, 672065.380947472644038 ], [ 618896.924886950990185, 672069.851663156761788 ], [ 618860.914912136271596, 672073.191592224757187 ], [ 618848.462367140804417, 672077.790831798803993 ], [ 618838.299994705826975, 672086.315177119569853 ], [ 618814.600354721653275, 672106.496725770528428 ], [ 618784.383266925578937, 672128.13868152233772 ], [ 618751.624295102083124, 672150.915620134328492 ], [ 618719.388354699825868, 672168.055208531673998 ], [ 618702.702980192610994, 672177.198852827656083 ], [ 618688.558656836627051, 672183.491943913279101 ], [ 618672.979848864255473, 672187.2599458565237 ], [ 618655.408577334135771, 672190.48787378158886 ], [ 618634.960605544736609, 672187.514543720986694 ], [ 618619.891540605109185, 672183.675061462447047 ], [ 618603.517475842498243, 672195.063626675633714 ], [ 618593.937855942640454, 672205.277689586626366 ], [ 618584.589137986535206, 672207.321600049734116 ], [ 618572.691693043801934, 672211.065016887150705 ], [ 618560.224171485053375, 672213.406551884603687 ], [ 618548.275700535625219, 672209.535144045366906 ], [ 618538.932627134374343, 672212.420250403578393 ], [ 618528.417889906559139, 672209.380457107909024 ], [ 618525.552651023026556, 672204.894751746905968 ], [ 618512.426856707083061, 672194.25728794222232 ], [ 618510.691585585242137, 672189.476226789294742 ], [ 618509.189029686967842, 672176.801710024825297 ], [ 618496.64657787035685, 672169.547330999281257 ], [ 618482.47025332832709, 672171.05916014732793 ], [ 618453.091486589517444, 672189.862454269896261 ], [ 618441.763552579446696, 672198.073836403200403 ], [ 618443.475568152498454, 672210.425954995909706 ], [ 618434.348653325694613, 672225.031285866629332 ], [ 618421.143123420304619, 672237.206757649430074 ], [ 618405.480211875285022, 672252.077321760356426 ], [ 618392.088588943355717, 672269.622323307208717 ], [ 618392.845744824619032, 672281.560240006772801 ], [ 618392.318293923861347, 672303.85589859681204 ], [ 618386.639591504586861, 672329.407080204109661 ], [ 618377.113459736574441, 672352.29441807733383 ], [ 618368.264444364816882, 672375.188285806099884 ], [ 618360.279136035358533, 672399.094671075697988 ], [ 618349.704651143401861, 672428.121055632596835 ], [ 618347.580645108479075, 672447.383576852502301 ], [ 618339.576708641834557, 672462.202792093041353 ], [ 618330.885291860089637, 672475.465955944848247 ], [ 618327.055919593898579, 672475.491663368418813 ], [ 618322.641150685609318, 672489.168864499311894 ], [ 618316.885982810868882, 672503.308878049254417 ], [ 618300.286673926864751, 672512.596186043694615 ], [ 618291.793370858184062, 672522.271817090222612 ], [ 618285.673525337944739, 672549.840482172905467 ], [ 618248.012982544023544, 672597.090637096203864 ], [ 618224.939282602164894, 672623.655290741589852 ], [ 618207.610453626955859, 672625.111022326163948 ], [ 618188.291297695366666, 672631.062922334531322 ], [ 618170.909953311434947, 672681.364711464731954 ], [ 618165.016998969484121, 672685.99778453737963 ], [ 618162.842508325236849, 672692.996679251198657 ], [ 618162.864753054105677, 672696.306037278380245 ], [ 618166.942292185034603, 672697.009156191605143 ], [ 618172.716548421420157, 672703.04699940525461 ], [ 618174.410661247442476, 672707.994339991477318 ], [ 618173.159616426564753, 672713.88016841490753 ], [ 618170.59636375750415, 672718.125597243546508 ], [ 618168.575235006865114, 672719.611304255900905 ], [ 618165.597257020417601, 672717.240506007685326 ], [ 618155.317787680774927, 672728.710248777875677 ], [ 618142.625477039488032, 672746.339284487534314 ], [ 618132.527560346177779, 672750.192630646750331 ], [ 618130.897660879651085, 672754.797053172718734 ], [ 618136.645867272280157, 672756.961055493564345 ], [ 618129.295508362352848, 672765.101612318307161 ], [ 618124.899103951989673, 672770.466231686878018 ], [ 618122.322250339318998, 672772.686207036371343 ], [ 618117.30588905850891, 672769.23333158751484 ], [ 618116.068995995214209, 672778.79384060529992 ], [ 618109.661891184747219, 672788.765448327874765 ], [ 618057.829759664833546, 672820.725953646469861 ], [ 618032.294128133566119, 672835.065547600039281 ], [ 618027.707358817220666, 672840.431470450595953 ], [ 618027.928672679699957, 672845.023446179111488 ], [ 617939.97026607056614, 672856.484844734775834 ], [ 617924.784255587379448, 672855.646270622964948 ], [ 617918.278215277357958, 672850.908451945171691 ], [ 617913.66792662627995, 672852.776885552331805 ], [ 617914.074090047273785, 672858.109210958704352 ], [ 617907.972945797489956, 672858.515563593362458 ], [ 617903.292148230830207, 672851.485327579081059 ], [ 617892.371133199660107, 672847.773426221450791 ], [ 617884.929282125318423, 672842.311394890770316 ], [ 617893.527928671450354, 672827.908583196345717 ], [ 617886.647907349164598, 672822.619864553678781 ], [ 617880.040079026017338, 672829.471558348159306 ], [ 617875.615806481568143, 672832.257440790184774 ], [ 617864.121838387101889, 672828.294837265391834 ], [ 617852.881361371604726, 672833.694560100906529 ], [ 617846.090598959242925, 672841.654357154504396 ], [ 617842.099738331511617, 672853.81242340838071 ], [ 617842.68760258005932, 672857.848497993312776 ], [ 617852.326724368729629, 672861.281225311337039 ], [ 617841.678471329971217, 672872.930718822171912 ], [ 617833.580348810064606, 672879.969568417989649 ], [ 617831.291788982925937, 672885.718520661932416 ], [ 617809.773672756040469, 672887.114288216689602 ], [ 617792.594707437674515, 672890.362490563536994 ], [ 617775.49006574251689, 672904.634524518856779 ], [ 617745.695556130027398, 672907.015922099701129 ], [ 617739.198953799204901, 672925.643897041096352 ], [ 617723.53376320307143, 672935.312804704066366 ], [ 617704.912145738839172, 672939.533781682839617 ], [ 617679.701711915084161, 672962.815069769392721 ], [ 617650.768978836480528, 672978.450973607017659 ], [ 617626.191019869875163, 672981.007656654459424 ], [ 617610.612114550545812, 672975.235385052626953 ], [ 617615.222791979438625, 672965.59672409365885 ], [ 617596.63115154649131, 672931.940875255619176 ], [ 617582.6912623164244, 672921.375929282745346 ], [ 617577.263582080136985, 672911.84931027982384 ], [ 617569.255046870792285, 672888.271937665645964 ], [ 617557.076054213917814, 672879.997387849609368 ], [ 617550.93523484794423, 672874.526697000488639 ], [ 617542.637504928745329, 672878.622769777430221 ], [ 617537.223473018384539, 672871.121622488833964 ], [ 617531.119872946757823, 672871.162845469778404 ], [ 617523.882016900926828, 672867.725124943535775 ], [ 617517.243228855310008, 672869.972617005347274 ], [ 617523.032438425463624, 672878.201751802582294 ], [ 617517.1459755981341, 672883.764740210259333 ], [ 617510.347814884735271, 672890.606777216191404 ], [ 617510.775171329500154, 672899.060295319301076 ], [ 617505.795184702728875, 672902.569474364980124 ], [ 617505.100209783762693, 672907.743202110519633 ], [ 617511.221144098439254, 672910.269767458317801 ], [ 617510.558204045402817, 672918.619964922661893 ], [ 617513.134448315249756, 672919.454843983286992 ], [ 617507.999610554776154, 672926.661978803225793 ], [ 617504.11489354155492, 672926.31188918184489 ], [ 617498.91736186016351, 672922.672228437382728 ], [ 617493.38747000542935, 672926.207262993324548 ], [ 617488.394591073389165, 672926.24099540989846 ], [ 617482.454044373356737, 672922.230026826262474 ], [ 617478.209112344658934, 672923.365567661589012 ], [ 617479.740346850943752, 672932.365056665381417 ], [ 617483.107231256901287, 672937.489204041892663 ], [ 617488.114988303626888, 672939.658019870985299 ], [ 617485.749797714408487, 672945.00906201521866 ], [ 617486.157272436073981, 672950.518468685913831 ], [ 617489.689099289244041, 672953.438852699007839 ], [ 617490.267087990534492, 672956.002861503860913 ], [ 617486.961079107248224, 672959.888136965804733 ], [ 617482.35706353187561, 672962.67532361485064 ], [ 617476.037060489528812, 672958.866155334282666 ], [ 617463.679854488116689, 672963.354955777293071 ], [ 617456.850774498074315, 672965.614823351963423 ], [ 617436.349704390391707, 672970.346843969076872 ], [ 617420.178169118007645, 672970.810347477556206 ], [ 617413.097082477645017, 672978.041732812998816 ], [ 617411.309288542484865, 672987.428918229299597 ], [ 617408.58002693078015, 672993.690056202583946 ], [ 617400.829397361376323, 672995.768007384496741 ], [ 617396.792898806394078, 673001.130360225681216 ], [ 617391.262400510371663, 673003.005139093846083 ], [ 617385.874462122330442, 672999.366795260109939 ], [ 617382.189491871162318, 673001.959625536692329 ], [ 617383.51362145319581, 673006.920471465098672 ], [ 617382.633066938724369, 673012.803849520278163 ], [ 617376.563115037046373, 673017.814692690968513 ], [ 617368.083184723625891, 673021.546809212421067 ], [ 617364.958236061851494, 673025.607978978543542 ], [ 617361.260273631080054, 673024.714293591910973 ], [ 617361.016424705972895, 673016.812965501099825 ], [ 617359.503156966879033, 673012.0415662182495 ], [ 617353.395857994444668, 673011.529440046986565 ], [ 617346.116435107542202, 673009.763423551688902 ], [ 617344.9445257675834, 673019.489576619234867 ], [ 617316.812308055348694, 673053.328402861952782 ], [ 617236.939100869349204, 673149.457315997802652 ], [ 617233.21706197806634, 673260.644451391650364 ], [ 617190.785608380334452, 673269.819816982722841 ], [ 617153.536374335642904, 673383.447770191240124 ], [ 617002.543473628000356, 673544.534182023606263 ], [ 616873.401296825380996, 673629.885955323465168 ], [ 616825.536927914479747, 673828.051231972989626 ], [ 616772.319021552801132, 673895.112126323278062 ], [ 616779.538574263104238, 673970.639573664055206 ], [ 616748.591432943241671, 674024.200533928815275 ], [ 616818.485739286988974, 674105.976651380420662 ], [ 616835.920500386389904, 674146.81214231136255 ], [ 616781.192110039992258, 674267.012673770892434 ], [ 616698.121702934382483, 674341.393750100862235 ], [ 616595.672352712252177, 674356.534917539102025 ], [ 616637.798022768460214, 674494.108097943011671 ], [ 616627.649641493102536, 674544.804994576610625 ], [ 616642.507027697050944, 674572.165216100169346 ], [ 616640.456565996399149, 674583.292058076825924 ], [ 616636.403070016996935, 674635.851316337939352 ], [ 616582.527147868997417, 674714.605772016686387 ], [ 616586.91725287726149, 674728.655200024484657 ], [ 616572.852418204071, 674740.066830192343332 ], [ 616552.602780420798808, 674762.769734231638722 ], [ 616461.173682649969123, 674811.507412783801556 ], [ 616418.817375199170783, 674823.406865813070908 ], [ 616372.244493085425347, 674834.316827408736572 ], [ 616325.017707771155983, 674843.947396163013764 ], [ 616277.160689618671313, 674848.014855336979963 ], [ 616196.817667301511392, 674848.651400472503155 ], [ 616170.218831991776824, 674852.308445881935768 ], [ 616119.13433715433348, 674853.077726687421091 ], [ 616085.150198077666573, 674848.671999786281958 ], [ 616087.434916598722339, 674839.158171880641021 ], [ 616061.081274290569127, 674770.514738593134098 ], [ 616019.197913869749755, 674769.561145372805186 ], [ 615953.909638877841644, 674680.8937536876183 ], [ 615887.627926353830844, 674730.104218957712874 ], [ 615725.712554918136448, 674725.002640546415932 ], [ 615707.921030335593969, 674757.455932542099617 ], [ 615587.731107736937702, 674767.026614819536917 ], [ 615538.19109332957305, 674783.181420204462484 ], [ 615520.371693171560764, 674794.891253819456324 ], [ 615490.289263720391318, 674824.241268677287735 ], [ 615463.050912655191496, 674830.261278838850558 ], [ 615444.980127648450434, 674814.792199538904242 ], [ 615373.064593496499583, 674839.54795680870302 ], [ 615373.713382696150802, 674847.344479101710021 ], [ 615286.884040791192092, 674869.214645815314725 ], [ 615244.527452244306915, 674884.040823109215125 ], [ 615244.527452244306915, 677436.891231601592153 ] ] ] } },
{ "type": "Feature", "properties": { "cell_id": 3, "parish": "Westmoreland", "centroid_x": 620244.52745224431, "centroid_y": 682436.89123160159, "land_area_km2": 100.0, "total_buildings": 60, "damaged_buildings": 20, "Damage_Ratio": 0.33333333333333331, "Dist_km": 2.9166040413589545, "Delta_P": 105.38339260246369, "DeltaP_x_Dist": 307.36162875646295, "Pop_Dens": 96.039506392045453, "ln_Pop_Dens": 4.5751181779786432, "Delta_P_c": -7.9945474608358751, "Dist_km_c": -50.145325287675035, "DeltaP_x_Dist_c": 400.88918295137142, "hat_y_ols": 0.40360816617380546, "hat_y_frac": 0.423435441181786, "residual_frac": -0.090102107848452684, "abs_residual_frac": 0.090102107848452684, "basis_risk_category": "Concordant Alignment" }, "geometry": { "type": "Polygon", "coordinates": [ [ [ 615244.527452244306915, 677436.891231601592153 ], [ 615244.527452244306915, 687436.891231601592153 ], [ 625244.527452244306915, 687436.891231601592153 ], [ 625244.527452244306915, 677436.891231601592153 ], [ 615244.527452244306915, 677436.891231601592153 ] ] ] } },
{ "type": "Feature", "properties": { "cell_id": 4, "parish": "Hanover", "centroid_x": 620448.54134587268, "centroid_y": 692254.45688690466, "land_area_km2": 95.224386335297368, "total_buildings": 48, "damaged_buildings": 20, "Damage_Ratio": 0.41666666666666669, "Dist_km": 3.9611080913468228, "Delta_P": 103.09333215318247, "DeltaP_x_Dist": 408.36383215587665, "Pop_Dens": 96.020490975215523, "ln_Pop_Dens": 4.5749222033610124, "Delta_P_c": -10.284607910117089, "Dist_km_c": -49.100821237687164, "DeltaP_x_Dist_c": 504.98269449436253, "hat_y_ols": 0.34915807425392653, "hat_y_frac": 0.36883379362520458, "residual_frac": 0.047832873041462109, "abs_residual_frac": 0.047832873041462109, "basis_risk_category": "Concordant Alignment" }, "geometry": { "type": "Polygon", "coordinates": [ [ [ 625244.527452244306915, 697436.891231601592153 ], [ 625244.527452244306915, 687436.891231601592153 ], [ 615244.527452244306915, 687436.891231601592153 ], [ 615244.527452244306915, 694008.599319611210376 ], [ 615254.625207643955946, 693971.554481864790432 ], [ 615269.827811883878894, 693923.377213322091848 ], [ 615343.245955036953092, 693801.401163477567025 ], [ 615352.605119422776625, 693736.306421613553539 ], [ 615465.517104493686929, 693693.10326879110653 ], [ 615520.458641263190657, 693653.287217969074845 ], [ 615549.07863561809063, 693619.894853739649989 ], [ 615551.551682984805666, 693582.973826781148091 ], [ 615541.548726629815064, 693563.605303413700312 ], [ 615581.026816203258932, 693534.034768594661728 ], [ 615625.149282094324008, 693519.076750233769417 ], [ 615671.553554829210043, 693508.619339988217689 ], [ 615727.192232386209071, 693519.506199271883816 ], [ 615825.659498382592574, 693568.752821758389473 ], [ 616017.659431010717526, 693706.155639930744655 ], [ 616150.474691527429968, 693862.959019681322388 ], [ 616216.255830503068864, 694006.805319349397905 ], [ 616212.771767417667434, 694151.180086754262447 ], [ 616181.993068481679074, 694213.576007458963431 ], [ 616221.390340617392212, 694419.832665753434412 ], [ 616195.345941346837208, 694533.268738416023552 ], [ 615943.844274978386238, 694672.675620935973711 ], [ 615855.776521140243858, 694862.027497026370838 ], [ 615776.562947028549388, 695040.228016715729609 ], [ 615640.841667718021199, 695180.063687808811665 ], [ 615587.202677863417193, 695201.219283736660145 ], [ 615530.637535013142042, 695339.472359857871197 ], [ 615606.712434907443821, 695451.30112770118285 ], [ 615663.519485189579427, 695496.228180860867724 ], [ 615706.986906010541134, 695534.328685417189263 ], [ 615728.396994397277012, 695573.233528003212996 ], [ 615703.386341594508849, 695645.685846939799376 ], [ 615756.194203051971272, 695733.156818668125197 ], [ 615760.736687423894182, 695842.487923439708538 ], [ 615811.427792086964473, 695853.973454717430286 ], [ 615831.587000345112756, 695896.993619471089914 ], [ 615839.610467199119739, 695954.61951444693841 ], [ 615999.58519334369339, 696064.635790611384436 ], [ 616071.094492323580198, 696112.197561254957691 ], [ 616128.325084715615958, 696125.22208183130715 ], [ 616151.414502481464297, 696086.920337501913309 ], [ 616103.554673696053214, 696025.780924890888855 ], [ 616112.64883318496868, 695963.45533370913472 ], [ 616155.496981132077053, 695895.729864591849037 ], [ 616272.19993377965875, 695846.029804262565449 ], [ 616367.086682198452763, 695846.278909485088661 ], [ 616474.697476568631828, 695908.871193355764262 ], [ 616527.210872562136501, 695978.547232830547728 ], [ 616537.374114305712283, 696055.883886715746485 ], [ 616534.173222961951979, 696102.506418061326258 ], [ 616606.509330335538834, 696184.810275553609245 ], [ 616568.581856763688847, 696210.328161617508158 ], [ 616578.124360881280154, 696263.272891899221577 ], [ 616535.082400577724911, 696327.456704975105822 ], [ 616528.785789704881608, 696377.188623676309362 ], [ 616549.583456783089787, 696408.77086786122527 ], [ 616603.88052764267195, 696391.4985987523105 ], [ 616660.791520263650455, 696426.045109377708286 ], [ 616725.841001759981737, 696431.513332229224034 ], [ 616759.909605721128173, 696481.811858995002694 ], [ 616817.975759497843683, 696478.096286401618272 ], [ 616872.071807699860074, 696471.662738052080385 ], [ 616922.907568296883255, 696521.891886245924979 ], [ 616994.971729547600262, 696573.947320210631005 ], [ 617216.860334820928983, 696657.363917668000795 ], [ 617302.28827152971644, 696642.251365948584862 ], [ 617380.998216928564943, 696741.328880725195631 ], [ 617524.027742628823034, 696749.238495225436054 ], [ 617665.576716569252312, 696539.563482688274235 ], [ 617661.967481505125761, 696335.30836689856369 ], [ 617641.381204334436916, 696264.384103530319408 ], [ 617787.823872746434063, 696116.852014771895483 ], [ 617977.953104496467859, 696153.31523146177642 ], [ 617980.926182675873861, 696262.092920011375099 ], [ 618019.257820077706128, 696315.132135112653486 ], [ 618088.758385275956243, 696352.409499403671362 ], [ 618128.514241797383875, 696466.40771658171434 ], [ 618057.765225133742206, 696566.859854951035231 ], [ 617995.436470234417357, 696640.446260670083575 ], [ 617920.956135101732798, 696727.928999158670194 ], [ 617801.949354584445246, 696772.675941279972903 ], [ 617713.416854651179165, 696814.616566919838078 ], [ 617674.579150539590046, 696896.23653594602365 ], [ 617663.973381784628145, 697004.475148869212717 ], [ 617790.596211236668751, 697172.622776013682596 ], [ 617985.709671070799232, 697304.268649162491783 ], [ 618140.166259461548179, 697436.891231601592153 ], [ 625244.527452244306915, 697436.891231601592153 ] ] ] } },
{ "type": "Feature", "properties": { "cell_id": 5, "parish": "Westmoreland", "centroid_x": 630341.25477152702, "centroid_y": 675638.15594392456, "land_area_km2": 35.724459250451432, "total_buildings": 14, "damaged_buildings": 9, "Damage_Ratio": 0.6428571428571429, "Dist_km": 0.63757426608170764, "Delta_P": 109.22105021172285, "DeltaP_x_Dist": 69.636530929412544, "Pop_Dens": 69.007960119912795, "ln_Pop_Dens": 4.2486089515829395, "Delta_P_c": -4.1568898515767216, "Dist_km_c": -52.42435506295228, "DeltaP_x_Dist_c": 217.92226953664107, "hat_y_ols": 0.49913719716832461, "hat_y_frac": 0.51718148878147707, "residual_frac": 0.12567565407566583, "abs_residual_frac": 0.12567565407566583, "basis_risk_category": "Severe Under-Coverage" }, "geometry": { "type": "Polygon", "coordinates": [ [ [ 625244.527452244306915, 677436.891231601592153 ], [ 635244.527452244306915, 677436.891231601592153 ], [ 635244.527452244306915, 673947.00806139560882 ], [ 635192.391187012079172, 673938.684856628417037 ], [ 635059.886181563837454, 673843.872984289191663 ], [ 635052.450366305653006, 673719.428615181939676 ], [ 635053.770273213158362, 673563.808209241600707 ], [ 635081.467976698768325, 673328.007720615016297 ], [ 635109.676627812325023, 673181.117916157469153 ], [ 635002.161683084093966, 673152.84806957677938 ], [ 634885.804288538405672, 673144.642622986342758 ], [ 634828.518509617540985, 673291.703476884402335 ], [ 634822.38649123115465, 673389.552178093115799 ], [ 634728.703124825959094, 673432.340120869805105 ], [ 634677.511338281445205, 673474.878619984490797 ], [ 634608.027253766311333, 673448.612120107514784 ], [ 634478.743096594698727, 673522.724433995084837 ], [ 634429.548226721584797, 673525.239037989755161 ], [ 634414.299187395023182, 673594.241664813365787 ], [ 634245.13583819870837, 673730.840127661009319 ], [ 634129.057346707559191, 673769.324676549760625 ], [ 634095.843952393624932, 673825.096122598275542 ], [ 634118.441513580153696, 673864.975401924690232 ], [ 634172.149183428147808, 673869.096626523416489 ], [ 634052.214972475194372, 674012.080490265623666 ], [ 633918.315043316688389, 674059.54866535239853 ], [ 633826.368383188499138, 674017.866563349263743 ], [ 633728.650740885175765, 674134.034576277714223 ], [ 633634.77543702616822, 674143.479399346280843 ], [ 633588.101759566692635, 674192.668345996062271 ], [ 633489.448825685540214, 674151.016553889261559 ], [ 633471.126438299776055, 674077.7630105066346 ], [ 633383.851425677654333, 674069.393713891156949 ], [ 633285.462028134148568, 674072.203777342918329 ], [ 633247.869846317102201, 674143.55408656061627 ], [ 633008.456291009555571, 674124.979911124333739 ], [ 632934.564276992226951, 674109.858442968106829 ], [ 632878.266684182686731, 674045.731278904946521 ], [ 632804.520371606922708, 674055.059876420535147 ], [ 632748.405546905123629, 674019.83200071263127 ], [ 632692.450448474148288, 673977.740824894863181 ], [ 632468.067900871741585, 673936.61416261876002 ], [ 632194.743568986654282, 673901.362536058528349 ], [ 632152.458701838040724, 673853.058810334536247 ], [ 632181.094181083492003, 673802.126361595815979 ], [ 632067.757384025608189, 673845.498972482746467 ], [ 632054.684224465629086, 673805.254832827253267 ], [ 631825.814334063441493, 673827.518921251175925 ], [ 631704.526478671468794, 673741.561170120490715 ], [ 631632.395996863488108, 673720.766876312438399 ], [ 631383.620708751957864, 673720.808845901861787 ], [ 631264.301415694644675, 673714.081714130938053 ], [ 631192.04967884987127, 673689.083719302085228 ], [ 630744.341147286235355, 673622.888098100898787 ], [ 630627.357238417025656, 673588.102909813751467 ], [ 630515.062555175973102, 673588.620688499649987 ], [ 630464.419121428625658, 673570.323039762326516 ], [ 630448.870425407541916, 673551.435235003009439 ], [ 630425.941363910329528, 673625.037041210685857 ], [ 630389.786986243561842, 673647.870569016551599 ], [ 630367.049587883986533, 673640.117366675054654 ], [ 630354.519455516478047, 673633.995408669812605 ], [ 630349.899019005475566, 673620.486747279530391 ], [ 630352.626342516043223, 673606.313421140424907 ], [ 630354.817670097923838, 673594.445625837310217 ], [ 630360.391324362601154, 673576.934370045084506 ], [ 630369.436913306592032, 673558.062642769655213 ], [ 630345.418493227800354, 673541.484570050030015 ], [ 630316.986894073663279, 673531.508180794771761 ], [ 630299.674493455211632, 673525.249413572135381 ], [ 630285.20427130360622, 673530.573162046261132 ], [ 630278.99782212683931, 673536.256011820049025 ], [ 630271.102066768216901, 673544.196093653445132 ], [ 630264.795755945378914, 673533.520227926201187 ], [ 630266.915476416354068, 673513.3957165107131 ], [ 630246.464912870083936, 673505.993956013466232 ], [ 630237.7603233353002, 673475.02193962095771 ], [ 630231.354075018549338, 673447.987367943744175 ], [ 630218.028559227124788, 673462.347186249680817 ], [ 630183.621373352594674, 673437.000054594245739 ], [ 630150.627490617218427, 673423.100303805316798 ], [ 630108.588575342553668, 673416.029855041648261 ], [ 630066.573724214802496, 673412.899755481746979 ], [ 630064.615674952510744, 673369.478712046984583 ], [ 630051.324552500620484, 673330.642950199428014 ], [ 630029.673382693435997, 673317.238533113850281 ], [ 630022.185000961762853, 673350.26863744633738 ], [ 629986.981287162518129, 673327.937372244894505 ], [ 629970.199839704670012, 673358.35684280260466 ], [ 629952.208851589821279, 673398.546200394630432 ], [ 629917.503427133546211, 673440.321094232145697 ], [ 629874.450044732308015, 673452.428101229248568 ], [ 629867.343312129261903, 673495.904655619058758 ], [ 629862.637637815088965, 673539.344370656297542 ], [ 629851.385976748075336, 673529.562277677236125 ], [ 629839.788632717798464, 673534.149299860582687 ], [ 629821.922518170322292, 673535.952257566386834 ], [ 629809.94428941688966, 673526.716999839292839 ], [ 629816.68036812916398, 673514.267865387257189 ], [ 629799.506815580651164, 673489.269616613979451 ], [ 629785.564359610434622, 673490.93787490692921 ], [ 629778.349015598301776, 673497.678580681909807 ], [ 629758.944103980902582, 673491.77624200261198 ], [ 629747.732705121394247, 673467.870480171986856 ], [ 629730.01205078989733, 673446.827123237540945 ], [ 629721.285773873794824, 673453.853829021449201 ], [ 629703.726064852904528, 673462.506452872883528 ], [ 629689.056471604504623, 673476.697780363378115 ], [ 629689.165444332640618, 673494.462150215054862 ], [ 629655.905088956118561, 673500.964219486806542 ], [ 629616.47056219750084, 673530.438299154979177 ], [ 629593.111180503503419, 673562.735864224028774 ], [ 629596.314967083395459, 673621.091790562146343 ], [ 629554.577433407306671, 673616.555379024823196 ], [ 629557.831230844021775, 673638.25191661901772 ], [ 629559.933925649151206, 673658.538748218561523 ], [ 629549.542975962162018, 673675.238612139946781 ], [ 629532.615117436973378, 673681.662731940625235 ], [ 629502.030488532735035, 673700.06947428768035 ], [ 629452.269902613363229, 673729.142462644609623 ], [ 629446.453309969510883, 673751.735950235975906 ], [ 629452.472700953134336, 673762.136608033091761 ], [ 629459.092735690413974, 673777.326264931820333 ], [ 629449.81462894519791, 673790.909078949014656 ], [ 629434.799246019683778, 673795.240639514289796 ], [ 629397.240341278957203, 673795.858965128194541 ], [ 629399.426469061640091, 673781.522797935060225 ], [ 629397.565031906124204, 673729.965798989869654 ], [ 629304.662225569714792, 673727.283146666944958 ], [ 629165.821093508275226, 673699.238045276026241 ], [ 629063.134144080802798, 673730.99578441074118 ], [ 629041.156728080939502, 673793.369866517488845 ], [ 628741.384681960567832, 673779.658588143181987 ], [ 628412.56172932125628, 673770.581534115364775 ], [ 628334.273112644441426, 673768.842259877943434 ], [ 628255.763729287544265, 673731.541356336441822 ], [ 628067.599791427259333, 673683.809349673101678 ], [ 627935.393586342222989, 673644.607787869754247 ], [ 627883.580351277953014, 673584.916556429117918 ], [ 627816.60689075908158, 673603.120865143020637 ], [ 627796.823598368675448, 673658.808336289599538 ], [ 627729.701335722231306, 673654.788185683311895 ], [ 627672.234870156738907, 673764.072333492105827 ], [ 627650.403923603938892, 673850.908635746687651 ], [ 627662.496325746877119, 673995.322366258478723 ], [ 627605.339730956126004, 674155.730602216091938 ], [ 627472.84468036366161, 674301.899445984163322 ], [ 627438.751861782628112, 674339.048330282908864 ], [ 627327.216575864702463, 674384.208166938042268 ], [ 627168.596511822543107, 674411.876272467314266 ], [ 627000.857809181092307, 674410.702777470694855 ], [ 626873.236876263283193, 674387.053090004483238 ], [ 626703.04594339709729, 674352.558959135203622 ], [ 626674.147084152791649, 674379.415953289484605 ], [ 626649.516184200183488, 674375.121285372413695 ], [ 626656.012558385031298, 674341.741849507088773 ], [ 626632.006496594753116, 674334.211247088387609 ], [ 626586.562550349859521, 674322.166761250584386 ], [ 626335.950051164487377, 674301.519698502030224 ], [ 626069.373378367745318, 674232.064631867804565 ], [ 625802.583682673051953, 674129.27595808217302 ], [ 625632.120742833591066, 674052.555116709205322 ], [ 625535.452610390493646, 673973.142510938225314 ], [ 625459.157128649414517, 673925.401040538330562 ], [ 625336.84460349730216, 673897.289127587457187 ], [ 625283.96380543790292, 673898.765393602428958 ], [ 625244.527452244306915, 673941.14419193402864 ], [ 625244.527452244306915, 677436.891231601592153 ] ] ] } },
{ "type": "Feature", "properties": { "cell_id": 6, "parish": "Westmoreland", "centroid_x": 630244.52745224431, "centroid_y": 682436.89123160159, "land_area_km2": 100.0, "total_buildings": 56, "damaged_buildings": 24, "Damage_Ratio": 0.42857142857142855, "Dist_km": 4.3648714691890333, "Delta_P": 107.62293993498736, "DeltaP_x_Dist": 469.76029995247137, "Pop_Dens": 79.736342921401516, "ln_Pop_Dens": 4.3911888198906883, "Delta_P_c": -5.7550001283122043, "Dist_km_c": -48.697057859844953, "DeltaP_x_Dist_c": 280.25157423183452, "hat_y_ols": 0.44791314088292861, "hat_y_frac": 0.46057120726705908, "residual_frac": -0.031999778695630587, "abs_residual_frac": 0.031999778695630587, "basis_risk_category": "Concordant Alignment" }, "geometry": { "type": "Polygon", "coordinates": [ [ [ 625244.527452244306915, 677436.891231601592153 ], [ 625244.527452244306915, 687436.891231601592153 ], [ 635244.527452244306915, 687436.891231601592153 ], [ 635244.527452244306915, 677436.891231601592153 ], [ 625244.527452244306915, 677436.891231601592153 ] ] ] } },
{ "type": "Feature", "properties": { "cell_id": 7, "parish": "Hanover", "centroid_x": 630244.52745224431, "centroid_y": 692436.89123160159, "land_area_km2": 100.0, "total_buildings": 58, "damaged_buildings": 24, "Damage_Ratio": 0.41379310344827586, "Dist_km": 11.21907560893348, "Delta_P": 105.24378566353437, "DeltaP_x_Dist": 1180.7379887295815, "Pop_Dens": 125.15435606060606, "ln_Pop_Dens": 4.8375062052923674, "Delta_P_c": -8.1341543997652082, "Dist_km_c": -41.842853720100507, "DeltaP_x_Dist_c": 340.35623268608754, "hat_y_ols": 0.37332373858518264, "hat_y_frac": 0.37754196285232233, "residual_frac": 0.036251140595953468, "abs_residual_frac": 0.036251140595953468, "basis_risk_category": "Concordant Alignment" }, "geometry": { "type": "Polygon", "coordinates": [ [ [ 625244.527452244306915, 687436.891231601592153 ], [ 625244.527452244306915, 697436.891231601592153 ], [ 635244.527452244306915, 697436.891231601592153 ], [ 635244.527452244306915, 687436.891231601592153 ], [ 625244.527452244306915, 687436.891231601592153 ] ] ] } },
{ "type": "Feature", "properties": { "cell_id": 8, "parish": "Hanover", "centroid_x": 630347.88434738072, "centroid_y": 699104.57087458496, "land_area_km2": 31.141047633315157, "total_buildings": 27, "damaged_buildings": 9, "Damage_Ratio": 0.33333333333333331, "Dist_km": 15.864498420154321, "Delta_P": 103.68058907908596, "DeltaP_x_Dist": 1644.8405416458286, "Pop_Dens": 162.50941685267858, "ln_Pop_Dens": 5.0968705841079815, "Delta_P_c": -9.6973509842135996, "Dist_km_c": -37.197430908879667, "DeltaP_x_Dist_c": 360.71654323444159, "hat_y_ols": 0.32827194116560021, "hat_y_frac": 0.32682555838024802, "residual_frac": 0.0065077749530852991, "abs_residual_frac": 0.0065077749530852991, "basis_risk_category": "Concordant Alignment" }, "geometry": { "type": "Polygon", "coordinates": [ [ [ 635244.527452244306915, 697436.891231601592153 ], [ 625244.527452244306915, 697436.891231601592153 ], [ 625244.527452244306915, 700786.505987130454741 ], [ 625274.042213091393933, 700754.605761247337796 ], [ 625325.945340073551051, 700718.787649344652891 ], [ 625396.559037280618213, 700753.062149076489732 ], [ 625569.730918321874924, 700751.96118586731609 ], [ 625720.711825891514309, 700736.358090698369779 ], [ 625831.267692831112072, 700739.32075373607222 ], [ 625860.228158964077011, 700658.564959396258928 ], [ 625896.515565112233162, 700570.43503217084799 ], [ 625999.477881229249761, 700536.819022783543915 ], [ 626146.786731324158609, 700524.895292149041779 ], [ 626246.525982239749283, 700564.556448943912983 ], [ 626305.66439164057374, 700593.482846779865213 ], [ 626287.774209127877839, 700677.831912353867665 ], [ 626402.063016126397997, 700688.0909142147284 ], [ 626460.946755309705622, 700676.738829169655219 ], [ 626408.904566924204119, 700603.811671294504777 ], [ 626382.739371717441827, 700545.37684096256271 ], [ 626456.428516083513387, 700544.911880679312162 ], [ 626485.310065327212214, 700449.513109394349158 ], [ 626536.959821846219711, 700460.168025826103985 ], [ 626599.623175746295601, 700463.436992947710678 ], [ 626625.823422476532869, 700529.199639216996729 ], [ 626725.607716630911455, 700576.179638435482047 ], [ 626803.259786591632292, 700619.646539503592066 ], [ 626938.460846829344518, 700439.332858367590234 ], [ 626712.622136514633894, 700268.617262242827564 ], [ 626582.91527208709158, 700152.234341479837894 ], [ 626515.99758277379442, 700057.428525374620222 ], [ 626482.261343666934408, 699966.077547189313918 ], [ 626408.166581261786632, 699904.281204064842314 ], [ 626341.732752336305566, 699886.38114452350419 ], [ 626341.07914146350231, 699844.765417484682985 ], [ 626338.76200308080297, 699834.153701944742352 ], [ 626311.498133725952357, 699769.217358832014725 ], [ 626313.044128380483016, 699744.700591921806335 ], [ 626324.85166556504555, 699730.822855247068219 ], [ 626332.888850456802174, 699702.047776259714738 ], [ 626325.633305343566462, 699673.922714216634631 ], [ 626299.743005535914563, 699655.899669602280483 ], [ 626323.698396715335548, 699513.045512169599533 ], [ 626296.591626694775186, 699484.769101177342236 ], [ 626378.959726945962757, 699362.389349327422678 ], [ 626481.29506670567207, 699229.888663044781424 ], [ 626587.975351258879527, 699199.916318075382151 ], [ 626584.792176231043413, 699135.680293100653216 ], [ 626638.913307150360197, 699097.040303091867827 ], [ 626807.376342670875601, 698931.150243274169043 ], [ 627020.661903844447806, 698860.218625141191296 ], [ 627318.843063461012207, 698810.729566962225363 ], [ 627543.548332240548916, 698798.342935190303251 ], [ 627691.397177012520842, 698870.674346729763784 ], [ 627721.636186785530299, 698991.348865460371599 ], [ 627714.742661028867587, 699068.310975132510066 ], [ 627865.579921615193598, 699132.389669559430331 ], [ 627884.699282179586589, 699140.505861550453119 ], [ 628047.702030682237819, 699278.673017432098277 ], [ 628144.918996127205901, 699505.161466013174504 ], [ 628146.103833092493005, 699695.60898647364229 ], [ 628074.985639903112315, 699815.996349105960689 ], [ 627981.106906126951799, 699828.491324457223527 ], [ 627911.946409721043892, 699964.430291042663157 ], [ 627843.083940302603878, 700147.998074362403713 ], [ 627870.033972737379372, 700334.61023485835176 ], [ 627896.811488341540098, 700491.934688997222111 ], [ 627934.523507358506322, 700630.871680668438785 ], [ 628011.113939000642858, 700648.525709499954246 ], [ 628067.659146794700064, 700629.588540547876619 ], [ 628115.274709630059078, 700662.709843441029079 ], [ 628163.534406495396979, 700736.572703577345237 ], [ 628152.683714176644571, 700814.367608431144617 ], [ 628070.185042216093279, 700852.062234923359938 ], [ 628087.35630504146684, 700880.11520398396533 ], [ 628067.267625648295507, 700929.80782169115264 ], [ 628012.818866328569129, 700922.254591893521138 ], [ 627931.409007843350992, 700953.179795424686745 ], [ 627911.791306934785098, 701078.350067193154246 ], [ 627940.437013321206905, 701128.857085933210328 ], [ 627987.94583040883299, 701114.481115366448648 ], [ 628013.097483422607183, 701058.569212504313327 ], [ 628058.30394075345248, 701037.444516576593742 ], [ 628114.984732391545549, 701040.467775809811428 ], [ 628186.159827685682103, 701094.66219796508085 ], [ 628210.805231770500541, 701139.006844596471637 ], [ 628230.089439406525344, 701143.392073302878998 ], [ 628264.052504909224808, 701150.508704427513294 ], [ 628273.302970465505496, 701189.115696870721877 ], [ 628436.025380747392774, 701286.985596739221364 ], [ 628580.289801033795811, 701377.643515142495744 ], [ 628723.952796783298254, 701373.100559533457272 ], [ 628849.27275832532905, 701379.64163477299735 ], [ 628879.037355828797445, 701427.065900821355172 ], [ 628952.723182900808752, 701426.610332633019425 ], [ 629066.847906662849709, 701411.260824805358425 ], [ 629114.071918944362551, 701301.097027279669419 ], [ 629257.600052265101112, 701274.575521836522967 ], [ 629342.255533552728593, 701259.409332855371758 ], [ 629438.636160173453391, 701354.032488567987457 ], [ 629439.267385813058354, 701456.573088073637336 ], [ 629495.00487500266172, 701533.138433056650683 ], [ 629594.957240014569834, 701609.432065948145464 ], [ 629646.579755793791264, 701616.44253248651512 ], [ 629616.389553889865056, 701499.428028267808259 ], [ 629531.081695706117898, 701408.399747410323471 ], [ 629548.940121473860927, 701316.737085078260861 ], [ 629711.14824876585044, 701330.384606082458049 ], [ 629752.296789214015007, 701432.676387653686106 ], [ 629823.138243166031316, 701567.749946562340483 ], [ 629977.253186097368598, 701464.260364472516812 ], [ 630124.422801996348426, 701430.39511787565425 ], [ 630260.633853967068717, 701411.253512949682772 ], [ 630356.047262567211874, 701348.406521629425697 ], [ 630325.693773568375036, 701205.766978755360469 ], [ 630422.33817860041745, 701344.337778772460297 ], [ 630488.617394098662771, 701336.616518366266973 ], [ 630535.916544049745426, 701237.436332949786447 ], [ 630628.024719970417209, 701236.874708355404437 ], [ 630577.127977206720971, 701350.721066539990716 ], [ 630621.38853522320278, 701357.778992978623137 ], [ 630657.762948570889421, 701280.648986395914108 ], [ 630694.918461081106216, 701331.694823291618377 ], [ 630790.980087524163537, 701375.054330589831807 ], [ 630875.725351502071135, 701374.53868507349398 ], [ 630878.98857102857437, 701304.938281673472375 ], [ 630937.828347802395001, 701286.261079749558121 ], [ 630960.504592623910867, 701381.350964674493298 ], [ 631034.023181194788776, 701351.604255570913665 ], [ 631114.693621770711616, 701288.850544495042413 ], [ 631176.864651534822769, 701211.56495122355409 ], [ 631172.022776417434216, 701021.150045861373655 ], [ 631315.388673744164407, 700965.344687648117542 ], [ 631488.492235820973292, 700953.315893702674657 ], [ 631584.177482810453512, 700934.417737870244309 ], [ 631583.579655843204819, 700835.540928474627435 ], [ 631679.199234207044356, 700805.663080501486547 ], [ 631731.353862582240254, 700900.575673225801438 ], [ 631779.168814874137752, 700885.631483017117716 ], [ 631782.424783771042712, 700816.03136816015467 ], [ 631903.773588639916852, 700775.00770532747265 ], [ 632010.531262977514416, 700759.719831129768863 ], [ 632028.688594955601729, 700715.655008910689503 ], [ 632124.441662025055848, 700707.750730785424821 ], [ 632169.231900901068002, 700802.708782468456775 ], [ 632279.632103953743353, 700780.07270792988129 ], [ 632294.04806024977006, 700725.050063189119101 ], [ 632349.402377983322367, 700739.361902968143113 ], [ 632371.884952386957593, 700801.490616059396416 ], [ 632493.400282001122832, 700789.769553472404368 ], [ 632533.557562201051041, 700727.275982145336457 ], [ 632574.132193712284788, 700734.349353913217783 ], [ 632600.520129706710577, 700833.082602346665226 ], [ 632666.813211053609848, 700829.021460692747496 ], [ 632788.470655878772959, 700839.284632940078154 ], [ 632858.669266000273637, 700871.817391292192042 ], [ 632854.172275689081289, 700736.336230621905997 ], [ 632728.136594376410358, 700608.910215938114561 ], [ 632760.636821466614492, 700498.843702936312184 ], [ 632679.113608273095451, 700422.412669817218557 ], [ 632659.879400100442581, 700287.019962363759987 ], [ 632732.944137839600444, 700180.363302749348804 ], [ 632846.246541090426035, 700025.869124008459039 ], [ 632742.743726358283311, 699971.541523376130499 ], [ 632650.476008564932272, 699946.45810728543438 ], [ 632586.363122835988179, 699701.451723641366698 ], [ 632692.720886848634109, 699616.567639308050275 ], [ 632792.703734404058196, 699700.215874547022395 ], [ 632895.769802667316981, 699681.280054401955567 ], [ 632983.804707355215214, 699614.826450170599855 ], [ 632986.813200850854628, 699501.272917859838344 ], [ 633064.892716058762744, 699618.006038846215233 ], [ 633128.278704215073958, 699742.154899602290243 ], [ 633162.29015601600986, 699884.79853963246569 ], [ 633148.340566614293493, 700016.736751417862251 ], [ 633207.928883960237727, 700122.589274979778565 ], [ 633138.329445736366324, 700192.595818922389299 ], [ 633035.823130424018018, 700303.079558274941519 ], [ 633029.434203236247413, 700467.936617434024811 ], [ 633026.469376358552836, 700588.806799973128363 ], [ 633038.469544757623225, 700746.226390358177014 ], [ 633086.931139103835449, 700841.153529065544717 ], [ 633278.436977192875929, 700825.366853033192456 ], [ 633366.500361771206371, 700762.57848578132689 ], [ 633351.252565135830082, 700678.433386476943269 ], [ 633579.375614894088358, 700622.140074114897288 ], [ 633704.622802946250886, 700617.732105331495404 ], [ 633818.408199565834366, 700543.812547532026656 ], [ 633910.497921532951295, 700539.602616738062352 ], [ 633992.794334676349536, 700269.504982702899724 ], [ 634058.317106552422047, 700147.445533580612391 ], [ 634202.923932999605313, 700045.374295638641343 ], [ 634254.786662039696239, 700025.829211692675017 ], [ 634345.05095505178906, 699991.812465278431773 ], [ 634452.88836308545433, 699991.995102357119322 ], [ 634478.233965738443658, 700051.574387222179212 ], [ 634558.315162252751179, 700092.201743482495658 ], [ 634556.779585837502964, 700272.570555457263254 ], [ 634597.326566887320951, 700344.845236539375037 ], [ 634698.869655410177074, 700329.492090159561485 ], [ 634834.395499835605733, 700355.304823936894536 ], [ 634931.609624433913268, 700369.067917283158749 ], [ 634998.275621391832829, 700320.23801055084914 ], [ 635112.467784400796518, 700235.30992292042356 ], [ 635244.527452244306915, 700222.859045287244953 ], [ 635244.527452244306915, 697436.891231601592153 ] ] ] } },
{ "type": "Feature", "properties": { "cell_id": 9, "parish": "Westmoreland", "centroid_x": 641351.59699843673, "centroid_y": 673420.02686376742, "land_area_km2": 68.980512738459879, "total_buildings": 28, "damaged_buildings": 17, "Damage_Ratio": 0.6071428571428571, "Dist_km": 4.5735140619945325, "Delta_P": 112.39954003801415, "DeltaP_x_Dist": 514.06087692557514, "Pop_Dens": 68.322130705180925, "ln_Pop_Dens": 4.2387642016107581, "Delta_P_c": -0.97840002528539571, "Dist_km_c": -48.488415267039457, "DeltaP_x_Dist_c": 47.441066723320169, "hat_y_ols": 0.55226222356508003, "hat_y_frac": 0.56191470563440882, "residual_frac": 0.045228151508448278, "abs_residual_frac": 0.045228151508448278, "basis_risk_category": "Concordant Alignment" }, "geometry": { "type": "Polygon", "coordinates": [ [ [ 635244.527452244306915, 677436.891231601592153 ], [ 645244.527452244306915, 677436.891231601592153 ], [ 645244.527452244306915, 667436.891231601592153 ], [ 640803.705413686460815, 667436.891231601592153 ], [ 640863.360555838677101, 667607.125158768380061 ], [ 640985.026321979938075, 667660.739367907634005 ], [ 641130.522756887716241, 667632.780562683474272 ], [ 641155.431410025339574, 667747.255950091755949 ], [ 641243.432977094314992, 667746.767907646601088 ], [ 641320.403178203385323, 667898.056364249205217 ], [ 641321.492662802804261, 668199.775878880755045 ], [ 641281.690938861924224, 668481.167992502567358 ], [ 641253.288707629428245, 668572.208399259368889 ], [ 641176.543563053244725, 668817.800047218450345 ], [ 641189.298109772615135, 668929.310327483108267 ], [ 641147.816284687025473, 669021.696374726598151 ], [ 641055.60250660602469, 669167.647734057391062 ], [ 640825.515382413519546, 669547.180344014777802 ], [ 640716.520296592498198, 669665.467130496632308 ], [ 640611.464334760792553, 669787.905394201399758 ], [ 640596.415907446411438, 669988.372827740502544 ], [ 640459.678581868065521, 670160.64185325242579 ], [ 640293.378126404364593, 670367.887556714820676 ], [ 640258.410841342294589, 670532.250789830461144 ], [ 640258.306529131834395, 670905.048862469033338 ], [ 640201.713155555422418, 671063.213230145629495 ], [ 640161.575571443303488, 671146.506941309198737 ], [ 640154.739726125728339, 671238.801071691093966 ], [ 640146.958918116404675, 671428.702466680551879 ], [ 640153.725107508944348, 671509.121447903802618 ], [ 640103.832087488728575, 671567.410900574875996 ], [ 640001.503028749022633, 671668.021558423526585 ], [ 639805.9582125460729, 671895.890559869003482 ], [ 639691.319959825021215, 672047.553586196620017 ], [ 639437.058949552825652, 672320.362831205362454 ], [ 639063.892286638030782, 672599.11631502234377 ], [ 638722.729340384248644, 672962.436068677692674 ], [ 638546.384194873156957, 673023.46197087969631 ], [ 638267.75321098708082, 673189.547725654556416 ], [ 637786.152915391372517, 673450.171872747712769 ], [ 637404.81882185023278, 673643.533125346060842 ], [ 637052.277976957615465, 673787.835233746329322 ], [ 636685.687738234177232, 673821.074594851932488 ], [ 636314.626618567970581, 673856.560441028093919 ], [ 636291.949757432797924, 673874.305943369981833 ], [ 636254.52026093902532, 673903.596070074243471 ], [ 636035.339340195874684, 673902.643703505396843 ], [ 635898.984599708695896, 673914.549340373836458 ], [ 635677.937126201111823, 673978.086119042243809 ], [ 635476.732095979386941, 673990.372825597296469 ], [ 635340.133783967001364, 673962.270970474812202 ], [ 635244.527452244306915, 673947.00806139560882 ], [ 635244.527452244306915, 677436.891231601592153 ] ] ] } },
{ "type": "Feature", "properties": { "cell_id": 10, "parish": "Westmoreland", "centroid_x": 640244.52745224431, "centroid_y": 682436.89123160159, "land_area_km2": 100.0, "total_buildings": 65, "damaged_buildings": 38, "Damage_Ratio": 0.58461538461538465, "Dist_km": 10.880379366170585, "Delta_P": 110.31071094637014, "DeltaP_x_Dist": 1200.2223832484933, "Pop_Dens": 116.31961034349173, "ln_Pop_Dens": 4.7649019227901626, "Delta_P_c": -3.0672291169294255, "Dist_km_c": -42.1815499628634, "DeltaP_x_Dist_c": 129.38047824330795, "hat_y_ols": 0.4782017568424759, "hat_y_frac": 0.48442357236890815, "residual_frac": 0.1001918122464765, "abs_residual_frac": 0.1001918122464765, "basis_risk_category": "Severe Under-Coverage" }, "geometry": { "type": "Polygon", "coordinates": [ [ [ 635244.527452244306915, 677436.891231601592153 ], [ 635244.527452244306915, 687436.891231601592153 ], [ 645244.527452244306915, 687436.891231601592153 ], [ 645244.527452244306915, 677436.891231601592153 ], [ 635244.527452244306915, 677436.891231601592153 ] ] ] } },
{ "type": "Feature", "properties": { "cell_id": 11, "parish": "Hanover", "centroid_x": 640244.52745224431, "centroid_y": 692436.89123160159, "land_area_km2": 100.0, "total_buildings": 35, "damaged_buildings": 16, "Damage_Ratio": 0.45714285714285713, "Dist_km": 18.500551119481468, "Delta_P": 107.48333299605792, "DeltaP_x_Dist": 1988.500896585819, "Pop_Dens": 363.20076833677683, "ln_Pop_Dens": 5.8977052769474518, "Delta_P_c": -5.8946070672416369, "Dist_km_c": -34.561378209552515, "DeltaP_x_Dist_c": 203.72574424763937, "hat_y_ols": 0.39293218343141184, "hat_y_frac": 0.39850909940166901, "residual_frac": 0.058633757741188064, "abs_residual_frac": 0.058633757741188064, "basis_risk_category": "Concordant Alignment" }, "geometry": { "type": "Polygon", "coordinates": [ [ [ 635244.527452244306915, 687436.891231601592153 ], [ 635244.527452244306915, 697436.891231601592153 ], [ 645244.527452244306915, 697436.891231601592153 ], [ 645244.527452244306915, 687436.891231601592153 ], [ 635244.527452244306915, 687436.891231601592153 ] ] ] } },
{ "type": "Feature", "properties": { "cell_id": 12, "parish": "Hanover", "centroid_x": 640442.14515865943, "centroid_y": 699025.76262342883, "land_area_km2": 31.447426492966169, "total_buildings": 19, "damaged_buildings": 9, "Damage_Ratio": 0.47368421052631576, "Dist_km": 23.160592925463312, "Delta_P": 105.9599962651921, "DeltaP_x_Dist": 2454.0963398817271, "Pop_Dens": 600.34091796874998, "ln_Pop_Dens": 6.3991620249049879, "Delta_P_c": -7.4179437981074585, "Dist_km_c": -29.901336403570674, "DeltaP_x_Dist_c": 221.80643292999187, "hat_y_ols": 0.34928335818867218, "hat_y_frac": 0.35129761481865335, "residual_frac": 0.12238659570766236, "abs_residual_frac": 0.12238659570766236, "basis_risk_category": "Severe Under-Coverage" }, "geometry": { "type": "Polygon", "coordinates": [ [ [ 645244.527452244306915, 697436.891231601592153 ], [ 635244.527452244306915, 697436.891231601592153 ], [ 635244.527452244306915, 700222.859045287244953 ], [ 635271.955975059303455, 700220.273023477522656 ], [ 635426.474286139244214, 700179.077034418354742 ], [ 635507.216962383128703, 700123.668997127329931 ], [ 635702.161784467753023, 700063.930657062563114 ], [ 635890.13980852405075, 700073.815114058903418 ], [ 635985.961442883010022, 700076.920951889595017 ], [ 636134.067191188572906, 700200.58656272594817 ], [ 636178.988041947945021, 700321.188824304612353 ], [ 636252.699307403760031, 700324.424466275144368 ], [ 636282.000959114986472, 700294.95443871547468 ], [ 636425.641344128642231, 700283.129367901128717 ], [ 636518.051136613823473, 700333.876803018036298 ], [ 636691.163136648247018, 700321.882938912371174 ], [ 636824.124658475629985, 700376.050056441570632 ], [ 636908.916555164032616, 700382.888008799520321 ], [ 636934.363356624147855, 700324.141344392905012 ], [ 637081.774997513042763, 700326.954784969100729 ], [ 637133.651314589544199, 700377.927779928548262 ], [ 637288.425151799921878, 700380.700349230784923 ], [ 637262.334393409080803, 700329.578505538986064 ], [ 637395.188941224245355, 700365.430769620579667 ], [ 637491.303386115818284, 700419.814289530040696 ], [ 637576.515321673010476, 700499.907940782606602 ], [ 637580.748414357891306, 700595.099953984725289 ], [ 637718.325536099378951, 700589.108285439084284 ], [ 637761.263253915589303, 700590.400779450312257 ], [ 637883.254762321244925, 700659.293438501423225 ], [ 637927.262632440892048, 700622.413943633204326 ], [ 637977.932458380353637, 700586.714046408189461 ], [ 638114.666507277055643, 700555.160390079021454 ], [ 638208.70739268953912, 700455.909278116305359 ], [ 638330.066743679228239, 700447.41325423005037 ], [ 638422.479238855652511, 700484.820328399538994 ], [ 638681.367557719349861, 700476.561831439030357 ], [ 638734.046894822502509, 700407.512411063187756 ], [ 638826.292224634438753, 700374.633658696315251 ], [ 638877.89039269357454, 700390.446357017150149 ], [ 638967.816165345488116, 700354.57064453070052 ], [ 639075.339819917688146, 700318.418570534326136 ], [ 639219.03401526727248, 700351.365976909524761 ], [ 639318.933530610403977, 700424.056357240420766 ], [ 639325.073372959042899, 700473.079833158757538 ], [ 639311.561817107372917, 700555.200237596640363 ], [ 639345.841085950145498, 700583.332326085190289 ], [ 639382.664045272627845, 700541.903047828469425 ], [ 639460.745223262696527, 700615.923943730420433 ], [ 639508.188725121086463, 700618.268538109492511 ], [ 639531.438321551075205, 700580.679605287034065 ], [ 639668.896548975375481, 700538.484270741813816 ], [ 639748.693552530370653, 700504.661631349939853 ], [ 639788.919274530024268, 700478.301132681197487 ], [ 639824.28054754214827, 700437.85500455100555 ], [ 639945.494455784093589, 700442.829814119613729 ], [ 640047.496228819945827, 700487.883668593247421 ], [ 640158.395620174938813, 700524.154648588970304 ], [ 640296.065772336558439, 700502.517823626520112 ], [ 640509.882032335386612, 700545.730505453888327 ], [ 640679.024455668055452, 700589.006651505711488 ], [ 640844.93629281304311, 700644.124042638228275 ], [ 641082.999435084173456, 700684.706247797352262 ], [ 641172.127877978608012, 700689.280437246081419 ], [ 641306.225602415972389, 700646.373643139260821 ], [ 641460.562273927382194, 700622.283729630406015 ], [ 641619.273407913162373, 700644.151783723966219 ], [ 641736.455741915619001, 700583.243615372222848 ], [ 641958.168086393037811, 700607.090768271125853 ], [ 642063.697424461250193, 700595.53945436491631 ], [ 642189.022698745131493, 700674.136991811799817 ], [ 642246.085088837426156, 700700.731898574042134 ], [ 642325.003492987714708, 700727.394976523239166 ], [ 642396.627019256586209, 700756.832512851106003 ], [ 642472.109633393003605, 700819.644542375579476 ], [ 642566.649563365266658, 700788.364749324973673 ], [ 642631.095191802713089, 700789.95950435847044 ], [ 642706.354637246462516, 700848.833066957769915 ], [ 642889.408772526890971, 700831.659175289445557 ], [ 642968.976764624239877, 700828.611883068108 ], [ 643048.614454873371869, 700915.700061701238155 ], [ 643116.198415703489445, 701020.155334285693243 ], [ 643080.09084302757401, 701122.2987027176423 ], [ 643089.460855333367363, 701213.324010328622535 ], [ 643139.616061941254884, 701292.91377303597983 ], [ 643233.524721006629989, 701372.77428358560428 ], [ 643364.196393019403331, 701373.888763291295618 ], [ 643470.772156621096656, 701392.214776584645733 ], [ 643550.338464071159251, 701414.529131564078853 ], [ 643636.247873928863555, 701395.056741781998426 ], [ 643694.870579926646315, 701312.871455189189874 ], [ 643730.518539589364082, 701250.093362675630488 ], [ 643757.17667958943639, 701253.380148800439201 ], [ 643806.841004280489869, 701229.323326155543327 ], [ 643840.731981341494247, 701202.852520255139098 ], [ 643827.300793386530131, 701176.512476790230721 ], [ 643838.050550139974803, 701158.311971809132956 ], [ 643891.762613607221283, 701148.21368547482416 ], [ 643943.05802990263328, 701122.930779871298 ], [ 644004.231260116794147, 701066.612183966557495 ], [ 644074.762636949075386, 700957.321896779700182 ], [ 644165.826953898533247, 700949.114444741047919 ], [ 644190.854330877889879, 700943.776750873425044 ], [ 644194.726221768418327, 700978.283435029326938 ], [ 644211.431642455863766, 700992.65734150481876 ], [ 644228.047230855328962, 700978.875147463637404 ], [ 644235.419499729759991, 700959.143440604326315 ], [ 644235.677351908758283, 700936.472573161241598 ], [ 644311.940039244596846, 700978.687912715831771 ], [ 644389.826151367858984, 700994.882457880070433 ], [ 644407.113837099750526, 700976.425640460452996 ], [ 644439.399827559478581, 701000.780679471208714 ], [ 644442.477267572423443, 701017.113124701892957 ], [ 644492.739667226327583, 701064.594307215185836 ], [ 644525.247685142559931, 700945.847223223070614 ], [ 644548.966036549187265, 700815.08225715206936 ], [ 644583.952016646391712, 700756.205684056505561 ], [ 644742.299990504281595, 700717.298562947544269 ], [ 644799.916161017259583, 700678.546115707140416 ], [ 644831.797136889072135, 700568.459034002036788 ], [ 644871.597504500881769, 700333.702928006998263 ], [ 644874.697868275456131, 700307.120536944596097 ], [ 644885.385923875262961, 700275.184274983941577 ], [ 644897.106423899414949, 700252.562629932072014 ], [ 644911.309308469179086, 700233.857190088718198 ], [ 644979.6422718152171, 700146.487863850197755 ], [ 644985.707351479679346, 700125.092062521609478 ], [ 644997.932434382964857, 700103.939965440426022 ], [ 645029.871683981036767, 700081.210026113782078 ], [ 645042.173062227317132, 700074.281286899233237 ], [ 645055.480458617443219, 700071.752649404574186 ], [ 645080.143605365534313, 700071.133478524629027 ], [ 645098.434077118290588, 700077.898322289926 ], [ 645108.318752366350964, 700081.276790567091666 ], [ 645121.602490087156184, 700076.302063338109292 ], [ 645149.502016070182435, 700034.964733980828896 ], [ 645164.700878693605773, 700016.741195465554483 ], [ 645172.565586098935455, 700011.795510022668168 ], [ 645178.071275154245086, 700010.183168956078589 ], [ 645180.298760495847091, 700011.435994515079074 ], [ 645184.404691427480429, 700011.245110913529061 ], [ 645197.281286632292904, 700020.983387826941907 ], [ 645205.227313395123929, 700031.235091915004887 ], [ 645213.147180016734637, 700034.624125504284166 ], [ 645244.527452244306915, 700036.062915441114455 ], [ 645244.527452244306915, 697436.891231601592153 ] ] ] } },
{ "type": "Feature", "properties": { "cell_id": 13, "parish": "St. Elizabeth", "centroid_x": 650695.78481895826, "centroid_y": 662812.02355065511, "land_area_km2": 89.191061799388663, "total_buildings": 46, "damaged_buildings": 32, "Damage_Ratio": 0.69565217391304346, "Dist_km": 2.2182508381183306, "Delta_P": 116.85253722171899, "DeltaP_x_Dist": 259.20823862833157, "Pop_Dens": 90.637818408613441, "ln_Pop_Dens": 4.5178440511977502, "Delta_P_c": 3.4745971584194422, "Dist_km_c": -50.843678490915657, "DeltaP_x_Dist_c": -176.66130080812727, "hat_y_ols": 0.66590713743940677, "hat_y_frac": 0.67526929451864393, "residual_frac": 0.020382879394399533, "abs_residual_frac": 0.020382879394399533, "basis_risk_category": "Concordant Alignment" }, "geometry": { "type": "Polygon", "coordinates": [ [ [ 645244.527452244306915, 667436.891231601592153 ], [ 655244.527452244306915, 667436.891231601592153 ], [ 655244.527452244306915, 657436.891231601592153 ], [ 649114.93484276230447, 657436.891231601592153 ], [ 648998.352920604287647, 657592.637071231147274 ], [ 648923.086652467958629, 657727.249413170153275 ], [ 648844.65959483734332, 657794.760357999359258 ], [ 648798.632879137643613, 657852.97322002472356 ], [ 648774.863296847208403, 657918.121889922418632 ], [ 648697.37117659591604, 657914.238256945740432 ], [ 648657.769876902573742, 657912.738167584408075 ], [ 648625.862372939125635, 657918.935143573209643 ], [ 648496.61978737777099, 658020.637403288041241 ], [ 648445.951530369697139, 658077.820508356206119 ], [ 648416.612163624842651, 658093.753047734382562 ], [ 648362.605699221836403, 658149.586953132180497 ], [ 648346.68458511820063, 658162.042095785262063 ], [ 648205.411029088660143, 658272.562153725186363 ], [ 648161.397746550384909, 658302.021791817736812 ], [ 648133.144670566311106, 658332.960357244010083 ], [ 648073.917465812293813, 658413.059067412163131 ], [ 647988.473864493775181, 658486.000205661752261 ], [ 647983.396871377015486, 658503.138158034882508 ], [ 647993.866542164934799, 658529.603349446435459 ], [ 647984.625088917207904, 658572.430295080761425 ], [ 647958.004846589174122, 658585.407882294384763 ], [ 647922.856295608333312, 658578.816858142847195 ], [ 647824.877457941649482, 658671.602950686356053 ], [ 647672.205926181515679, 658909.425680287647992 ], [ 647669.765779316192493, 658936.821349110687152 ], [ 647678.563673503813334, 658973.555407011997886 ], [ 647745.760368665563874, 658985.192166386288591 ], [ 647764.666911016684026, 658979.105731072137132 ], [ 647767.191872522816993, 658967.968948310241103 ], [ 647787.777637498918921, 658955.022518035024405 ], [ 647804.119125373079441, 658952.36958057328593 ], [ 647821.331424726289697, 658952.279966319096275 ], [ 647840.300354807404801, 658958.169168082880788 ], [ 647859.36281299777329, 658982.032802816596813 ], [ 647882.71401203610003, 659004.147489169728942 ], [ 647912.232526997802779, 659051.908556364593096 ], [ 647933.17100912577007, 659271.671264046570286 ], [ 647968.587570079020225, 659295.438902649795637 ], [ 647968.818813717924058, 659339.921170573914424 ], [ 647932.522204455919564, 659478.707076695049182 ], [ 647974.916696887696162, 659521.254545918898657 ], [ 647987.973162773763761, 659548.569642861606553 ], [ 647992.459209353895858, 659582.758430228219368 ], [ 647875.737067945417948, 659795.37868269032333 ], [ 647668.613823788240552, 659994.96751163713634 ], [ 647455.922047665924765, 660205.777746468083933 ], [ 647346.265315129770897, 660279.933104909723625 ], [ 647310.243018960114568, 660304.073371361475438 ], [ 647289.658932678750716, 660317.009254633798264 ], [ 647268.983700730255805, 660314.549620256875642 ], [ 647190.710583589738235, 660323.515297368052416 ], [ 647120.517571507021785, 660395.749657512060367 ], [ 647080.310018222313374, 660459.381886036717333 ], [ 647040.375631135189906, 660540.733136866474524 ], [ 647012.186002564383671, 660582.807811175240204 ], [ 646977.028093824861571, 660606.080838483176194 ], [ 646961.581429971149191, 660615.581064969417639 ], [ 646944.393023266224191, 660619.943684203666635 ], [ 646922.878660904243588, 660620.908930072677322 ], [ 646910.788251883350313, 660612.416628936422057 ], [ 646868.798346591880545, 660646.860463625285774 ], [ 646832.73233643732965, 660662.446046521188691 ], [ 646797.300437897443771, 660667.768034498440102 ], [ 646802.020710643031634, 660713.942357232794166 ], [ 646801.400114599848166, 660760.985959299374372 ], [ 646787.051001909654588, 660814.100787031231448 ], [ 646769.201890758820809, 660857.825969787198119 ], [ 646664.239358018850908, 661040.319377038511448 ], [ 646559.12494104495272, 661376.365043818717822 ], [ 646366.560194804216735, 661665.356708335923031 ], [ 646218.861329380888492, 661792.9360231612809 ], [ 646180.829607523279265, 661902.625123037258163 ], [ 646168.118958480539732, 661994.869448707788251 ], [ 646169.14062710152939, 662053.93574211851228 ], [ 646150.157970343483612, 662114.989508890314028 ], [ 646075.209190548979677, 662218.609582966309972 ], [ 645994.592442060122266, 662289.099257794558071 ], [ 645909.406743604689837, 662326.19819146185182 ], [ 645826.597872055135667, 662342.432128935935907 ], [ 645609.671817953349091, 662335.693157250760123 ], [ 645443.700005512917414, 662301.57866598374676 ], [ 645255.924238059553318, 662225.832167338812724 ], [ 645244.527452244306915, 662220.646998689626344 ], [ 645244.527452244306915, 667436.891231601592153 ] ] ] } },
{ "type": "Feature", "properties": { "cell_id": 14, "parish": "Westmoreland", "centroid_x": 650244.52745224431, "centroid_y": 672436.89123160159, "land_area_km2": 100.0, "total_buildings": 42, "damaged_buildings": 33, "Damage_Ratio": 0.7857142857142857, "Dist_km": 9.4104141630913141, "Delta_P": 114.80412370512715, "DeltaP_x_Dist": 1080.3543516960158, "Pop_Dens": 91.361912393162399, "ln_Pop_Dens": 4.5257146901312035, "Delta_P_c": 1.4261836418275919, "Dist_km_c": -43.651515165942669, "DeltaP_x_Dist_c": -62.255076870656474, "hat_y_ols": 0.57825932784736678, "hat_y_frac": 0.58592997213204379, "residual_frac": 0.19978431358224191, "abs_residual_frac": 0.19978431358224191, "basis_risk_category": "Severe Under-Coverage" }, "geometry": { "type": "Polygon", "coordinates": [ [ [ 645244.527452244306915, 667436.891231601592153 ], [ 645244.527452244306915, 677436.891231601592153 ], [ 655244.527452244306915, 677436.891231601592153 ], [ 655244.527452244306915, 667436.891231601592153 ], [ 645244.527452244306915, 667436.891231601592153 ] ] ] } },
{ "type": "Feature", "properties": { "cell_id": 15, "parish": "Westmoreland", "centroid_x": 650244.52745224431, "centroid_y": 682436.89123160159, "land_area_km2": 100.0, "total_buildings": 61, "damaged_buildings": 33, "Damage_Ratio": 0.54098360655737709, "Dist_km": 17.178162975407052, "Delta_P": 112.79221684134757, "DeltaP_x_Dist": 1937.5630832581205, "Pop_Dens": 201.54685885847107, "ln_Pop_Dens": 5.3109712615475608, "Delta_P_c": -0.58572322195200854, "Dist_km_c": -35.883766353626939, "DeltaP_x_Dist_c": 21.017955244419447, "hat_y_ols": 0.49733004388605917, "hat_y_frac": 0.50481947553967299, "residual_frac": 0.036164131017704104, "abs_residual_frac": 0.036164131017704104, "basis_risk_category": "Concordant Alignment" }, "geometry": { "type": "Polygon", "coordinates": [ [ [ 645244.527452244306915, 677436.891231601592153 ], [ 645244.527452244306915, 687436.891231601592153 ], [ 655244.527452244306915, 687436.891231601592153 ], [ 655244.527452244306915, 677436.891231601592153 ], [ 645244.527452244306915, 677436.891231601592153 ] ] ] } },
{ "type": "Feature", "properties": { "cell_id": 16, "parish": "St. James", "centroid_x": 650244.52745224431, "centroid_y": 692436.89123160159, "land_area_km2": 100.0, "total_buildings": 71, "damaged_buildings": 32, "Damage_Ratio": 0.45070422535211269, "Dist_km": 24.945911787722792, "Delta_P": 110.78030997756809, "DeltaP_x_Dist": 2763.5158405170009, "Pop_Dens": 768.83929493801656, "ln_Pop_Dens": 6.6461817851925051, "Delta_P_c": -2.5976300857314669, "Dist_km_c": -28.116017541311194, "DeltaP_x_Dist_c": 73.035013056263622, "hat_y_ols": 0.42539682198050216, "hat_y_frac": 0.43666160663602699, "residual_frac": 0.014042618716085697, "abs_residual_frac": 0.014042618716085697, "basis_risk_category": "Concordant Alignment" }, "geometry": { "type": "Polygon", "coordinates": [ [ [ 645244.527452244306915, 687436.891231601592153 ], [ 645244.527452244306915, 697436.891231601592153 ], [ 655244.527452244306915, 697436.891231601592153 ], [ 655244.527452244306915, 687436.891231601592153 ], [ 645244.527452244306915, 687436.891231601592153 ] ] ] } },
{ "type": "Feature", "properties": { "cell_id": 17, "parish": "St. James", "centroid_x": 651719.34292866383, "centroid_y": 700705.99862709781, "land_area_km2": 46.86788060259552, "total_buildings": 25, "damaged_buildings": 13, "Damage_Ratio": 0.52, "Dist_km": 32.297953576154804, "Delta_P": 109.48261891480922, "DeltaP_x_Dist": 3536.0645431063563, "Pop_Dens": 1342.4741908482142, "ln_Pop_Dens": 7.2030142174863681, "Delta_P_c": -3.8953211484903392, "Dist_km_c": -20.763975752879183, "DeltaP_x_Dist_c": 80.882353876930893, "hat_y_ols": 0.37220630540850186, "hat_y_frac": 0.37600827895255678, "residual_frac": 0.14399172104744323, "abs_residual_frac": 0.14399172104744323, "basis_risk_category": "Severe Under-Coverage" }, "geometry": { "type": "Polygon", "coordinates": [ [ [ 655244.527452244306915, 697436.891231601592153 ], [ 645244.527452244306915, 697436.891231601592153 ], [ 645244.527452244306915, 700036.062915441114455 ], [ 645251.630030759959482, 700036.388569674454629 ], [ 645296.464660820318386, 700024.869475126150064 ], [ 645317.660468749352731, 700021.811809747014195 ], [ 645342.339358421624638, 700024.126184585271403 ], [ 645395.164572245208547, 700031.204907482489944 ], [ 645517.753058452042751, 700016.481808590702713 ], [ 645798.25710583885666, 700038.863415903644636 ], [ 645844.186583732487634, 700048.426297501893714 ], [ 645894.131894144811668, 700070.221383045311086 ], [ 645959.54352334421128, 700112.102250258205459 ], [ 646002.612591596669517, 700153.991269097896293 ], [ 646044.900368162663653, 700205.946304402663372 ], [ 646084.280259785009548, 700297.223088400438428 ], [ 646102.289593008579686, 700344.691291664494202 ], [ 646113.681477074394934, 700353.46397351147607 ], [ 646170.866714308736846, 700346.297920383629389 ], [ 646196.959016789100133, 700336.352429797290824 ], [ 646212.748585694469512, 700335.770645286189392 ], [ 646228.059733769507147, 700340.593109100009315 ], [ 646262.461460631806403, 700315.892903119442053 ], [ 646316.673531229025684, 700305.798655459308065 ], [ 646415.246245773043483, 700380.303159615723416 ], [ 646434.014149151509628, 700385.605610461090691 ], [ 646449.294275037012994, 700382.580448119435459 ], [ 646462.050744062988088, 700369.761452153907157 ], [ 646496.241487893974409, 700397.043072870466858 ], [ 646516.508861450944096, 700406.245056753745303 ], [ 646532.176358769298531, 700406.560768239316531 ], [ 646560.066538634942845, 700432.990262669860385 ], [ 646572.924050217261538, 700439.298140095546842 ], [ 646582.228934438549913, 700426.984486875357106 ], [ 646589.579457790707238, 700416.651449813041836 ], [ 646605.205723788123578, 700387.147391224396415 ], [ 646620.940927939373069, 700376.271997785777785 ], [ 646641.188181575969793, 700371.66003092424944 ], [ 646695.360898259095848, 700364.112921459018253 ], [ 646723.007307672523893, 700368.383675164426677 ], [ 646736.371614354429767, 700376.648209933540784 ], [ 646744.340207917266525, 700389.3577536289813 ], [ 646859.23176486522425, 700357.5819181506522 ], [ 647290.598688823985867, 700277.211793324793689 ], [ 647592.407008201233111, 700213.367998273461126 ], [ 647761.72502105019521, 700179.530864449450746 ], [ 647781.887018274632283, 700188.856461084913462 ], [ 647820.562020285520703, 700176.943600977188908 ], [ 647826.929484193329699, 700154.196692063123919 ], [ 647835.749372059828602, 700141.886176743195392 ], [ 647848.117960189119913, 700131.461033523082733 ], [ 648046.422076738672331, 700050.564592999755405 ], [ 648089.226811609580182, 700028.281214389251545 ], [ 648129.549530565855093, 700004.040549957426265 ], [ 648159.107734336750582, 699996.038882654393092 ], [ 648187.711631210870109, 699993.443914800998755 ], [ 648247.756853616912849, 699975.233236209023744 ], [ 648315.70894279924687, 699943.743115649675019 ], [ 648348.670701302122325, 699925.916894436697476 ], [ 648389.582028693752363, 699919.32884133933112 ], [ 648423.098878233460709, 699912.779221279080957 ], [ 648460.100569028174505, 699912.10032268462237 ], [ 648469.432307273382321, 699904.691033829585649 ], [ 648480.757285817875527, 699900.713890193495899 ], [ 648496.559588149539195, 699904.550431167008355 ], [ 648515.169294911785983, 699903.811993007082492 ], [ 648539.790483477874659, 699868.529159773257561 ], [ 648554.929153595818207, 699838.055159221403301 ], [ 648554.868212601286359, 699826.28908518771641 ], [ 648560.211165799293667, 699811.55065881961491 ], [ 648593.636850662180223, 699787.346687998739071 ], [ 648673.176638796343468, 699735.021252146107145 ], [ 648750.625792650040239, 699713.467806515167467 ], [ 648829.930025012581609, 699689.027137501514517 ], [ 648904.233694847207516, 699639.253442860441282 ], [ 648955.869986078469083, 699620.712015058961697 ], [ 649012.815355714876205, 699607.401141449692659 ], [ 649034.731471236911602, 699606.579737316351384 ], [ 649053.990752976387739, 699610.885943847359158 ], [ 649098.962434971705079, 699625.364963989239186 ], [ 649142.981470265542157, 699647.696938031236641 ], [ 649182.065741695114411, 699663.623302787193097 ], [ 649231.405171369668096, 699668.815364086534828 ], [ 649278.764845310244709, 699669.069871850428171 ], [ 649325.572495299507864, 699658.523954390082508 ], [ 649370.390207427088171, 699643.095860135741532 ], [ 649382.721074520144612, 699641.560330335167237 ], [ 649399.997323234332725, 699644.415951544768177 ], [ 649426.679330084705725, 699652.126870576175861 ], [ 649472.169291330850683, 699672.979849197668955 ], [ 649570.744999435264617, 699558.219607445993461 ], [ 649588.901139853405766, 699538.99923666252289 ], [ 649601.697938085417263, 699533.543020225828514 ], [ 649627.845796945970505, 699533.896044767694548 ], [ 649691.101527865976095, 699554.160387277603149 ], [ 649752.774841642472893, 699556.301961551071145 ], [ 649815.098008864792064, 699553.315445089130662 ], [ 649855.363751114229672, 699550.386547148926184 ], [ 649898.301901364233345, 699553.598454420687631 ], [ 649921.04299313609954, 699563.289404601790011 ], [ 649929.475695822853595, 699572.068335868068971 ], [ 649933.481678620097227, 699582.840173587552272 ], [ 649942.034082659869455, 699617.121545962290838 ], [ 649947.531467786990106, 699630.332024678820744 ], [ 649957.438076475053094, 699638.129365284228697 ], [ 649964.815661280066706, 699632.689996650558896 ], [ 649968.172373642679304, 699613.556636222056113 ], [ 649974.775007096934132, 699582.551769090350717 ], [ 649980.806441982276738, 699576.222690427326597 ], [ 650007.91163135599345, 699571.66775322437752 ], [ 650044.906493364018388, 699569.519706353661604 ], [ 650079.389407119248062, 699559.536602028296329 ], [ 650087.732039362890646, 699550.672027786495164 ], [ 650105.938136248616502, 699543.218261808855459 ], [ 650115.812212098157033, 699544.640086194034666 ], [ 650130.173650996061042, 699553.886976043111645 ], [ 650151.897155512357131, 699556.709515189169906 ], [ 650215.168502509710379, 699561.50096572143957 ], [ 650240.771135058952495, 699570.967396873515099 ], [ 650269.97169071494136, 699589.945975842420012 ], [ 650307.619688646984287, 699620.647979844128713 ], [ 650323.476771873771213, 699635.278017517412081 ], [ 650328.474920978536829, 699648.004105678992346 ], [ 650332.857421456603333, 699732.814864175510593 ], [ 650343.180469655781053, 699822.498994718655013 ], [ 650358.074881578912027, 699841.052402575965971 ], [ 650374.694420994957909, 699845.705407821224071 ], [ 650399.608736483962275, 699836.23643191170413 ], [ 650410.538884758250788, 699823.086184651707299 ], [ 650433.606721858610399, 699818.19815270032268 ], [ 650456.336304150754586, 699802.873767800629139 ], [ 650464.041920312563889, 699793.370583014795557 ], [ 650462.905388357117772, 699785.915829997858964 ], [ 650488.327810651739128, 699757.91482499288395 ], [ 650509.242145854630508, 699730.434860143112019 ], [ 650515.687043119571172, 699705.651768427109346 ], [ 650530.259025689330883, 699673.211911981692538 ], [ 650543.562746723531745, 699648.969591117696837 ], [ 650560.101134900818579, 699616.807571163866669 ], [ 650565.178135156282224, 699618.04366550128907 ], [ 650581.872562957461923, 699595.798723947140388 ], [ 650575.360072464682162, 699580.235519961104728 ], [ 650582.271199972135946, 699559.866634386940859 ], [ 650603.558774363715202, 699555.906572747393511 ], [ 650615.198165013105609, 699545.066276700003073 ], [ 650635.377914054202847, 699508.059756637201644 ], [ 650659.711702506523579, 699490.248020560364239 ], [ 650678.644188184756786, 699488.491653458098881 ], [ 650691.874333053245209, 699472.595862850197591 ], [ 650684.580142416176386, 699461.198543811799027 ], [ 650668.256016813335009, 699458.602618832839653 ], [ 650671.318849721807055, 699437.622352863894776 ], [ 650685.704210998606868, 699437.040231615537778 ], [ 650737.20513144787401, 699374.681940769543871 ], [ 650796.871952453395352, 699335.162103000911884 ], [ 650831.52963916643057, 699315.726502190344036 ], [ 650847.228992538293824, 699320.096769060124643 ], [ 650878.665367142762989, 699294.534253305871971 ], [ 650893.3561823599739, 699277.048345174873248 ], [ 650912.685747741023079, 699263.944451461313292 ], [ 650918.215703684370965, 699250.290513653657399 ], [ 650935.207814815221354, 699228.276838012970984 ], [ 650936.991323457565159, 699198.669261719798669 ], [ 650931.306839688913897, 699183.865528052789159 ], [ 650907.359486271161586, 699171.688986763590947 ], [ 650912.719117733999155, 699166.127363724401221 ], [ 650928.948153487523086, 699168.679696716601029 ], [ 650952.59404934826307, 699171.382709497353062 ], [ 650961.996520590852015, 699183.975983654498123 ], [ 650974.09786407253705, 699185.021700939396396 ], [ 650985.755184599314816, 699206.901562393642962 ], [ 650993.426188964047469, 699230.163070351234637 ], [ 651019.446561166085303, 699253.29863999504596 ], [ 651051.570857338956557, 699273.923948054551147 ], [ 651089.158078921493143, 699278.073157936916687 ], [ 651126.274936594069004, 699283.221026059472933 ], [ 651161.169565831427462, 699300.190822448115796 ], [ 651198.46908435842488, 699335.279606084804982 ], [ 651212.693422160344198, 699329.983281846041791 ], [ 651225.266546662664041, 699342.903834050521255 ], [ 651228.1389005840756, 699361.540649943519384 ], [ 651235.547085280879401, 699399.791040151147172 ], [ 651248.276776737649925, 699403.966291551594622 ], [ 651246.353906473843381, 699414.403005505679175 ], [ 651239.099560086731799, 699429.703764756326564 ], [ 651248.676884108805098, 699443.513892994844355 ], [ 651261.830510472413152, 699445.871696245158091 ], [ 651305.516288853134029, 699442.319745581480674 ], [ 651310.496869109687395, 699453.773226975928992 ], [ 651324.614552520564757, 699458.771711506764404 ], [ 651330.359083149698563, 699468.793445549788885 ], [ 651345.158381002605893, 699472.792299150489271 ], [ 651389.506871392251924, 699519.047806202899665 ], [ 651460.417305064154789, 699608.128657639608718 ], [ 651460.451285147340968, 699623.281984513625503 ], [ 651488.987017318373546, 699669.960429125698283 ], [ 651517.879711706540547, 699758.245607107062824 ], [ 651534.408325956901535, 699767.96966760000214 ], [ 651550.51188364578411, 699796.114745894446969 ], [ 651576.531247533042915, 699823.534797494881786 ], [ 651608.986278492957354, 699847.214428832521662 ], [ 651638.431224584812298, 699862.618525770725682 ], [ 651664.849742628168315, 699887.524022647296079 ], [ 651679.110959251760505, 699912.778375639114529 ], [ 651694.772999686887488, 699918.267483979230747 ], [ 651725.120149426278658, 699949.296660612570122 ], [ 651753.349386827438138, 699979.318158286157995 ], [ 651766.13359192549251, 700011.309961359133013 ], [ 651771.352246197289787, 700040.827044980833307 ], [ 651749.076140199205838, 700100.368437287746929 ], [ 651720.325755790690891, 700198.030915161361918 ], [ 651707.418811645358801, 700274.184273969964124 ], [ 651672.63099878502544, 700309.613789782626554 ], [ 651534.263169049518183, 700312.74411968968343 ], [ 651525.955507138278335, 700330.728807287290692 ], [ 651498.836483104154468, 700338.690989860100672 ], [ 651482.864360229228623, 700353.404600293724798 ], [ 651475.332094171317294, 700376.42182658391539 ], [ 651474.414136256091297, 700397.634735504398122 ], [ 651483.888179369387217, 700447.74092790717259 ], [ 651488.005044005811214, 700466.06163167709019 ], [ 651476.894764214986935, 700489.67245074827224 ], [ 651452.456394576583989, 700505.491310353390872 ], [ 651437.717741390457377, 700515.4833427144913 ], [ 651425.286040306906216, 700545.177752112853341 ], [ 651407.974204667378217, 700558.116057176841423 ], [ 651353.912934617255814, 700650.936607388895936 ], [ 651304.33617118478287, 700730.097654096432962 ], [ 651274.193758022272959, 700785.683399906032719 ], [ 651267.377646192442626, 700827.049615819356404 ], [ 651254.169358579907566, 700836.713077595806681 ], [ 651171.218433568486944, 700839.411703269928694 ], [ 651107.355010328232311, 700842.014292096951976 ], [ 651021.633121992344968, 700829.407967380480841 ], [ 650929.596094345208257, 700831.788257973035797 ], [ 650853.88175963901449, 700849.228816299932078 ], [ 650642.664827768225223, 700931.955648023635149 ], [ 650621.852544464054517, 700860.665802801959217 ], [ 650640.219294904964045, 700719.496561401407234 ], [ 650634.43817729735747, 700707.516881148563698 ], [ 650588.509829132119194, 700701.551278366707265 ], [ 650564.828326548216864, 700724.772614487097599 ], [ 650552.810300591518171, 700752.452345714205876 ], [ 650523.419875520165078, 700843.344323478406295 ], [ 650563.645704958122224, 700912.82585206720978 ], [ 650569.767389868735336, 700917.371296277153306 ], [ 650580.721430626348592, 700942.32069713040255 ], [ 650546.232031007530168, 700969.31614093366079 ], [ 650511.681280858581886, 700971.738640036666766 ], [ 650483.671978095313534, 700966.39068599534221 ], [ 650422.331661121570505, 700916.659235718194395 ], [ 650394.889752346789464, 700848.425191526650451 ], [ 650372.793545826803893, 700780.352175780688412 ], [ 650352.753903705510311, 700697.126261870842427 ], [ 650324.688078097533435, 700639.245086843380705 ], [ 650280.497937171836384, 700595.049915450857952 ], [ 650099.353765473351814, 700478.773912394535728 ], [ 650034.694254237925634, 700443.583242214168422 ], [ 650002.296821295516565, 700425.163689041743055 ], [ 649967.105727967224084, 700414.075100311776623 ], [ 649950.477185970521532, 700409.246256816782989 ], [ 649930.697081908816472, 700466.551285943132825 ], [ 649946.304791593924165, 700504.321206229971722 ], [ 650014.252309634815902, 700546.762601843336597 ], [ 650046.73386868101079, 700583.777760019642301 ], [ 650054.942259028786793, 700591.06201047077775 ], [ 650081.548000114038587, 700599.727732254425064 ], [ 650110.255518774967641, 700647.668494911631569 ], [ 650135.608408760977909, 700675.695662921643816 ], [ 650165.232761537772603, 700707.655966704944149 ], [ 650195.386378647992387, 700716.921882282244042 ], [ 650196.614309920347296, 700716.706083321245387 ], [ 650213.973954690736718, 700707.961027185199782 ], [ 650236.250715441303328, 700709.74035058892332 ], [ 650255.286471581901424, 700720.203276334446855 ], [ 650263.686288650264032, 700743.394450639607385 ], [ 650260.214711098233238, 700783.548533794353716 ], [ 650247.449807240627706, 700809.659039467805997 ], [ 650246.025401795050129, 700834.870542725198902 ], [ 650224.139271507621743, 700878.638401676318608 ], [ 650117.66567521635443, 700999.712136838119477 ], [ 650119.011324731633067, 701041.944824960781261 ], [ 650118.168533887248486, 701079.672498790663667 ], [ 650083.256901082932018, 701125.189472934580408 ], [ 650017.009782000211999, 701086.907582176965661 ], [ 649979.906420660787262, 701034.153689426719211 ], [ 649944.295239490456879, 701007.783013244043104 ], [ 649880.794270064914599, 700970.647697884822264 ], [ 649744.280602487269789, 700934.718496489571407 ], [ 649652.894064659485593, 700915.627274618367665 ], [ 649602.385745433392003, 700912.443848112830892 ], [ 649585.161200670292601, 700921.509162455797195 ], [ 649573.010136450757273, 700939.414796650293283 ], [ 649554.842673343839124, 700952.049212170881219 ], [ 649533.562160713365301, 700959.109736067592166 ], [ 649522.496223714551888, 700955.475872828741558 ], [ 649506.671114579192363, 700965.889136777608655 ], [ 649523.481436794740148, 701028.464869891176932 ], [ 649518.541810367489234, 701031.668479508487508 ], [ 649515.436537267873064, 701045.773887937655672 ], [ 649503.921602508984506, 701055.872614379972219 ], [ 649492.288091611699201, 701057.271669420180842 ], [ 649492.042790677282028, 701048.854538200772367 ], [ 649478.815710993134417, 701057.433045292738825 ], [ 649489.322849263786338, 701078.53426357882563 ], [ 649517.248534588958137, 701125.118739111814648 ], [ 649531.377728066523559, 701127.485117654548958 ], [ 649529.081453207531013, 701123.475156025146134 ], [ 649540.053950743749738, 701120.895122700603679 ], [ 649560.661469243350439, 701126.822071349015459 ], [ 649581.559331696480513, 701135.813685103436001 ], [ 649603.306888165650889, 701139.532088648993522 ], [ 649615.582118033082224, 701158.818927502608858 ], [ 649630.044004493975081, 701170.775858648587018 ], [ 649641.268562681507319, 701188.5284712202847 ], [ 649641.507049250998534, 701199.552326542092487 ], [ 649660.483931756811216, 701229.369042805978097 ], [ 649673.771688623121008, 701233.944375889492221 ], [ 649690.755268691224046, 701243.874892184860073 ], [ 649707.208625142113306, 701261.656110332347453 ], [ 649714.87018969852943, 701280.86599360301625 ], [ 649722.228264780947939, 701304.759652256383561 ], [ 649731.48588270379696, 701322.112836486310698 ], [ 649733.54423374531325, 701323.1396846214775 ], [ 649744.44493741565384, 701325.638777477433905 ], [ 649749.040922698564827, 701324.015400972333737 ], [ 649749.218208043370396, 701315.314202105859295 ], [ 649738.966344087850302, 701312.145581742050126 ], [ 649734.156417359015904, 701305.229897233657539 ], [ 649722.788196597597562, 701284.146172401611693 ], [ 649748.494495827355422, 701270.919857433531433 ], [ 649779.846579758566804, 701268.999414519406855 ], [ 649806.646749251172878, 701279.621428307029419 ], [ 649838.601543849916197, 701304.673324606847018 ], [ 649906.120922331116162, 701362.705366818467155 ], [ 649933.46986921899952, 701368.975660070427693 ], [ 649950.782992850756273, 701402.961741859326139 ], [ 649979.74910914094653, 701433.57082422892563 ], [ 650000.379604222835042, 701458.570137109956704 ], [ 650010.218952793977223, 701486.480385883012787 ], [ 650007.894101115176454, 701515.073188706766814 ], [ 650009.749752459814772, 701518.715932968305424 ], [ 650019.28656427457463, 701530.815873998450115 ], [ 650035.63401213567704, 701538.308892699307762 ], [ 650054.64637018146459, 701556.741494717425667 ], [ 650065.852980376803316, 701583.515753429499455 ], [ 650065.904798454721458, 701584.625235856859945 ], [ 650104.673664655769244, 701617.314385886187665 ], [ 650136.526537288795225, 701630.541982503607869 ], [ 650164.242847303044982, 701646.960017145145684 ], [ 650191.431346533587202, 701675.888842100626789 ], [ 650227.042984942672774, 701716.0873938864097 ], [ 650234.309421239187941, 701730.440182449761778 ], [ 650235.640065864077769, 701744.900694116367958 ], [ 650231.332845082739368, 701757.818116733804345 ], [ 650229.624541492201388, 701758.9937274773838 ], [ 650233.516388410120271, 701765.298826175858267 ], [ 650245.461201297235675, 701761.033665358903818 ], [ 650268.549602856510319, 701744.046795272966847 ], [ 650299.96677147038281, 701761.276360117015429 ], [ 650345.593276720610447, 701808.032394899637438 ], [ 650369.670300367404707, 701833.800481091137044 ], [ 650382.967402288457379, 701848.045165684539825 ], [ 650425.07940605469048, 701882.986417833832093 ], [ 650433.204717116546817, 701908.415072210133076 ], [ 650438.244437437970191, 701908.666177952196449 ], [ 650441.616118162870407, 701900.778917620191351 ], [ 650464.936091666924767, 701902.738350195460953 ], [ 650538.725282558007166, 701883.150551682920195 ], [ 650554.167548679164611, 701881.862002206151374 ], [ 650578.784400812117383, 701869.575693323044106 ], [ 650602.133082472719252, 701870.541946072829887 ], [ 650643.525121838087216, 701876.087832973804325 ], [ 650655.641281084273942, 701884.119535769918002 ], [ 650744.380435717757791, 701891.028867417830043 ], [ 650798.022532304050401, 701854.339790375437587 ], [ 650832.844209375674836, 701790.992183051304892 ], [ 650827.353060544817708, 701741.23126229760237 ], [ 650785.39164768869523, 701704.840367572149262 ], [ 650752.350225344067439, 701694.091648683534004 ], [ 650684.008929774630815, 701654.633690479095094 ], [ 650656.076868759002537, 701622.663961786660366 ], [ 650639.9746115290327, 701576.000934235868044 ], [ 650621.580006309202872, 701533.821749705355614 ], [ 650579.856341638369486, 701498.125145021709614 ], [ 650450.821561120683327, 701484.125150165753439 ], [ 650427.020754962111823, 701471.195704982965253 ], [ 650425.012708717957139, 701469.761643609264866 ], [ 650339.976372144650668, 701422.436415449599735 ], [ 650286.411013752804138, 701380.553032582974993 ], [ 650263.762370818643831, 701368.176375013776124 ], [ 650260.065752857481129, 701366.19169834908098 ], [ 650222.643921549199149, 701346.07056487374939 ], [ 650204.627156849601306, 701332.31495250959415 ], [ 650200.756557563086972, 701329.357095323968679 ], [ 650195.712531281867996, 701309.635574991581962 ], [ 650142.81356870662421, 701220.754924698267132 ], [ 650116.459826690843329, 701183.730446484638378 ], [ 650134.1788387845736, 701139.053881273255683 ], [ 650150.078263262636028, 701132.63870184647385 ], [ 650155.224409884307534, 701127.346196760423481 ], [ 650172.590401562280022, 701121.147547395550646 ], [ 650193.53888529818505, 701121.472475173766725 ], [ 650220.865500538027845, 701129.690381840220653 ], [ 650338.578661354724318, 701147.764542740304023 ], [ 650368.443923224462196, 701150.457341703469865 ], [ 650388.748321646940894, 701157.072984845610335 ], [ 650397.783531523076817, 701161.95276791753713 ], [ 650409.94599401357118, 701162.787512274691835 ], [ 650428.392038822290488, 701157.092774511314929 ], [ 650445.918318543233909, 701149.166778031969443 ], [ 650467.104619423975237, 701152.645473466371186 ], [ 650496.009061403456144, 701151.269933252129704 ], [ 650513.526768058771268, 701156.206296629738063 ], [ 650517.18218899006024, 701166.714411159628071 ], [ 650523.534813418984413, 701177.436310588847846 ], [ 650755.380823298241012, 701176.951334623503499 ], [ 650838.185500902240165, 701176.952531250775792 ], [ 650946.806624054443091, 701176.967389334342442 ], [ 651046.241510285646655, 701031.371446179808117 ], [ 651142.884738615830429, 701097.659596745390445 ], [ 651151.869489441392943, 701103.738895037444308 ], [ 651050.79897055530455, 701251.833127121673897 ], [ 651114.297160087153316, 701415.542728168191388 ], [ 651122.938002901501022, 701413.619590438553132 ], [ 651125.531893828301691, 701419.568211305886507 ], [ 651130.530004077474587, 701417.245125041576102 ], [ 651139.053571996744722, 701438.011952509754337 ], [ 651125.097709312336519, 701443.871529478929006 ], [ 651132.740357957780361, 701462.787603816017509 ], [ 651145.663198072463274, 701458.378889454994351 ], [ 651147.799017839715816, 701464.366953384247608 ], [ 651153.329787321388721, 701462.136885537067428 ], [ 651155.131469747168012, 701471.691471143625677 ], [ 651161.037554987240583, 701492.89214598457329 ], [ 651170.171417506295256, 701509.017968246364035 ], [ 651180.120108572999015, 701523.346493797376752 ], [ 651190.349151471862569, 701542.997835158021189 ], [ 651198.399568145396188, 701551.657512960955501 ], [ 651237.969278760254383, 701585.340368005330674 ], [ 651246.923274868284352, 701588.859458721475676 ], [ 651255.070415748865344, 701593.666634435998276 ], [ 651263.67997484409716, 701604.293816123856232 ], [ 651271.954879321623594, 701628.161304022418335 ], [ 651284.949795636814088, 701653.809264511102811 ], [ 651298.348185398732312, 701678.499233731185086 ], [ 651298.795882805949077, 701674.394376765005291 ], [ 651304.049469583667815, 701675.153805135400034 ], [ 651293.434328726609237, 701654.308885122765787 ], [ 651277.758064131601714, 701616.4098985750461 ], [ 651265.731794895953499, 701592.240317551186308 ], [ 651266.857912431121804, 701578.852128219907172 ], [ 651281.084644482354634, 701561.778312033275142 ], [ 651310.7125266676303, 701540.575611469452269 ], [ 651350.058731218334287, 701523.629872011835687 ], [ 651401.49456034344621, 701499.384170179720968 ], [ 651465.397086364333518, 701486.078536678571254 ], [ 651528.888921726145782, 701483.51217727875337 ], [ 651533.319471127353609, 701469.731044674408622 ], [ 651582.355280635529198, 701455.482191515853629 ], [ 651628.154847691301256, 701450.946223091566935 ], [ 651706.265053067007102, 701462.918192275916226 ], [ 651769.630813550436869, 701489.951943346532062 ], [ 651800.648761646589264, 701509.908895432716236 ], [ 651843.575243197381496, 701537.012175320414826 ], [ 651905.89860323863104, 701575.3420488309348 ], [ 651977.866632541641593, 701637.079216794576496 ], [ 652037.662274901522323, 701710.787864549900405 ], [ 652063.081149500561878, 701743.391994453500956 ], [ 652091.612786904908717, 701771.132341343676671 ], [ 652099.277981861610897, 701781.011915898183361 ], [ 652117.846340762916952, 701793.471437489148229 ], [ 652132.198171331663616, 701807.656685564783402 ], [ 652155.447738258168101, 701839.530153424595483 ], [ 652174.897444462170824, 701859.279850475373678 ], [ 652196.109942009672523, 701880.913576769991778 ], [ 652224.051153724780306, 701917.412714800098911 ], [ 652255.361118096858263, 701958.012779897078872 ], [ 652277.348417605040595, 701986.782289168331772 ], [ 652285.754822360235266, 702001.296187772066332 ], [ 652292.877110069617629, 702018.838356658816338 ], [ 652299.938267668243498, 702045.302515267045237 ], [ 652299.50574041181244, 702070.818912198184989 ], [ 652278.28312492184341, 702100.014353691833094 ], [ 652274.993261575698853, 702094.507048693601973 ], [ 652267.012161637539975, 702100.787943850038573 ], [ 652288.324741346994415, 702143.775691783404909 ], [ 652330.742051902227104, 702221.689720297115855 ], [ 652321.274768816074356, 702248.728331841062754 ], [ 652320.329446614487097, 702262.648174114525318 ], [ 652322.699809924117289, 702280.163550869561732 ], [ 652303.238847709959373, 702446.485176177578978 ], [ 652223.251291639986448, 702406.703561568050645 ], [ 652184.577316102222539, 702405.767641629325226 ], [ 652162.896589290467091, 702404.47016798867844 ], [ 652152.832880480214953, 702402.82687588094268 ], [ 652145.018261026358232, 702398.925324784708209 ], [ 652142.436146912281401, 702391.610487530124374 ], [ 652141.391968528274447, 702381.343587063369341 ], [ 652139.589398030773737, 702360.930118919815868 ], [ 652137.119443804142065, 702321.104800483677536 ], [ 652134.402830729610287, 702316.469357648864388 ], [ 652131.138363463920541, 702314.227576733683236 ], [ 652128.446419466636144, 702314.528826079913415 ], [ 652125.196721353684552, 702315.242419666261412 ], [ 652122.225902505335398, 702316.806939993984997 ], [ 652134.057608593953773, 702729.293026105267927 ], [ 652132.966189297381788, 702737.046851390041411 ], [ 652134.708166328142397, 702745.339972278801724 ], [ 652138.547835334786214, 702748.564031284768134 ], [ 652142.544497963623144, 702753.613708387943916 ], [ 652142.411397224408574, 702756.569823717116378 ], [ 652140.727058976772241, 702759.810418170760386 ], [ 652136.928933066898026, 702764.899046759237535 ], [ 652132.834404987981543, 702767.742129634716548 ], [ 652129.306632437044755, 702769.862889284966514 ], [ 652125.061412502429448, 702770.028004143037833 ], [ 652121.344179304782301, 702768.054144259076566 ], [ 652109.005044853664003, 702761.241907136514783 ], [ 652101.072951157460921, 702761.281558673246764 ], [ 652093.585134848137386, 702763.566020032390952 ], [ 652050.703349785646424, 702886.282226312789135 ], [ 652053.849446216365322, 702888.103962311521173 ], [ 652057.847574260202236, 702889.22408387332689 ], [ 652076.680184659780934, 702840.669363873079419 ], [ 652077.830437011783943, 702838.350169462151825 ], [ 652080.229726879275404, 702838.681314714951441 ], [ 652081.350571868708357, 702838.930299739120528 ], [ 652083.89883648196701, 702839.482082636095583 ], [ 652086.045080848271027, 702839.903046652441844 ], [ 652088.169371001189575, 702840.158084109309129 ], [ 652092.564823028864339, 702840.468181542237289 ], [ 652098.728223620681092, 702841.588555241352879 ], [ 652103.047147115576081, 702843.492988625192083 ], [ 652111.957279687048867, 702846.835594848380424 ], [ 652123.21489157830365, 702854.937256389530376 ], [ 652134.1760979994433, 702865.021775503526442 ], [ 652144.003623594180681, 702876.517742134281434 ], [ 652153.368845484452322, 702890.617263549356721 ], [ 652155.45342934736982, 702899.838482102961279 ], [ 652156.636263566557318, 702910.381430010427721 ], [ 652157.358410945744254, 702930.191521817585453 ], [ 652144.04113461531233, 702996.052835707669146 ], [ 652128.723473407560959, 703020.913116735639051 ], [ 652106.895473779295571, 703047.067832926171832 ], [ 652091.702523544663563, 703067.278496596729383 ], [ 652086.787032356718555, 703077.021751485182904 ], [ 652081.151162191759795, 703082.108514390536584 ], [ 652076.494781099609099, 703086.636925588478334 ], [ 652067.605208749417216, 703093.721333463327028 ], [ 652057.732005960075185, 703100.533937222557142 ], [ 652036.130887926789001, 703114.99862151616253 ], [ 652013.810915256501175, 703127.219897463917732 ], [ 652003.499062766437419, 703132.905674694571644 ], [ 651996.843680614838377, 703134.765383834950626 ], [ 651990.479156252462417, 703135.649557707132772 ], [ 651981.550855458248407, 703134.985821113688871 ], [ 651972.759892383008264, 703132.218269851873629 ], [ 651958.245803263038397, 703125.538770540500991 ], [ 651906.068474464118481, 703081.158337957691401 ], [ 651946.269420546479523, 703020.276147637167014 ], [ 651942.005190209369175, 703016.633624194422737 ], [ 651937.464267163886689, 703014.686060914304107 ], [ 651859.022222954779863, 703135.455595494364388 ], [ 651859.603157391189598, 703137.566884573432617 ], [ 651861.311379385413602, 703139.107999611995183 ], [ 651863.440687881666236, 703140.370276795933023 ], [ 651867.264738750644028, 703140.48394302430097 ], [ 651895.382840026170015, 703096.564723388990387 ], [ 651902.477584707550704, 703100.181989070144482 ], [ 651908.601384532870725, 703106.062219486921094 ], [ 651916.004633440752514, 703114.338040772359818 ], [ 651920.873724587028846, 703124.873586508096196 ], [ 651924.731648672604933, 703131.750321681145579 ], [ 651926.905356049421243, 703141.878742174594663 ], [ 651933.367905782186426, 703158.461116083781235 ], [ 651933.030739593319595, 703175.498169184778817 ], [ 651929.851061562309042, 703192.272730004740879 ], [ 651920.830093318247236, 703230.041448885807768 ], [ 651911.002861589891836, 703246.008056961814873 ], [ 651899.754686282249168, 703262.955870917299762 ], [ 651886.662461833795533, 703278.651051768101752 ], [ 651871.152504079276696, 703294.535462889820337 ], [ 651852.36372321867384, 703303.174979439121671 ], [ 651831.857852506684139, 703310.605519054224715 ], [ 651820.815205246792175, 703311.646029954194091 ], [ 651815.008354195742868, 703312.095770066138357 ], [ 651809.903479298925959, 703311.412942201364785 ], [ 651798.706601455225609, 703309.078158277552575 ], [ 651793.170817847480066, 703306.714989896863699 ], [ 651788.339838978485204, 703303.78376339841634 ], [ 651778.663053666474298, 703294.965934276697226 ], [ 651774.391078444779851, 703289.773807757068425 ], [ 651772.389922154368833, 703286.684492882806808 ], [ 651772.083601015154272, 703282.468696108553559 ], [ 651795.544226394733414, 703242.922841665451415 ], [ 651791.000509814824909, 703240.410800669225864 ], [ 651789.040240522474051, 703239.77427629835438 ], [ 651719.231374038383365, 703351.949064447195269 ], [ 651719.756383910425939, 703357.647025402053259 ], [ 651723.227491693920456, 703359.116378714563325 ], [ 651724.737953390344046, 703359.016733925673179 ], [ 651746.226934663485736, 703324.406464476953261 ], [ 651753.887749105575494, 703325.076452565845102 ], [ 651757.854064918705262, 703326.185604127589613 ], [ 651762.259741577552631, 703328.554431798052974 ], [ 651769.934699710574932, 703334.150112454546615 ], [ 651777.086828059284016, 703342.903117078822106 ], [ 651784.192581133102067, 703352.940374729107134 ], [ 651789.501806794432923, 703366.99366568797268 ], [ 651793.769903875887394, 703398.795977099100128 ], [ 651790.877617321908474, 703413.875553198857233 ], [ 651788.403569377958775, 703430.214912358322181 ], [ 651780.486950444988906, 703460.661490782280453 ], [ 651772.219565206905827, 703478.026132781989872 ], [ 651762.805151338106953, 703494.123584129032679 ], [ 651750.827738405088894, 703506.713918694993481 ], [ 651738.310253544710577, 703519.019173804670572 ], [ 651714.140630991081707, 703535.057865026057698 ], [ 651699.00520225148648, 703539.21834238502197 ], [ 651684.170179235748947, 703540.100862926570699 ], [ 651672.766468827729113, 703532.310111239203252 ], [ 651661.886884979088791, 703521.627693299786188 ], [ 651653.238238635938615, 703496.699186449404806 ], [ 651650.380918107926846, 703474.553155062603764 ], [ 651652.331154717830941, 703467.503399437991902 ], [ 651652.312754551763646, 703463.839612766634673 ], [ 651651.168536652694456, 703461.033802519668825 ], [ 651648.470253279083408, 703460.040064095752314 ], [ 651646.624185559689067, 703460.492100654402748 ], [ 651644.940713588264771, 703463.876637812471017 ], [ 651644.45449644420296, 703478.523527279612608 ], [ 651646.231307944632135, 703493.723576296702959 ], [ 651649.455174707225524, 703515.247896280838177 ], [ 651654.207411999581382, 703529.846340397256427 ], [ 651667.442401626030914, 703544.756400749552995 ], [ 651745.767245898023248, 703596.963730229414068 ], [ 651733.214541055960581, 703749.570343369501643 ], [ 651733.298191442969255, 703766.240030718501657 ], [ 651734.372669864795171, 703784.620461608166806 ], [ 651727.211486859829165, 703782.453641542932019 ], [ 651725.335108122322708, 703812.63750444247853 ], [ 651794.135077574872412, 703947.579271287540905 ], [ 651830.374844272038899, 703994.463515443494543 ], [ 651840.125741885509342, 704022.353129414841533 ], [ 651846.517818735796027, 704033.345946945715696 ], [ 651841.467391128069721, 704035.380407228483818 ], [ 651837.531877886969596, 704046.386154709733091 ], [ 651844.309071928961203, 704066.785806823987514 ], [ 651838.748320866841823, 704070.112490484840237 ], [ 651838.901498845079914, 704073.100182299502194 ], [ 651841.293373368214816, 704085.546588867087848 ], [ 651846.692292164545506, 704093.439409803249873 ], [ 651849.055548753822222, 704120.325566607760265 ], [ 651848.479102750890888, 704122.938491940498352 ], [ 651850.808695501298644, 704135.060870226239786 ], [ 651845.937626042985357, 704197.836230388493277 ], [ 651837.976238997885957, 704231.946949626551941 ], [ 651837.287240169243887, 704236.734849398839287 ], [ 651845.216661225887947, 704247.85021730477456 ], [ 651845.393383160233498, 704264.143106330884621 ], [ 651839.092933246865869, 704265.09342714282684 ], [ 651839.259489379357547, 704268.822892675409093 ], [ 651841.967526382533833, 704278.107396351406351 ], [ 651851.411081865429878, 704291.066301907412708 ], [ 651865.35488995234482, 704312.669796801637858 ], [ 651880.638598903082311, 704329.783585958415642 ], [ 651894.28147082135547, 704346.141837335191667 ], [ 651899.020989198470488, 704356.168874381110072 ], [ 651900.765060894540511, 704362.779484516126104 ], [ 651902.336629261611961, 704366.579396708053537 ], [ 651901.794520425260998, 704370.102100025280379 ], [ 651902.23598711763043, 704373.896604588720948 ], [ 651906.395739628002048, 704384.147931307903491 ], [ 651912.264373419573531, 704396.095347192138433 ], [ 651925.970788790029474, 704418.829131639446132 ], [ 651913.485020981635898, 704426.828246514778584 ], [ 651939.536381732905284, 704480.936582383001223 ], [ 651965.53248445619829, 704528.745579853770323 ], [ 651980.165458098636009, 704520.914165024412796 ], [ 651997.717995872953907, 704550.369864057633094 ], [ 652011.313517615199089, 704567.868563271826133 ], [ 652010.654822314972989, 704569.587291273172013 ], [ 652013.564242760417983, 704574.432374452939257 ], [ 652007.797197244944982, 704577.043671751744114 ], [ 652007.007909141946584, 704579.103156608180143 ], [ 651999.645689441356808, 704585.239101839601062 ], [ 652000.279050223296508, 704586.701881993911229 ], [ 652014.518940507317893, 704619.589723977143876 ], [ 652032.41918878047727, 704648.91089040110819 ], [ 652048.56117429677397, 704670.890954087022692 ], [ 652063.93613095197361, 704689.443431463558227 ], [ 652067.72115904581733, 704696.597311007673852 ], [ 652080.388722615200095, 704708.079085894394666 ], [ 652090.06185695133172, 704716.332580112619326 ], [ 652096.737803498050198, 704720.804345300304703 ], [ 652100.289116923813708, 704721.351116510224529 ], [ 652103.396860146545805, 704719.785898000467569 ], [ 652120.812559614074416, 704762.082620108732954 ], [ 652129.600426136166789, 704796.076340888510458 ], [ 652143.257836587610655, 704826.016560061834753 ], [ 652131.115939436131157, 704833.0508095753612 ], [ 652144.0462659036275, 704856.984114542370662 ], [ 652151.266024316428229, 704868.847377507132478 ], [ 652158.060133135644719, 704882.18496794719249 ], [ 652157.865068071871065, 704887.532344826264307 ], [ 652156.30322327313479, 704892.0010187785374 ], [ 652152.488587295869365, 704893.702591818990186 ], [ 652146.066939547657967, 704885.156086047762074 ], [ 652141.505337171955034, 704878.980155202094465 ], [ 652137.644286889233626, 704871.394941562786698 ], [ 652135.224451449466869, 704869.016097879502922 ], [ 652132.384281408390962, 704867.059983238577843 ], [ 652128.713296694215387, 704870.033795698662288 ], [ 652127.464964661514387, 704873.836755466531031 ], [ 652136.291029107174836, 704883.788089914363809 ], [ 652140.573794123483822, 704891.227296902332455 ], [ 652145.576853678794578, 704899.094602447352372 ], [ 652133.576109998626634, 704906.891918220557272 ], [ 652130.185352668398991, 704908.879175229696557 ], [ 652133.191680885502137, 704914.498350040987134 ], [ 652142.102962314267643, 704914.033185664680786 ], [ 652147.353103095549159, 704914.283677541534416 ], [ 652152.7405387168983, 704916.647693652426824 ], [ 652156.590346688521095, 704921.98592836165335 ], [ 652161.886942116776481, 704931.534283668152057 ], [ 652165.269903020118363, 704930.100528840557672 ], [ 652167.39197278895881, 704927.842887521372177 ], [ 652162.66212698048912, 704917.583273035823368 ], [ 652164.352584335487336, 704915.604516915860586 ], [ 652168.738887182786129, 704914.176818843348883 ], [ 652174.825493786018342, 704914.854836072074249 ], [ 652180.794493103399873, 704917.359853523201309 ], [ 652186.052373300073668, 704921.274207904818468 ], [ 652188.898169779218733, 704924.359356375061907 ], [ 652190.755445229122415, 704928.290698874159716 ], [ 652193.886436999309808, 704935.613910616491921 ], [ 652193.981870942632668, 704937.805127003928646 ], [ 652193.417223442113027, 704938.937001370359212 ], [ 652188.286908118519932, 704943.644880963489413 ], [ 652183.478175914264284, 704945.074684991152026 ], [ 652179.358774559688754, 704942.848224689136259 ], [ 652176.091926986700855, 704940.041909887222573 ], [ 652171.998570150462911, 704943.028894011396915 ], [ 652172.162571384920739, 704948.374477585195564 ], [ 652185.704306765808724, 704965.762889001169242 ], [ 652192.123815417755395, 704956.97511895862408 ], [ 652195.285604218719527, 704955.664234698982909 ], [ 652198.220693652052432, 704955.483537298627198 ], [ 652203.116395224700682, 704958.779832694446668 ], [ 652204.523694004281424, 704963.543610978289507 ], [ 652202.428052769741043, 704966.863755595171824 ], [ 652202.574023291817866, 704968.600884307874367 ], [ 652203.417452202178538, 704970.423082878813148 ], [ 652204.720030161319301, 704971.136072561726905 ], [ 652208.127312841475941, 704972.458423796691932 ], [ 652218.837019942235202, 704966.261558078345843 ], [ 652229.36304396041669, 704988.845425706007518 ], [ 652243.905516809551045, 705035.35183898487594 ], [ 652273.445246053859591, 705130.653758633881807 ], [ 652273.701613717712462, 705135.467564484337345 ], [ 652274.572604524902999, 705140.69893105479423 ], [ 652275.33024392707739, 705146.495390702271834 ], [ 652275.094168368726969, 705154.21177492919378 ], [ 652280.970918898237869, 705225.014021079405211 ], [ 652282.824234900996089, 705249.323726246948354 ], [ 652283.761811032774858, 705261.550474493997172 ], [ 652283.274612034671009, 705278.200930262799375 ], [ 652283.02681477367878, 705285.684922751970589 ], [ 652279.641567432903685, 705290.882186419796199 ], [ 652281.645314327441156, 705294.547149656107649 ], [ 652283.644224223447964, 705303.591751936473884 ], [ 652288.906180267571472, 705318.929496111231856 ], [ 652281.009385509649292, 705370.274493378587067 ], [ 652280.050905790412799, 705383.484794106101617 ], [ 652279.526767579256557, 705390.615954207605682 ], [ 652279.729830721393228, 705395.330406517139636 ], [ 652281.348074138746597, 705459.302128743613139 ], [ 652286.219419634318911, 705485.257161499699578 ], [ 652291.511517894105054, 705510.878022248391062 ], [ 652304.115134388324805, 705558.357227057684213 ], [ 652319.00692545925267, 705609.378234624164179 ], [ 652324.305245124851353, 705627.793047708575614 ], [ 652335.163032914162613, 705651.349436972639523 ], [ 652350.599737672135234, 705680.373308515525423 ], [ 652367.306356814573519, 705703.579544345615432 ], [ 652376.482887679361738, 705716.141581949545071 ], [ 652385.643348932266235, 705725.482573864748701 ], [ 652398.04670574713964, 705732.859230074449442 ], [ 652416.950427060481161, 705739.229409687337466 ], [ 652448.869441897259094, 705746.508847649791278 ], [ 652516.256116945063695, 705752.648706558858976 ], [ 652575.840866045909934, 705761.406733172014356 ], [ 652639.348987407283857, 705773.377631960436702 ], [ 652663.431980217574164, 705780.685315498500131 ], [ 652687.778143489500508, 705792.076247256132774 ], [ 652761.207252220599912, 705826.258354468271136 ], [ 652790.430925289052539, 705839.495883863652125 ], [ 652823.814128039986826, 705863.106772058294155 ], [ 652871.136832289514132, 705910.048811660031788 ], [ 652869.332169421832077, 705923.064050675486214 ], [ 652870.93862244754564, 705927.57230733265169 ], [ 652873.382269279682077, 705930.53779518743977 ], [ 652876.960427911253646, 705934.416397853638045 ], [ 652880.231531041208655, 705936.005203808075748 ], [ 652890.614820432267152, 705940.713452199124731 ], [ 652894.848557949648239, 705942.62956180924084 ], [ 652966.40342258173041, 705978.116835517808795 ], [ 652972.317575581255369, 705982.426646821084432 ], [ 653035.686673826538026, 706024.098137507215142 ], [ 653058.059458545874804, 706042.28471542079933 ], [ 653066.072576599544846, 706050.34768582531251 ], [ 653081.311725804116577, 706103.747475483221933 ], [ 653091.639212180394679, 706114.278499043546617 ], [ 653165.934174902969971, 706136.016090996563435 ], [ 653207.055242614471354, 706137.860566995805129 ], [ 653232.197036785655655, 706150.133783246157691 ], [ 653241.34332471806556, 706154.593741297023371 ], [ 653253.338777676108293, 706162.891702016117051 ], [ 653264.916497968719341, 706178.552742618252523 ], [ 653274.005842795129865, 706188.591867268667556 ], [ 653292.725971439736895, 706209.254122467129491 ], [ 653320.954480874352157, 706249.982158469618298 ], [ 653330.844056576024741, 706265.97258277121 ], [ 653346.960593110648915, 706274.803715883987024 ], [ 653384.277953135897405, 706263.472867858596146 ], [ 653407.998372331843711, 706261.684388037770987 ], [ 653430.679229326080531, 706256.812760798842646 ], [ 653482.497193924500607, 706245.698387228534557 ], [ 653585.249912145431153, 706260.677938972599804 ], [ 653623.22523299138993, 706277.858533902559429 ], [ 653692.664668424520642, 706332.508586495066993 ], [ 653706.748056472977623, 706344.549012299161404 ], [ 653732.947441799915396, 706372.292400559294038 ], [ 653747.74020313017536, 706386.864213510067202 ], [ 653760.14472729107365, 706403.263123958487995 ], [ 653760.16899271029979, 706408.1998636740027 ], [ 653758.352976289577782, 706412.570051104528829 ], [ 653753.555538515676744, 706416.246465814067051 ], [ 653746.653594283969142, 706423.608198722708039 ], [ 653743.343202995951287, 706441.921845994656906 ], [ 653747.956502978922799, 706458.790753514855169 ], [ 653759.065970059367828, 706471.68709829391446 ], [ 653774.265269748982973, 706480.899446780909784 ], [ 653803.928025641129352, 706493.571814525523223 ], [ 653823.490516200312413, 706496.70791690191254 ], [ 653833.408271778258495, 706499.194047942291945 ], [ 653841.941600652644411, 706505.771515217842534 ], [ 653843.545960643910803, 706514.209430365241133 ], [ 653844.408048403332941, 706517.725200073677115 ], [ 653846.821276625501923, 706518.842406573356129 ], [ 653849.514732884592377, 706518.962009854032658 ], [ 653852.19443727855105, 706516.281175150186755 ], [ 653854.846243609441444, 706510.069405241520144 ], [ 653866.882601634599268, 706509.589675525203347 ], [ 653904.459827015176415, 706482.385314218350686 ], [ 653924.229135050321929, 706467.411304061301053 ], [ 653935.602784888469614, 706463.149205090245232 ], [ 653947.098602015757933, 706462.262616872903891 ], [ 653973.361868418869562, 706466.52826279704459 ], [ 653981.176814339123666, 706468.748051827191375 ], [ 653986.06982947641518, 706471.635254496126436 ], [ 653999.136328421533108, 706480.946789417415857 ], [ 654020.646119169425219, 706489.253922752453946 ], [ 654045.76742019446101, 706504.007788782124408 ], [ 654048.413771155523136, 706511.754323865403421 ], [ 654053.65631080919411, 706519.167130544548854 ], [ 654063.769653419032693, 706524.939970032311976 ], [ 654073.865582299418747, 706527.159689185675234 ], [ 654100.229659066302702, 706528.314568291418254 ], [ 654122.316457123262808, 706520.767903587897308 ], [ 654136.621583808213472, 706517.786661778809503 ], [ 654153.222477155853994, 706519.974574085325003 ], [ 654176.998874169774354, 706525.359586357721128 ], [ 654199.167972202529199, 706534.626709215110168 ], [ 654212.202702839742415, 706537.474133835406974 ], [ 654223.610104429535568, 706542.266636120271869 ], [ 654234.061843189992942, 706550.307092852075584 ], [ 654248.737516962457448, 706558.315829076105729 ], [ 654244.908870380022563, 706572.237459828262217 ], [ 654310.724828464211896, 706592.615086019854061 ], [ 654319.14069107780233, 706583.84036390518304 ], [ 654326.286132953944616, 706580.894249166012742 ], [ 654338.651872057234868, 706580.8338291014079 ], [ 654359.833578369347379, 706586.884823248372413 ], [ 654369.943605466745794, 706592.004754978464916 ], [ 654376.163844144553877, 706600.707969198119827 ], [ 654396.655992604559287, 706599.633810085011646 ], [ 654402.518344368203543, 706599.926192823098972 ], [ 654409.366479993797839, 706603.136031726375222 ], [ 654417.17975422332529, 706605.034996547037736 ], [ 654424.356757523259148, 706608.553172692423686 ], [ 654446.530397022492252, 706618.794643370667472 ], [ 654640.348706581979059, 706767.615934737608768 ], [ 654677.750706245773472, 706795.405670573469251 ], [ 654755.797381583135575, 706853.371602486120537 ], [ 654788.724073108984157, 706866.472358392784372 ], [ 654825.512697194470093, 706872.436901122913696 ], [ 654855.785008624196053, 706873.905874695861712 ], [ 654882.13806139701046, 706875.072927963337861 ], [ 654900.951907128444873, 706863.336739744176157 ], [ 654917.866789753199555, 706860.675465950858779 ], [ 654932.834746478591114, 706861.565803769859485 ], [ 655002.15193345642183, 706866.088735816767439 ], [ 655113.766975721344352, 706869.421722605940886 ], [ 655138.496534281875938, 706868.980885740020312 ], [ 655152.176607518689707, 706872.146816794527695 ], [ 655163.917209605802782, 706878.233350888011046 ], [ 655170.47336391126737, 706886.614187409053557 ], [ 655197.137985853012651, 706952.136485195718706 ], [ 655212.806007332634181, 706962.410329671925865 ], [ 655230.397781025618315, 706966.520399225992151 ], [ 655244.527452244306915, 706968.613862281083129 ], [ 655244.527452244306915, 697436.891231601592153 ] ] ] } },
{ "type": "Feature", "properties": { "cell_id": 18, "parish": "St. Elizabeth", "centroid_x": 661420.66643144214, "centroid_y": 653603.86041128414, "land_area_km2": 63.608399738262221, "total_buildings": 35, "damaged_buildings": 26, "Damage_Ratio": 0.74285714285714288, "Dist_km": 1.8545292602029686, "Delta_P": 121.23905582791633, "DeltaP_x_Dist": 224.84137651225208, "Pop_Dens": 87.02001953125, "ln_Pop_Dens": 4.4775642832785127, "Delta_P_c": 7.8611157646167555, "Dist_km_c": -51.207400068831021, "DeltaP_x_Dist_c": -402.54729994612467, "hat_y_ols": 0.76795769537470782, "hat_y_frac": 0.75652159749155967, "residual_frac": -0.013664454634416789, "abs_residual_frac": 0.013664454634416789, "basis_risk_category": "Concordant Alignment" }, "geometry": { "type": "Polygon", "coordinates": [ [ [ 655244.527452244306915, 657436.891231601592153 ], [ 665244.527452244306915, 657436.891231601592153 ], [ 665244.527452244306915, 647436.891231601592153 ], [ 660955.147416017716751, 647436.891231601592153 ], [ 660953.108583098626696, 647452.892024224740453 ], [ 660956.236157119739801, 647481.566424492513761 ], [ 660964.263421120122075, 647513.937501901760697 ], [ 660984.715579079464078, 647560.430531263235025 ], [ 661031.582355104386806, 647646.283907988574356 ], [ 661041.037088748766109, 647664.127170801511966 ], [ 661049.374143234570511, 647683.093381621991284 ], [ 661060.816612035734579, 647725.886278892750852 ], [ 661076.576610686839558, 647812.256991083151661 ], [ 661087.152177071082406, 647913.925212333793752 ], [ 661089.470561717287637, 648011.911938169272617 ], [ 661097.118179795448668, 648126.631697005708702 ], [ 661106.466232190141454, 648205.206320394412614 ], [ 661107.669888477073982, 648223.086973757017404 ], [ 661109.254834814695641, 648240.965901561081409 ], [ 661114.963203940656967, 648259.567730800830759 ], [ 661128.972398870158941, 648291.546572044026107 ], [ 661153.155801784712821, 648334.281888634664938 ], [ 661203.376794474432245, 648415.283772353082895 ], [ 661234.392947241431102, 648474.756521259201691 ], [ 661260.410146437003277, 648508.540632885065861 ], [ 661291.321145976311527, 648547.150515490211546 ], [ 661339.310282017337158, 648633.741179775679484 ], [ 661404.73699755652342, 648761.249666471383534 ], [ 661535.34104050451424, 648961.470094089745544 ], [ 661659.749704873538576, 649120.00346454535611 ], [ 661848.178297195350751, 649573.160798275144771 ], [ 661932.373857826227322, 649870.161939169978723 ], [ 661949.983169514453039, 650034.788074956508353 ], [ 661949.524559963028878, 650215.931464329827577 ], [ 661923.839790458325297, 650416.048151626368053 ], [ 661881.118560955277644, 650607.375768046593294 ], [ 661817.585759829846211, 650802.858982833800837 ], [ 661767.102860870072618, 650932.693891558796167 ], [ 661721.224366688169539, 651035.955732394009829 ], [ 661654.992275181692094, 651155.71227459073998 ], [ 661596.190412661293522, 651260.294356411672197 ], [ 661499.087977954535745, 651421.873177232220769 ], [ 661400.739887867937796, 651560.50275516579859 ], [ 661315.609179905732162, 651668.635685848305002 ], [ 661232.193161604576744, 651769.345575960353017 ], [ 661002.823769656941295, 652020.391736378194764 ], [ 660860.163659314624965, 652154.078338671009988 ], [ 660670.80741475452669, 652309.052210198598914 ], [ 660605.872104639536701, 652360.073208636255004 ], [ 660544.077734650229104, 652403.144231808139011 ], [ 660469.039949940750375, 652470.238443919573911 ], [ 660469.929711340228096, 652474.938362232991494 ], [ 660472.130032748682424, 652486.051847843453288 ], [ 660470.875250702840276, 652494.192680569831282 ], [ 660460.174375647096895, 652509.216724590165541 ], [ 660428.918415964464657, 652544.87707868241705 ], [ 660401.551030200440437, 652585.655373536166735 ], [ 660387.85659486008808, 652603.681528748827986 ], [ 660374.988676781067625, 652614.863785807276145 ], [ 660345.395705761970021, 652638.96150657790713 ], [ 660338.927651091129519, 652639.400566057069227 ], [ 660325.16584755841177, 652640.337803603266366 ], [ 660309.677975715370849, 652641.271867611096241 ], [ 660306.95155485207215, 652610.04991840175353 ], [ 660264.772408451652154, 652611.947152758133598 ], [ 660263.144171674037352, 652633.349387009860948 ], [ 660239.502211196231656, 652641.160912564140745 ], [ 660231.782333550509065, 652648.047411547508091 ], [ 660225.80801390868146, 652659.198249729932286 ], [ 660218.514454756164923, 652664.367236741702072 ], [ 660210.258266953518614, 652667.437674509827048 ], [ 660187.184496175847016, 652669.812188276555389 ], [ 660166.976101436419412, 652675.870390911353752 ], [ 660142.677502017235383, 652688.267265267437324 ], [ 660123.62734876119066, 652702.134347894811071 ], [ 660077.737998455879278, 652747.048856086679734 ], [ 660061.863565454143099, 652769.910955543862656 ], [ 660049.365438188193366, 652766.979802655405365 ], [ 660042.466112755704671, 652765.72750405035913 ], [ 660032.108503036317416, 652767.745100393658504 ], [ 659989.499688299605623, 652793.640716923866421 ], [ 659903.926411089138128, 652853.236932413070463 ], [ 659842.395520087215118, 652890.752761381561868 ], [ 659809.411399213131517, 652914.04782853089273 ], [ 659732.991743868915364, 652958.295453114085831 ], [ 659648.864980228012428, 652993.646818968350999 ], [ 659594.560567191569135, 653006.691624084138311 ], [ 659559.122911193175241, 653007.574269101023674 ], [ 659526.157433325774036, 653011.821382439928129 ], [ 659504.823703079367988, 653017.132820321246982 ], [ 659486.942541055963375, 653024.852296939236112 ], [ 659456.82046361383982, 653032.583965489757247 ], [ 659427.469974467414431, 653033.117799401981756 ], [ 659398.878613704582676, 653026.055397818097845 ], [ 659379.525301600107923, 653015.353234991314821 ], [ 659358.556440976681188, 653001.061389112728648 ], [ 659336.412300554569811, 652995.972656040336005 ], [ 659308.252730026608333, 652995.294736078474671 ], [ 659198.26704949804116, 653018.924545370042324 ], [ 659092.312635119538754, 653039.525758988340385 ], [ 659070.230492973001674, 653047.829546055872925 ], [ 659051.165908375987783, 653058.344085084972903 ], [ 659019.53165569412522, 653080.18430284562055 ], [ 658968.466245065792464, 653083.686123965540901 ], [ 658913.751988438772969, 653083.563572114682756 ], [ 658862.792903551599011, 653087.153720443602651 ], [ 658812.596232548356056, 653090.740460026543587 ], [ 658676.646224327851087, 653111.859580403193831 ], [ 658596.439778350759298, 653108.513913591741584 ], [ 658573.561143033672124, 653104.890460604568943 ], [ 658552.192896873923019, 653104.989979017525911 ], [ 658531.606124965008348, 653109.181110156350769 ], [ 658510.407241996028461, 653118.35580090759322 ], [ 658489.367171327699907, 653134.336711556301452 ], [ 658471.589557518484071, 653152.803846512688324 ], [ 658453.548101328895427, 653166.911361129372381 ], [ 658368.789551273453981, 653209.15559492725879 ], [ 658293.51151842798572, 653220.309633145807311 ], [ 658253.401431274134666, 653218.261255618417636 ], [ 658214.023992401780561, 653212.114303751965053 ], [ 658169.309263572795317, 653185.505171366618015 ], [ 658155.791250071953982, 653179.602649393142201 ], [ 658144.152596900006756, 653177.056074050837196 ], [ 658132.183493929100223, 653180.830989373382181 ], [ 658122.842099802917801, 653187.216776343877427 ], [ 658102.620878571178764, 653190.288760386873037 ], [ 658086.82479445671197, 653179.560149156022817 ], [ 658068.427203259780072, 653171.821075675077736 ], [ 658056.816538341809064, 653172.993333477876149 ], [ 658047.064383119926788, 653170.803231406374834 ], [ 658036.904848336009309, 653163.025605468894355 ], [ 658026.023325946647674, 653159.357666238560341 ], [ 658016.641768302419223, 653157.165843137889169 ], [ 658008.025963376043364, 653157.947780127753504 ], [ 657999.069269837578759, 653165.073392300517298 ], [ 657992.754154962138273, 653177.764997904771008 ], [ 657983.832335008075461, 653192.328279032954015 ], [ 657981.297099582385272, 653211.709498171228915 ], [ 657986.31755357910879, 653322.68887742748484 ], [ 657991.266940995934419, 653339.433995356201194 ], [ 657995.796693774755113, 653347.97954945708625 ], [ 658009.375792168080807, 653364.673165030078962 ], [ 658023.706485969712958, 653385.845887772506103 ], [ 658028.647178814862855, 653398.484756529214792 ], [ 658031.70655790832825, 653411.874008495360613 ], [ 658027.272693849285133, 653426.051000225241296 ], [ 658018.351014787447639, 653440.625337253441103 ], [ 658001.210469017038122, 653461.569198154262267 ], [ 657832.271678900462575, 653559.949858463136479 ], [ 657813.916333225206472, 653561.153926403960213 ], [ 657791.403513944940642, 653554.176003591506742 ], [ 657735.017191608785652, 653517.938001393573359 ], [ 657685.788264125818387, 653490.609608334139921 ], [ 657674.912061046925373, 653488.048657656065188 ], [ 657664.438053726800717, 653492.204216663143598 ], [ 657657.721113376901485, 653498.190498396055773 ], [ 657658.509709595469758, 653506.012004276970401 ], [ 657663.782563364133239, 653512.683463322580792 ], [ 657678.840875999769196, 653526.403620096622035 ], [ 657683.386567745124921, 653536.066917106043547 ], [ 657685.671629962162115, 653544.622956895618699 ], [ 657685.392104172031395, 653563.993616290390491 ], [ 657681.364151413668878, 653585.617677899543196 ], [ 657673.956838952959515, 653602.40976206457708 ], [ 657663.161256524850614, 653619.228853169595823 ], [ 657650.848135517095216, 653630.830899327876978 ], [ 657607.462809372227639, 653648.168597795069218 ], [ 657582.747279067989439, 653652.380160497850738 ], [ 657560.675275888992473, 653660.309290150296874 ], [ 657518.786567582632415, 653678.38170834700577 ], [ 657500.849350228207186, 653689.645093085593544 ], [ 657479.156782136764377, 653699.431984795955941 ], [ 657429.754090388305485, 653711.585315210511908 ], [ 657403.176781160989776, 653718.406910413061269 ], [ 657378.452609716099687, 653720.759314393624663 ], [ 657340.581200854619965, 653717.21910472039599 ], [ 657300.073254214716144, 653709.208796021062881 ], [ 657272.716130836051889, 653710.090626708115451 ], [ 657246.131891947356053, 653713.193552224198356 ], [ 657217.28878503839951, 653717.801396072260104 ], [ 657191.09630021371413, 653725.374097744817846 ], [ 657183.615504765883088, 653728.763128039892763 ], [ 657177.652353424578905, 653735.12233164801728 ], [ 657170.99200739315711, 653753.028967007179745 ], [ 657166.940011418191716, 653769.440132158342749 ], [ 657156.90203760494478, 653785.138036231393926 ], [ 657146.782980150426738, 653785.927462151274085 ], [ 657137.78102561365813, 653783.357944341260009 ], [ 657112.977684193872847, 653768.953801231109537 ], [ 657102.81457548122853, 653760.435101103037596 ], [ 657089.67781716468744, 653754.531506051425822 ], [ 657079.191712090978399, 653756.075341451447457 ], [ 657072.099146675900556, 653763.181492552277632 ], [ 657068.396670988411643, 653772.883694212185219 ], [ 657063.86627587582916, 653844.79310949833598 ], [ 657066.74615101958625, 653898.42705369356554 ], [ 657063.820157445035875, 653913.338705597678199 ], [ 657057.872977791819721, 653923.051537112914957 ], [ 657047.432765808072872, 653934.268782382481731 ], [ 657039.997931474703364, 653947.342328825383447 ], [ 657034.070166092715226, 653961.150311340927146 ], [ 657029.257750480785035, 653975.705651809694245 ], [ 657019.294062094762921, 654007.042650924762711 ], [ 657012.201609790907241, 654014.148825481301174 ], [ 657003.993875356740318, 654020.518715970683843 ], [ 656983.816054373513907, 654032.534763246076182 ], [ 656946.432278049527667, 654053.575487251509912 ], [ 656904.53965705097653, 654068.295582218328491 ], [ 656861.865313135436736, 654078.924239760497585 ], [ 656810.955109643517062, 654089.968401425867341 ], [ 656760.014925216208212, 654096.91760176687967 ], [ 656711.682911515468732, 654097.888777751591988 ], [ 656661.067286346224137, 654092.916235024807975 ], [ 656586.807826453121379, 654081.348977513844147 ], [ 656549.279102070257068, 654069.607124308822677 ], [ 656514.729115633177571, 654054.132241042563692 ], [ 656456.074074438307434, 654013.071886819554493 ], [ 656430.128582360805012, 653994.567739996709861 ], [ 656400.101549892686307, 653986.144085286185145 ], [ 656394.089019131148234, 653982.077516017947346 ], [ 656388.799813324352726, 653972.041736921295524 ], [ 656378.918256338802166, 653944.894277090090327 ], [ 656351.979159190435894, 653873.511090983869508 ], [ 656334.969673026003875, 653843.796629798016511 ], [ 656319.470771383144893, 653815.558115128311329 ], [ 656312.975632113753818, 653790.2539913947694 ], [ 656308.8616596350912, 653755.807239114306867 ], [ 656303.947789228404872, 653704.629184070625342 ], [ 656305.966714782756753, 653655.078275841660798 ], [ 656318.821174034033902, 653601.756747559877113 ], [ 656325.81398165167775, 653573.787241487647407 ], [ 656323.51240692276042, 653564.11354748532176 ], [ 656320.866820224211551, 653557.795160156209022 ], [ 656303.224288122029975, 653553.031479411059991 ], [ 656284.874359089648351, 653555.354839716106653 ], [ 656250.79877168755047, 653561.848538091755472 ], [ 656219.317134123062715, 653561.622574963141233 ], [ 656202.465459746075794, 653562.820967304869555 ], [ 656187.101434960030019, 653562.894377121469006 ], [ 656170.563490525237285, 653554.40662168408744 ], [ 656152.892355988617055, 653541.452743759262376 ], [ 656132.650472900713794, 653540.066374720656313 ], [ 656116.924824046087451, 653544.236802786937915 ], [ 656089.941558007732965, 653543.624285668600351 ], [ 656073.442631452693604, 653541.09111755201593 ], [ 656058.841077279066667, 653543.39675651723519 ], [ 656050.250515161082149, 653549.403624361846596 ], [ 656043.541234832489863, 653556.8846316174604 ], [ 656021.838536212220788, 653564.43740665493533 ], [ 656013.30680838029366, 653582.729713247506879 ], [ 656016.367535804631189, 653596.118653467157856 ], [ 656033.673463211627677, 653610.192045801435597 ], [ 656052.933724335744046, 653641.013359677745029 ], [ 656058.659614169271663, 653662.591091870213859 ], [ 656060.631809793878347, 653683.068898333236575 ], [ 656058.967947502271272, 653727.028694417327642 ], [ 656033.871930967783555, 653808.73252561641857 ], [ 656019.455966940731741, 653849.764955227146856 ], [ 656002.024108639569022, 653888.963446794776246 ], [ 655962.180876380065456, 653940.189750590827316 ], [ 655943.183027723804116, 653964.110606970265508 ], [ 655923.041611872264184, 653985.81225290929433 ], [ 655875.26392275094986, 654025.156304250936955 ], [ 655816.58703546167817, 654057.092787290923297 ], [ 655660.251471493160352, 654121.917275996413082 ], [ 655498.591593088232912, 654171.483449449646287 ], [ 655484.380702732480131, 654175.64709843788296 ], [ 655473.143179646809585, 654177.195411577704363 ], [ 655449.551115356269293, 654181.404257892863825 ], [ 655399.748148509766906, 654189.093084852211177 ], [ 655303.169337006518617, 654210.787533248076215 ], [ 655244.527452244306915, 654219.026941115153022 ], [ 655244.527452244306915, 657436.891231601592153 ] ] ] } },
{ "type": "Feature", "properties": { "cell_id": 19, "parish": "St. Elizabeth", "centroid_x": 660244.52745224431, "centroid_y": 662436.89123160159, "land_area_km2": 100.0, "total_buildings": 57, "damaged_buildings": 43, "Damage_Ratio": 0.75438596491228072, "Dist_km": 7.9404489600120396, "Delta_P": 119.29753646388417, "DeltaP_x_Dist": 947.27599934664738, "Pop_Dens": 104.36497611053719, "ln_Pop_Dens": 4.6574302859186156, "Delta_P_c": 5.9195964005845951, "Dist_km_c": -45.121480369021945, "DeltaP_x_Dist_c": -267.10095278151078, "hat_y_ols": 0.68241325328222502, "hat_y_frac": 0.68772832859588884, "residual_frac": 0.066657636316391877, "abs_residual_frac": 0.066657636316391877, "basis_risk_category": "Concordant Alignment" }, "geometry": { "type": "Polygon", "coordinates": [ [ [ 655244.527452244306915, 657436.891231601592153 ], [ 655244.527452244306915, 667436.891231601592153 ], [ 665244.527452244306915, 667436.891231601592153 ], [ 665244.527452244306915, 657436.891231601592153 ], [ 655244.527452244306915, 657436.891231601592153 ] ] ] } },
{ "type": "Feature", "properties": { "cell_id": 20, "parish": "St. Elizabeth", "centroid_x": 660244.52745224431, "centroid_y": 672436.89123160159, "land_area_km2": 100.0, "total_buildings": 54, "damaged_buildings": 43, "Damage_Ratio": 0.79629629629629628, "Dist_km": 15.708197772327775, "Delta_P": 117.28562960010458, "DeltaP_x_Dist": 1842.3458656104235, "Pop_Dens": 120.27769027217742, "ln_Pop_Dens": 4.7980828771231447, "Delta_P_c": 3.9076895368050231, "Dist_km_c": -37.353731556706208, "DeltaP_x_Dist_c": -145.96678596476445, "hat_y_ols": 0.59063264057739484, "hat_y_frac": 0.5981905937459574, "residual_frac": 0.19810570255033888, "abs_residual_frac": 0.19810570255033888, "basis_risk_category": "Severe Under-Coverage" }, "geometry": { "type": "Polygon", "coordinates": [ [ [ 655244.527452244306915, 667436.891231601592153 ], [ 655244.527452244306915, 677436.891231601592153 ], [ 665244.527452244306915, 677436.891231601592153 ], [ 665244.527452244306915, 667436.891231601592153 ], [ 655244.527452244306915, 667436.891231601592153 ] ] ] } },
{ "type": "Feature", "properties": { "cell_id": 21, "parish": "St. James", "centroid_x": 660244.52745224431, "centroid_y": 682436.89123160159, "land_area_km2": 100.0, "total_buildings": 53, "damaged_buildings": 31, "Damage_Ratio": 0.58490566037735847, "Dist_km": 23.475946584643513, "Delta_P": 115.27372273632511, "DeltaP_x_Dist": 2706.1597575709748, "Pop_Dens": 200.81036931818181, "ln_Pop_Dens": 5.3073284907330951, "Delta_P_c": 1.8957826730255647, "Dist_km_c": -29.585982744390471, "DeltaP_x_Dist_c": -56.088593451248798, "hat_y_ols": 0.50746278267656453, "hat_y_frac": 0.51175140718642542, "residual_frac": 0.07315425319093305, "abs_residual_frac": 0.07315425319093305, "basis_risk_category": "Concordant Alignment" }, "geometry": { "type": "Polygon", "coordinates": [ [ [ 655244.527452244306915, 677436.891231601592153 ], [ 655244.527452244306915, 687436.891231601592153 ], [ 665244.527452244306915, 687436.891231601592153 ], [ 665244.527452244306915, 677436.891231601592153 ], [ 655244.527452244306915, 677436.891231601592153 ] ] ] } },
{ "type": "Feature", "properties": { "cell_id": 22, "parish": "St. James", "centroid_x": 660244.52745224431, "centroid_y": 692436.89123160159, "land_area_km2": 100.0, "total_buildings": 61, "damaged_buildings": 20, "Damage_Ratio": 0.32786885245901637, "Dist_km": 31.243695396959254, "Delta_P": 113.26181587254564, "DeltaP_x_Dist": 3538.7176752283008, "Pop_Dens": 594.2670454545455, "ln_Pop_Dens": 6.389010120747896, "Delta_P_c": -0.11612419075392211, "Dist_km_c": -21.818233932074733, "DeltaP_x_Dist_c": 2.5336247590419423, "hat_y_ols": 0.4333367507151904, "hat_y_frac": 0.43822261157991238, "residual_frac": -0.11035375912089607, "abs_residual_frac": 0.11035375912089607, "basis_risk_category": "Windfall Over-Coverage" }, "geometry": { "type": "Polygon", "coordinates": [ [ [ 655244.527452244306915, 687436.891231601592153 ], [ 655244.527452244306915, 697436.891231601592153 ], [ 665244.527452244306915, 697436.891231601592153 ], [ 665244.527452244306915, 687436.891231601592153 ], [ 655244.527452244306915, 687436.891231601592153 ] ] ] } },
{ "type": "Feature", "properties": { "cell_id": 23, "parish": "St. James", "centroid_x": 660254.77742539509, "centroid_y": 702426.45790031645, "land_area_km2": 99.783902369417916, "total_buildings": 56, "damaged_buildings": 22, "Damage_Ratio": 0.39285714285714285, "Dist_km": 39.009795070895549, "Delta_P": 111.25455163472827, "DeltaP_x_Dist": 4340.0172599751177, "Pop_Dens": 970.60481770833337, "ln_Pop_Dens": 6.8789491556463265, "Delta_P_c": -2.1233884285712747, "Dist_km_c": -14.052134258138437, "DeltaP_x_Dist_c": 29.838139280461153, "hat_y_ols": 0.36585168764998954, "hat_y_frac": 0.36061643904430518, "residual_frac": 0.032240703812837612, "abs_residual_frac": 0.032240703812837612, "basis_risk_category": "Concordant Alignment" }, "geometry": { "type": "Polygon", "coordinates": [ [ [ 665244.527452244306915, 707436.891231601592153 ], [ 665244.527452244306915, 697436.891231601592153 ], [ 655244.527452244306915, 697436.891231601592153 ], [ 655244.527452244306915, 706968.613862281083129 ], [ 655247.327074092347175, 706969.028656427166425 ], [ 655275.293281975085847, 706965.340121562592685 ], [ 655406.877650283742696, 706995.099981361534446 ], [ 655419.612668431364, 707003.772058730595745 ], [ 655432.351176371448673, 707015.35532777721528 ], [ 655454.286674045608379, 707042.092206856003031 ], [ 655471.591588164796121, 707054.616472709109075 ], [ 655491.475470776669681, 707063.254084130516276 ], [ 655530.92169193434529, 707079.556829384411685 ], [ 655585.34596540115308, 707116.420417458633892 ], [ 655621.923700379906222, 707126.981193603016436 ], [ 655659.057271236088127, 707134.561743840342388 ], [ 655683.490664658602327, 707142.856623044935986 ], [ 655705.360266453237273, 707156.012191905872896 ], [ 655753.000841028289869, 707185.525762210018001 ], [ 655784.039719799300656, 707212.551276034093462 ], [ 655812.508800498326309, 707245.400536324130371 ], [ 655827.543289343127981, 707260.194161603343673 ], [ 655843.240276259486564, 707276.611786359222606 ], [ 655868.376782710198313, 707312.598675796180032 ], [ 655905.017010250245221, 707404.385545349214226 ], [ 655916.221049861167558, 707436.891231601592153 ], [ 665244.527452244306915, 707436.891231601592153 ] ] ] } },
{ "type": "Feature", "properties": { "cell_id": 24, "parish": "St. Elizabeth", "centroid_x": 670392.39979207399, "centroid_y": 642580.17793478398, "land_area_km2": 96.558464597442935, "total_buildings": 44, "damaged_buildings": 28, "Damage_Ratio": 0.63636363636363635, "Dist_km": 1.1535958083352449, "Delta_P": 119.18386536120499, "DeltaP_x_Dist": 137.49000750187827, "Pop_Dens": 63.976529113247864, "ln_Pop_Dens": 4.1740261141213235, "Delta_P_c": 5.8059252979054321, "Dist_km_c": -51.90833352069874, "DeltaP_x_Dist_c": -301.37590675993738, "hat_y_ols": 0.72530922580744306, "hat_y_frac": 0.72071788315881591, "residual_frac": -0.084354246795179555, "abs_residual_frac": 0.084354246795179555, "basis_risk_category": "Concordant Alignment" }, "geometry": { "type": "Polygon", "coordinates": [ [ [ 665244.527452244306915, 647436.891231601592153 ], [ 675244.527452244306915, 647436.891231601592153 ], [ 675244.527452244306915, 637436.891231601592153 ], [ 668269.137595347478054, 637436.891231601592153 ], [ 668273.161522650392726, 637442.175952081917785 ], [ 668273.860399413388222, 637452.23388078075368 ], [ 668269.96777010220103, 637459.067976048099808 ], [ 668260.857194617972709, 637464.938723917934112 ], [ 668209.994538521161303, 637483.977092538843863 ], [ 668193.645053823012859, 637476.906279041897506 ], [ 668183.843931821873412, 637477.268060745554976 ], [ 668169.499543421668932, 637480.902767828665674 ], [ 668158.088068406214006, 637486.462173475185409 ], [ 668135.609736883081496, 637498.896664130850695 ], [ 668115.770536730182357, 637516.500018690829165 ], [ 668108.259821487823501, 637517.184334034333006 ], [ 668100.744803088717163, 637514.293697529472411 ], [ 668087.974447369691916, 637506.555040038074367 ], [ 668073.270433495752513, 637502.720398723031394 ], [ 668058.577464017784223, 637504.076626915135421 ], [ 668046.187071801978163, 637508.67726190702524 ], [ 668035.118821945157833, 637515.209294073167257 ], [ 668016.906552248634398, 637534.111989540280774 ], [ 667982.778985120472498, 637571.25483043899294 ], [ 667932.869866131572053, 637582.498048168374225 ], [ 667911.693584379157983, 637591.994331103051081 ], [ 667902.909278095816262, 637599.822923950618133 ], [ 667898.047277303063311, 637607.956103764590807 ], [ 667897.467531733447686, 637626.453201006283052 ], [ 667900.943018144695088, 637649.172408540034667 ], [ 667893.030344870057888, 637657.628241809783503 ], [ 667884.233864200068638, 637662.53493487497326 ], [ 667868.266075834748335, 637670.71453935559839 ], [ 667854.6103271166794, 637684.396368918940425 ], [ 667847.115973961655982, 637688.976662110537291 ], [ 667840.600354781025089, 637691.92586541431956 ], [ 667820.039413930964656, 637693.948756039375439 ], [ 667801.099647534778342, 637693.386035302188247 ], [ 667792.956152998842299, 637697.316051220637746 ], [ 667786.467682477668859, 637706.751023842371069 ], [ 667771.146395134041086, 637714.928002693224698 ], [ 667752.582692202413455, 637725.71955274103675 ], [ 667735.667229937040247, 637740.389097775798291 ], [ 667699.86915034102276, 637768.120539561845362 ], [ 667684.922432268038392, 637784.740923950215802 ], [ 667668.635823651915416, 637795.190973802935332 ], [ 667662.443349318346009, 637796.843923101550899 ], [ 667647.716624140972272, 637790.087735427427106 ], [ 667639.874477054225281, 637787.519618810736574 ], [ 667633.991749438107945, 637787.223305465420708 ], [ 667554.775278955930844, 637817.085044809035026 ], [ 667512.747000066679902, 637837.383121154620312 ], [ 667491.236179470084608, 637847.85525185149163 ], [ 667481.467697832034901, 637853.419222103781067 ], [ 667478.220169097185135, 637857.328808038728312 ], [ 667478.256938165170141, 637866.083465840783902 ], [ 667479.939317164942622, 637878.085213324986398 ], [ 667485.573922802926973, 637897.530215747538023 ], [ 667485.968153825844638, 637915.70226693036966 ], [ 667484.09736737201456, 637934.536844330606982 ], [ 667476.657676767092198, 637952.088783307233825 ], [ 667470.17218570492696, 637962.176864182460122 ], [ 667464.324934779084288, 637970.314292708877474 ], [ 667436.376585677382536, 638002.241237311856821 ], [ 667416.520797116449103, 638015.62845765799284 ], [ 667397.949383769999258, 638024.472405544482172 ], [ 667358.138605218729936, 638030.151692928280681 ], [ 667349.02346346527338, 638037.328914889367297 ], [ 667342.198619055328891, 638044.817478875513189 ], [ 667330.176822919398546, 638058.824845850700513 ], [ 667312.59405437647365, 638070.907648775959387 ], [ 667296.30212575616315, 638077.473153882543556 ], [ 667285.537303508841433, 638080.429361224290915 ], [ 667274.773929061833769, 638083.728677398292348 ], [ 667252.588379962253384, 638087.386005303240381 ], [ 667230.398782693315297, 638090.08045650087297 ], [ 667215.396608068956994, 638093.386594106792472 ], [ 667148.241940173436888, 638118.329234114498831 ], [ 667130.313047059695236, 638126.196740152547136 ], [ 667116.633524362463504, 638134.046336616622284 ], [ 667099.68330466421321, 638140.282741453964263 ], [ 667090.85846856678836, 638138.372003910830244 ], [ 667084.333489829092287, 638139.04148451029323 ], [ 667076.84084392094519, 638143.943040033569559 ], [ 667066.768742827000096, 638155.341353713534772 ], [ 667055.094917182112113, 638173.896384186344221 ], [ 667034.938444868661463, 638193.771130633773282 ], [ 667006.621468816651031, 638215.960381680284627 ], [ 666977.637571857776493, 638233.28255704161711 ], [ 666973.746558448998258, 638237.847961054882035 ], [ 666969.524633045890369, 638244.351670293835923 ], [ 666960.764289026032202, 638257.692470267182216 ], [ 666951.339726727921516, 638266.819160619284958 ], [ 666938.313610790297389, 638276.282053879345767 ], [ 666922.021976797259413, 638282.847870165831409 ], [ 666905.381613153032959, 638287.135159678640775 ], [ 666888.420590086607262, 638290.770805663312785 ], [ 666871.575777452788316, 638291.816054447670467 ], [ 666812.244426458142698, 638267.0866145407781 ], [ 666775.290865678340197, 638251.659314613556489 ], [ 666759.605768394190818, 638248.803798624197952 ], [ 666751.444844643818215, 638248.517401889199391 ], [ 666743.289832328329794, 638252.12693182809744 ], [ 666733.527203825535253, 638258.975144340074621 ], [ 666719.868572852108628, 638271.69486571662128 ], [ 666697.779673873796128, 638298.075088881887496 ], [ 666655.23809025529772, 638351.802658159518614 ], [ 666572.972757147275843, 638468.853172422619537 ], [ 666529.282866973313503, 638524.00260796607472 ], [ 666518.301187088130973, 638550.656827841303311 ], [ 666512.473835703451186, 638563.343424030113965 ], [ 666507.959066723706201, 638575.692403099499643 ], [ 666501.550102631561458, 638603.622162764659151 ], [ 666495.40256125992164, 638618.258100030943751 ], [ 666486.315575914690271, 638631.921478153439239 ], [ 666471.341558893211186, 638641.725006141350605 ], [ 666456.352355843409896, 638647.953633789205924 ], [ 666427.322644116706215, 638654.241990644368343 ], [ 666374.212801773450337, 638679.45960230671335 ], [ 666358.229881623759866, 638683.744559932965785 ], [ 666342.890149686369114, 638684.783856511232443 ], [ 666313.512658040970564, 638686.524898765725084 ], [ 666284.154553731437773, 638692.814866501255892 ], [ 666261.660766094457358, 638701.023595929262228 ], [ 666254.503968680277467, 638707.55103895207867 ], [ 666248.991458166623488, 638716.982369866222143 ], [ 666238.611031100503169, 638732.931394084473141 ], [ 666230.192354254773818, 638749.193032851093449 ], [ 666216.326566099422053, 638762.876913779531606 ], [ 666203.83001495397184, 638767.147130829747766 ], [ 666192.397746763308533, 638767.527933990349993 ], [ 666168.586823008721694, 638772.488385495613329 ], [ 666150.349334315047599, 638782.306084969779477 ], [ 666130.491557881468907, 638797.321628961944953 ], [ 666109.653354468173347, 638811.035350725403987 ], [ 666095.034480824717321, 638827.002550262026489 ], [ 666093.11430068151094, 638836.4185851913644 ], [ 666095.118992030969821, 638846.791846205363981 ], [ 666094.823775345925242, 638854.585007703164592 ], [ 666092.25490384711884, 638860.982238017604686 ], [ 666084.751238723983988, 638865.66286255849991 ], [ 666076.605783037375659, 638868.940590184298344 ], [ 666054.110911984811537, 638876.828590805758722 ], [ 666014.375761378207244, 638899.710025955922902 ], [ 665989.336638458771631, 638922.207723982515745 ], [ 665977.313552822102793, 638935.562923905788921 ], [ 665964.725105139077641, 638970.33721069584135 ], [ 665961.564130243146792, 638994.368382498505525 ], [ 665961.955062719527632, 639008.965458062943071 ], [ 665963.293123685289174, 639017.072609756374732 ], [ 665969.539225371088833, 639028.080732568283565 ], [ 665976.756917678401805, 639035.841765819815919 ], [ 665985.609196069650352, 639044.237758373958059 ], [ 665992.175436082063243, 639053.296544034150429 ], [ 665990.575487317400984, 639060.763245915877633 ], [ 665987.345114898052998, 639068.568961014738306 ], [ 665975.986055029090494, 639083.548326280782931 ], [ 665958.719605343881994, 639092.376998629886657 ], [ 665946.674438407411799, 639100.541401596739888 ], [ 665941.816415749141015, 639109.328075691824779 ], [ 665938.933084830874577, 639123.93916087585967 ], [ 665941.264943491434678, 639133.990035300143063 ], [ 665940.969793116208166, 639141.783200559439138 ], [ 665938.723493906902149, 639149.252672608708963 ], [ 665934.497988515417092, 639154.793705874006264 ], [ 665927.662943117786199, 639159.68182388972491 ], [ 665912.33194134850055, 639162.669396905228496 ], [ 665914.96644682972692, 639169.155063161277212 ], [ 665915.651177349616773, 639175.638006214867346 ], [ 665915.35603790031746, 639183.431172071723267 ], [ 665911.150806370424107, 639191.230004693381488 ], [ 665900.737553841085173, 639199.387452173396014 ], [ 665889.658998884959146, 639205.599777731695212 ], [ 665866.868047192227095, 639220.949125644285232 ], [ 665859.383917644387111, 639225.198100785841234 ], [ 665850.915756885195151, 639229.783334770821966 ], [ 665841.476034765713848, 639237.61567110766191 ], [ 665834.322323267697357, 639244.78520423208829 ], [ 665683.694090396631509, 639444.998986501363106 ], [ 665677.53987602412235, 639455.407226354116574 ], [ 665674.326368005946279, 639467.097807618323714 ], [ 665670.513051531044766, 639492.105823963414878 ], [ 665671.256380019709468, 639512.224342079483904 ], [ 665670.962721383548342, 639520.338480767910369 ], [ 665667.738063804339617, 639529.428120531025343 ], [ 665620.866521497489884, 639563.054872378241271 ], [ 665606.244424536125734, 639578.048473214963451 ], [ 665591.949981243931688, 639595.309627194306813 ], [ 665569.886401815572754, 639626.881959357531741 ], [ 665519.873839909094386, 639765.325805963133462 ], [ 665484.778197375126183, 639878.404057655367069 ], [ 665483.530744519317523, 639891.392246532952413 ], [ 665483.230171304196119, 639897.879416840267368 ], [ 665479.995950483600609, 639904.711249282117933 ], [ 665468.924879860132933, 639912.539720367989503 ], [ 665455.241693204734474, 639919.095544632757083 ], [ 665431.460315822972916, 639930.553718320210464 ], [ 665419.076212212909013, 639936.118919526343234 ], [ 665413.220031369943172, 639939.387071196339093 ], [ 665407.685923850629479, 639943.627826295793056 ], [ 665334.852281544124708, 640089.64139310491737 ], [ 665319.151298954850063, 640156.560097429901361 ], [ 665315.729924608487636, 640196.154200571472757 ], [ 665315.126133163459599, 640208.486613888875581 ], [ 665316.490957031957805, 640222.758518839604221 ], [ 665344.653771994169801, 640318.364734903792851 ], [ 665355.971957704867236, 640367.956187784322537 ], [ 665358.948926844168454, 640377.683249097666703 ], [ 665362.900086291600019, 640384.80512124823872 ], [ 665371.77300329785794, 640398.070698181865737 ], [ 665373.115413825493306, 640407.151787872891873 ], [ 665372.189528472023085, 640418.511599791818298 ], [ 665370.265660899225622, 640426.953744609025307 ], [ 665364.749867351260036, 640435.411363618448377 ], [ 665358.611538408440538, 640449.394625510787591 ], [ 665348.225748975644819, 640463.717164585716091 ], [ 665342.043268588604406, 640469.908711784752086 ], [ 665333.574335629935376, 640474.162137072300538 ], [ 665327.721144472016022, 640478.083318516844884 ], [ 665322.532464795047417, 640486.218566379044205 ], [ 665327.799471279606223, 640496.25672688218765 ], [ 665334.990881677600555, 640500.442662348388694 ], [ 665356.152397013618611, 640486.073685379116796 ], [ 665375.118920161970891, 640493.451845702482387 ], [ 665463.908727177418768, 640768.498141522868536 ], [ 665463.537966565811075, 640785.754837309243158 ], [ 665458.721067361999303, 640803.949314913596027 ], [ 665454.886743659852073, 640821.486549997352995 ], [ 665453.651119811227545, 640839.665617414750159 ], [ 665457.958522830740549, 640853.271858831285499 ], [ 665465.546074726735242, 640870.759942621458322 ], [ 665475.049644623883069, 640880.447873154771514 ], [ 665480.994335937546566, 640895.353106238646433 ], [ 665458.24557783966884, 641089.86143550183624 ], [ 665455.165087250410579, 641115.132003649370745 ], [ 665446.806735781719908, 641145.018532953690737 ], [ 665435.453493408160284, 641160.97220291919075 ], [ 665423.116244869190268, 641177.24002175766509 ], [ 665419.98561632016208, 641208.078047320130281 ], [ 665416.754448645282537, 641215.562899770215154 ], [ 665408.628843090031296, 641225.658753810101189 ], [ 665407.363328048842959, 641234.419038895168342 ], [ 665409.721763140056282, 641250.634660011157393 ], [ 665418.270004432881251, 641264.875651530339383 ], [ 665415.35748144891113, 641270.079112128936686 ], [ 665407.209547210135497, 641274.984142913017422 ], [ 665398.093211581232026, 641278.908290166058578 ], [ 665388.640693375375122, 641283.497973268735223 ], [ 665382.137791909044608, 641289.037876917049289 ], [ 665376.615277742268518, 641295.879590750439093 ], [ 665370.105422466760501, 641299.803591517033055 ], [ 665352.440068449010141, 641291.76681294653099 ], [ 665335.439997444744222, 641285.675161747378297 ], [ 665327.304068138008006, 641290.901147872558795 ], [ 665322.749318256508559, 641296.111700757290237 ], [ 665335.85931619303301, 641306.758010838762857 ], [ 665343.062455729697831, 641311.275941647589207 ], [ 665350.555452644010074, 641309.295674227993004 ], [ 665357.425892999977805, 641312.829986452357844 ], [ 665363.359339958638884, 641325.134242371539585 ], [ 665368.930809552548453, 641329.659212524886243 ], [ 665373.196818996802904, 641336.126718650222756 ], [ 665372.906082588247955, 641344.882807573419996 ], [ 665372.332488097250462, 641361.764072152902372 ], [ 665367.830860316753387, 641379.304206589935347 ], [ 665359.749466877896339, 641397.180739338044077 ], [ 665354.924425232922658, 641413.42730746185407 ], [ 665354.315073567442596, 641424.464790796861053 ], [ 665356.655314152827486, 641436.452486491878517 ], [ 665363.559326542541385, 641447.789640126749873 ], [ 665366.554252331727184, 641461.722495514317416 ], [ 665359.483416869072244, 641485.438612863305025 ], [ 665356.249505116837099, 641492.270473165321164 ], [ 665350.725626928498968, 641498.780159544432536 ], [ 665346.531512796180323, 641511.449028113740496 ], [ 665348.529374731355347, 641520.206324634375051 ], [ 665346.615406579920091, 641530.917389007750899 ], [ 665341.42561772884801, 641538.731669998029247 ], [ 665334.929826613515615, 641545.898565315874293 ], [ 665328.78066219901666, 641557.280900855083019 ], [ 665326.552239859011024, 641571.236265391809866 ], [ 665314.636158767505549, 641608.930114092887379 ], [ 665304.98626514384523, 641641.423278761329129 ], [ 665293.059053846867755, 641676.516195718897507 ], [ 665277.418541077640839, 641712.897962768212892 ], [ 665274.638133530272171, 641721.686929452349432 ], [ 665272.743270472274162, 641734.35696786805056 ], [ 665271.549840579275042, 641762.264706456800923 ], [ 665268.975660698488355, 641769.735685086809099 ], [ 665265.409183923038654, 641775.595006785937585 ], [ 665256.959023609873839, 641784.0653232911136 ], [ 665244.527452244306915, 641795.669265703996643 ], [ 665244.527452244306915, 647436.891231601592153 ] ] ] } },
{ "type": "Feature", "properties": { "cell_id": 25, "parish": "St. Elizabeth", "centroid_x": 670244.52745224431, "centroid_y": 652436.89123160159, "land_area_km2": 100.0, "total_buildings": 43, "damaged_buildings": 37, "Damage_Ratio": 0.86046511627906974, "Dist_km": 7.6349214377660726, "Delta_P": 120.25918711738677, "DeltaP_x_Dist": 918.16944581085772, "Pop_Dens": 83.543630552685954, "ln_Pop_Dens": 4.4372677390081909, "Delta_P_c": 6.8812470540871971, "Dist_km_c": -45.427007891267912, "DeltaP_x_Dist_c": -312.59446422778319, "hat_y_ols": 0.70454141037926232, "hat_y_frac": 0.70403285316327102, "residual_frac": 0.15643226311579872, "abs_residual_frac": 0.15643226311579872, "basis_risk_category": "Severe Under-Coverage" }, "geometry": { "type": "Polygon", "coordinates": [ [ [ 665244.527452244306915, 647436.891231601592153 ], [ 665244.527452244306915, 657436.891231601592153 ], [ 675244.527452244306915, 657436.891231601592153 ], [ 675244.527452244306915, 647436.891231601592153 ], [ 665244.527452244306915, 647436.891231601592153 ] ] ] } },
{ "type": "Feature", "properties": { "cell_id": 26, "parish": "St. Elizabeth", "centroid_x": 670244.52745224431, "centroid_y": 662436.89123160159, "land_area_km2": 100.0, "total_buildings": 60, "damaged_buildings": 41, "Damage_Ratio": 0.68333333333333335, "Dist_km": 14.33421531444225, "Delta_P": 121.25, "DeltaP_x_Dist": 1738.0236068761228, "Pop_Dens": 111.64547552944215, "ln_Pop_Dens": 4.724245502107542, "Delta_P_c": 7.8720599367004382, "Dist_km_c": -38.72771401459174, "DeltaP_x_Dist_c": -304.86688593425976, "hat_y_ols": 0.67706774301489769, "hat_y_frac": 0.68283375409920677, "residual_frac": 0.00049957923412657923, "abs_residual_frac": 0.00049957923412657923, "basis_risk_category": "Concordant Alignment" }, "geometry": { "type": "Polygon", "coordinates": [ [ [ 665244.527452244306915, 657436.891231601592153 ], [ 665244.527452244306915, 667436.891231601592153 ], [ 675244.527452244306915, 667436.891231601592153 ], [ 675244.527452244306915, 657436.891231601592153 ], [ 665244.527452244306915, 657436.891231601592153 ] ] ] } },
{ "type": "Feature", "properties": { "cell_id": 27, "parish": "St. Elizabeth", "centroid_x": 670244.52745224431, "centroid_y": 672436.89123160159, "land_area_km2": 100.0, "total_buildings": 46, "damaged_buildings": 32, "Damage_Ratio": 0.69565217391304346, "Dist_km": 22.005981381564244, "Delta_P": 119.76713549508213, "DeltaP_x_Dist": 2635.5933538280592, "Pop_Dens": 128.59638913997935, "ln_Pop_Dens": 4.8644249219558002, "Delta_P_c": 6.3891954317825537, "Dist_km_c": -31.055947947469743, "DeltaP_x_Dist_c": -198.42252075565045, "hat_y_ols": 0.5947405771796086, "hat_y_frac": 0.60345255667813136, "residual_frac": 0.092199617234912101, "abs_residual_frac": 0.092199617234912101, "basis_risk_category": "Concordant Alignment" }, "geometry": { "type": "Polygon", "coordinates": [ [ [ 665244.527452244306915, 667436.891231601592153 ], [ 665244.527452244306915, 677436.891231601592153 ], [ 675244.527452244306915, 677436.891231601592153 ], [ 675244.527452244306915, 667436.891231601592153 ], [ 665244.527452244306915, 667436.891231601592153 ] ] ] } },
{ "type": "Feature", "properties": { "cell_id": 28, "parish": "Trelawny", "centroid_x": 670244.52745224431, "centroid_y": 682436.89123160159, "land_area_km2": 100.0, "total_buildings": 64, "damaged_buildings": 35, "Damage_Ratio": 0.546875, "Dist_km": 29.773730193879977, "Delta_P": 117.75522863130266, "DeltaP_x_Dist": 3506.0124061870561, "Pop_Dens": 138.84766512784091, "ln_Pop_Dens": 4.9405537239622319, "Delta_P_c": 4.3772885680030953, "Dist_km_c": -23.288199135154009, "DeltaP_x_Dist_c": -101.93916784368922, "hat_y_ols": 0.50899636879311616, "hat_y_frac": 0.50861826662132492, "residual_frac": 0.038256733378675079, "abs_residual_frac": 0.038256733378675079, "basis_risk_category": "Concordant Alignment" }, "geometry": { "type": "Polygon", "coordinates": [ [ [ 665244.527452244306915, 677436.891231601592153 ], [ 665244.527452244306915, 687436.891231601592153 ], [ 675244.527452244306915, 687436.891231601592153 ], [ 675244.527452244306915, 677436.891231601592153 ], [ 665244.527452244306915, 677436.891231601592153 ] ] ] } },
{ "type": "Feature", "properties": { "cell_id": 29, "parish": "Trelawny", "centroid_x": 670244.52745224431, "centroid_y": 692436.89123160159, "land_area_km2": 100.0, "total_buildings": 50, "damaged_buildings": 25, "Damage_Ratio": 0.5, "Dist_km": 37.541479006195715, "Delta_P": 115.74332176752318, "DeltaP_x_Dist": 4345.1754842428272, "Pop_Dens": 196.77182334710744, "ln_Pop_Dens": 5.2871139588247678, "Delta_P_c": 2.3653817042236227, "Dist_km_c": -15.520450322838265, "DeltaP_x_Dist_c": -36.711789234953251, "hat_y_ols": 0.43165436768975407, "hat_y_frac": 0.42130958516301453, "residual_frac": 0.078690414836985467, "abs_residual_frac": 0.078690414836985467, "basis_risk_category": "Concordant Alignment" }, "geometry": { "type": "Polygon", "coordinates": [ [ [ 665244.527452244306915, 687436.891231601592153 ], [ 665244.527452244306915, 697436.891231601592153 ], [ 675244.527452244306915, 697436.891231601592153 ], [ 675244.527452244306915, 687436.891231601592153 ], [ 665244.527452244306915, 687436.891231601592153 ] ] ] } },
{ "type": "Feature", "properties": { "cell_id": 30, "parish": "St. James", "centroid_x": 670115.17088944686, "centroid_y": 702209.37860089878, "land_area_km2": 95.231546026205365, "total_buildings": 48, "damaged_buildings": 22, "Damage_Ratio": 0.45833333333333331, "Dist_km": 45.051035757725302, "Delta_P": 113.74508841876082, "DeltaP_x_Dist": 5124.33404561922, "Pop_Dens": 256.29330842391306, "ln_Pop_Dens": 5.5502167120467272, "Delta_P_c": 0.36714835546125357, "Dist_km_c": -8.0108935713086851, "DeltaP_x_Dist_c": -2.9411864004811124, "hat_y_ols": 0.36353636098265762, "hat_y_frac": 0.34221226790856907, "residual_frac": 0.11612106542476425, "abs_residual_frac": 0.11612106542476425, "basis_risk_category": "Severe Under-Coverage" }, "geometry": { "type": "Polygon", "coordinates": [ [ [ 675244.527452244306915, 697436.891231601592153 ], [ 665244.527452244306915, 697436.891231601592153 ], [ 665244.527452244306915, 707436.891231601592153 ], [ 667846.679873776389286, 707436.891231601592153 ], [ 667857.988317110692151, 707426.335063942358829 ], [ 667882.032142159761861, 707418.629675244563259 ], [ 667907.452024340396747, 707401.631502865464427 ], [ 667942.484537386219017, 707380.364646834670566 ], [ 667990.965569162624888, 707370.586674339836463 ], [ 667993.449544480419718, 707376.21048301900737 ], [ 668007.614633536664769, 707377.280213546939194 ], [ 668022.678656685864553, 707388.762289807549678 ], [ 668037.45871304278262, 707400.522296206676401 ], [ 668040.26508451695554, 707394.876334761385806 ], [ 668012.117510370444506, 707368.251043654279783 ], [ 668015.772213068790734, 707363.453853585757315 ], [ 668024.523564242408611, 707355.248154993867502 ], [ 668042.048766166437417, 707346.7290012385929 ], [ 668059.873269915929995, 707344.119552832096815 ], [ 668079.429640914546326, 707346.572558633750305 ], [ 668091.871085544582456, 707342.015349589637481 ], [ 668119.341211988124996, 707340.494661586009897 ], [ 668134.090652897604741, 707344.938139617675915 ], [ 668141.193841504282318, 707351.671708891633898 ], [ 668140.37966713286005, 707358.99184098886326 ], [ 668124.338847955106758, 707384.108470283332281 ], [ 668133.695851101190783, 707386.891983994166367 ], [ 668144.9544232460903, 707369.665542483096942 ], [ 668155.084344799164683, 707352.731624947860837 ], [ 668163.022814286639914, 707354.668755568680353 ], [ 668156.174240352818742, 707343.16329753107857 ], [ 668160.402670077281073, 707339.193925076862797 ], [ 668173.118699026992545, 707332.111847165273502 ], [ 668187.300229494459927, 707337.11119765334297 ], [ 668194.113545160624199, 707340.182098766905256 ], [ 668193.575101776048541, 707347.788874963764101 ], [ 668204.93190968548879, 707349.003312448156066 ], [ 668213.408329668221995, 707348.270543741062284 ], [ 668218.184654764016159, 707338.952481329324655 ], [ 668224.979148513870314, 707337.5183157522697 ], [ 668241.936592933023348, 707329.566241184948012 ], [ 668247.339633652940392, 707333.772106152726337 ], [ 668255.860080590937287, 707341.053257882129401 ], [ 668259.86338282271754, 707348.917799808317795 ], [ 668270.33611768449191, 707348.309551535639912 ], [ 668270.884016884723678, 707342.960850690258667 ], [ 668256.953514932771213, 707329.791337347822264 ], [ 668267.680779049522243, 707321.854228556971066 ], [ 668282.966388442669995, 707320.672437339206226 ], [ 668291.783650797791779, 707328.229095087037422 ], [ 668286.729201537324116, 707339.230815175687894 ], [ 668290.985929564572871, 707342.035690690507181 ], [ 668303.657294135424308, 707324.238918795483187 ], [ 668315.800795720540918, 707314.059953018091619 ], [ 668335.320749092847109, 707310.314626192091964 ], [ 668348.928562154294923, 707311.951456140261143 ], [ 668368.245600667549297, 707325.386373520363122 ], [ 668398.646632639109157, 707348.062152197235264 ], [ 668402.558355612098239, 707336.500695316004567 ], [ 668380.128628389560618, 707323.643247842905112 ], [ 668382.349657828104682, 707311.812106312252581 ], [ 668393.616704173386097, 707296.556090240133926 ], [ 668407.755995802930556, 707291.427478119265288 ], [ 668425.29668563476298, 707286.572502821451053 ], [ 668471.456257744575851, 707284.697720033000223 ], [ 668488.771582978195511, 707294.189394232234918 ], [ 668486.535279488423839, 707302.367757802829146 ], [ 668477.523219592869282, 707313.950432882178575 ], [ 668480.650003872578964, 707316.748985093086958 ], [ 668487.445676272851415, 707315.591635329881683 ], [ 668491.945279138395563, 707308.256175917922519 ], [ 668497.315418190206401, 707304.569922504946589 ], [ 668507.229714082321152, 707306.786766182631254 ], [ 668510.049143601674587, 707301.705347639857791 ], [ 668503.505769142648205, 707294.980384735972621 ], [ 668514.79166904988233, 707284.229516102350317 ], [ 668531.903258234029636, 707282.830005698488094 ], [ 668576.439469202770852, 707289.253039167961106 ], [ 668636.282776724779978, 707304.744627826614305 ], [ 668716.140187460929155, 707326.152792910579592 ], [ 668768.373722451971844, 707342.617260302649811 ], [ 668808.81178350537084, 707343.766758631682023 ], [ 668864.74517943453975, 707333.185207535512745 ], [ 668996.924671550514176, 707267.551139029557817 ], [ 669038.720069017144851, 707249.612238321686164 ], [ 669090.900918844970874, 707215.015676824026741 ], [ 669136.249537060502917, 707190.597906757262535 ], [ 669211.729143996722996, 707169.620165372849442 ], [ 669265.9646772100823, 707169.66211004240904 ], [ 669361.180068787769414, 707153.617911090492271 ], [ 669543.70624937582761, 707137.990036605158821 ], [ 669662.576314346166328, 707127.141179592115805 ], [ 669756.323137500672601, 707082.44685155665502 ], [ 669956.398875485523604, 706983.687880971003324 ], [ 670055.9861531839706, 706907.822503274539486 ], [ 670271.793142396723852, 706846.372072830679826 ], [ 670423.438301504123956, 706870.583281860454008 ], [ 670420.514918267144822, 706912.580498382332735 ], [ 670495.645502968458459, 706922.082554485998116 ], [ 670561.516203970764764, 706851.216069840709679 ], [ 670560.33214126387611, 706876.912398554966785 ], [ 670593.683386567281559, 706888.012309566722251 ], [ 671063.899972602608614, 706880.498866416979581 ], [ 671278.552188962930813, 706875.063085028203204 ], [ 671376.990311617148109, 706908.716285925125703 ], [ 671492.827625642996281, 706923.117352454923093 ], [ 671690.569755781791173, 706985.530374960741028 ], [ 671758.440046537201852, 706925.153489121701568 ], [ 671757.118917012237944, 706885.232307355036028 ], [ 672024.494016896933317, 706863.078898668522015 ], [ 672253.92696904623881, 706776.945075417286716 ], [ 672321.760772183304653, 706757.326953823212534 ], [ 672464.72550512640737, 706718.018245090614073 ], [ 672610.941179588786326, 706654.124218232231215 ], [ 672716.986081635812297, 706643.499599539907649 ], [ 672968.959074990823865, 706702.08082362730056 ], [ 673029.75812377803959, 706735.503011130494997 ], [ 673052.647046907106414, 706728.782621389138512 ], [ 673062.571800201898441, 706706.848835628596134 ], [ 673086.255209171911702, 706687.307285920949653 ], [ 673130.821698330226354, 706677.291791088879108 ], [ 673142.105710176983848, 706659.946409951313399 ], [ 673145.235071927309036, 706642.024240261176601 ], [ 673166.00578229513485, 706625.615724209579639 ], [ 673215.257047618972138, 706622.633088653674349 ], [ 673246.514902876340784, 706625.299955978407525 ], [ 673259.798399953288026, 706641.176394889946096 ], [ 673279.860247891396284, 706648.658004174008965 ], [ 673330.380934990243986, 706648.947152314358391 ], [ 673359.786719751893543, 706642.500473125022836 ], [ 673385.665986001375131, 706625.396976862568408 ], [ 673414.24741930689197, 706597.169520415482111 ], [ 673487.869215711951256, 706577.366777637158521 ], [ 673564.743399913772009, 706568.310827557346784 ], [ 673643.096603069687262, 706564.806123770191334 ], [ 673680.826944090425968, 706545.564739875961095 ], [ 673806.497402271255851, 706519.594119110843167 ], [ 673914.28786744736135, 706498.564204269787297 ], [ 673992.306698253261857, 706493.169375350465998 ], [ 674043.861383497714996, 706474.074279889347963 ], [ 674080.626392462523654, 706450.841456646448933 ], [ 674160.552949047763832, 706403.543197508552112 ], [ 674246.137951182899997, 706366.584093944285996 ], [ 674282.83099960477557, 706357.398675586562604 ], [ 674328.102474965504371, 706327.24842671235092 ], [ 674379.267285580630414, 706299.975637623108923 ], [ 674430.785257450304925, 706257.459418457583524 ], [ 674500.281602391856723, 706205.144236654858105 ], [ 674538.587002335814759, 706167.571821823483333 ], [ 674555.775382501888089, 706158.340341413626447 ], [ 674562.208459115237929, 706164.292887925868854 ], [ 674579.432156477705576, 706164.226536071626469 ], [ 674596.22401087905746, 706148.000925582135096 ], [ 674701.06193127646111, 706099.900571984937415 ], [ 674769.898562425165437, 706029.468740074778907 ], [ 674913.306688964366913, 705899.365179574582726 ], [ 674981.938460566452704, 705830.207866516080685 ], [ 675030.995840565417893, 705748.41838932200335 ], [ 675051.331004152307287, 705711.369670786894858 ], [ 675074.67376237816643, 705668.210382125340402 ], [ 675079.609634404187091, 705625.110477917827666 ], [ 675083.831321479054168, 705588.555161208263598 ], [ 675113.024777452461421, 705548.118688560789451 ], [ 675166.399035594891757, 705506.80392695358023 ], [ 675213.058359185233712, 705485.229057179065421 ], [ 675244.527452244306915, 705476.769281197106466 ], [ 675244.527452244306915, 697436.891231601592153 ] ] ] } },
{ "type": "Feature", "properties": { "cell_id": 31, "parish": "St. Elizabeth", "centroid_x": 680244.52745224431, "centroid_y": 642436.89123160159, "land_area_km2": 100.0, "total_buildings": 54, "damaged_buildings": 35, "Damage_Ratio": 0.64814814814814814, "Dist_km": 8.3830748214181572, "Delta_P": 118.21464067797672, "DeltaP_x_Dist": 991.00217779054128, "Pop_Dens": 106.25066583806819, "ln_Pop_Dens": 4.6751687660692109, "Delta_P_c": 4.8367006146771558, "Dist_km_c": -44.678854507615831, "DeltaP_x_Dist_c": -216.09824306005672, "hat_y_ols": 0.65653319236557783, "hat_y_frac": 0.66449093095083867, "residual_frac": -0.016342782802690525, "abs_residual_frac": 0.016342782802690525, "basis_risk_category": "Concordant Alignment" }, "geometry": { "type": "Polygon", "coordinates": [ [ [ 675244.527452244306915, 637436.891231601592153 ], [ 675244.527452244306915, 647436.891231601592153 ], [ 685244.527452244306915, 647436.891231601592153 ], [ 685244.527452244306915, 637436.891231601592153 ], [ 675244.527452244306915, 637436.891231601592153 ] ] ] } },
{ "type": "Feature", "properties": { "cell_id": 32, "parish": "St. Elizabeth", "centroid_x": 680244.52745224431, "centroid_y": 652436.89123160159, "land_area_km2": 100.0, "total_buildings": 57, "damaged_buildings": 37, "Damage_Ratio": 0.64912280701754388, "Dist_km": 15.070164225119999, "Delta_P": 119.29107047451282, "DeltaP_x_Dist": 1797.7360226412718, "Pop_Dens": 171.81448271780303, "ln_Pop_Dens": 5.1522186648822466, "Delta_P_c": 5.9131304112132597, "Dist_km_c": -37.991765103913991, "DeltaP_x_Dist_c": -224.6502616116245, "hat_y_ols": 0.63445715619861776, "hat_y_frac": 0.64811246822194823, "residual_frac": 0.0010103387955956444, "abs_residual_frac": 0.0010103387955956444, "basis_risk_category": "Concordant Alignment" }, "geometry": { "type": "Polygon", "coordinates": [ [ [ 675244.527452244306915, 647436.891231601592153 ], [ 675244.527452244306915, 657436.891231601592153 ], [ 685244.527452244306915, 657436.891231601592153 ], [ 685244.527452244306915, 647436.891231601592153 ], [ 675244.527452244306915, 647436.891231601592153 ] ] ] } },
{ "type": "Feature", "properties": { "cell_id": 33, "parish": "St. Elizabeth", "centroid_x": 680244.52745224431, "centroid_y": 662436.89123160159, "land_area_km2": 100.0, "total_buildings": 61, "damaged_buildings": 44, "Damage_Ratio": 0.72131147540983609, "Dist_km": 21.757253628821839, "Delta_P": 120.36750027104904, "DeltaP_x_Dist": 2618.8662320644953, "Pop_Dens": 158.50837476325756, "ln_Pop_Dens": 5.0720964271992006, "Delta_P_c": 6.9895602077494772, "Dist_km_c": -31.304675700212147, "DeltaP_x_Dist_c": -218.80591559070481, "hat_y_ols": 0.60759200054828011, "hat_y_frac": 0.62038256990385365, "residual_frac": 0.10092890550598244, "abs_residual_frac": 0.10092890550598244, "basis_risk_category": "Severe Under-Coverage" }, "geometry": { "type": "Polygon", "coordinates": [ [ [ 675244.527452244306915, 657436.891231601592153 ], [ 675244.527452244306915, 667436.891231601592153 ], [ 685244.527452244306915, 667436.891231601592153 ], [ 685244.527452244306915, 657436.891231601592153 ], [ 675244.527452244306915, 657436.891231601592153 ] ] ] } },
{ "type": "Feature", "properties": { "cell_id": 34, "parish": "St. Elizabeth", "centroid_x": 680244.52745224431, "centroid_y": 672436.89123160159, "land_area_km2": 100.0, "total_buildings": 65, "damaged_buildings": 37, "Damage_Ratio": 0.56923076923076921, "Dist_km": 28.475867132020852, "Delta_P": 121.25, "DeltaP_x_Dist": 3452.6988897575284, "Pop_Dens": 121.2626953125, "ln_Pop_Dens": 4.8061719701002552, "Delta_P_c": 7.8720599367004382, "Dist_km_c": -24.586062197013138, "DeltaP_x_Dist_c": -193.5429552223323, "hat_y_ols": 0.57337147936289656, "hat_y_frac": 0.58311576325811199, "residual_frac": -0.013884994027342779, "abs_residual_frac": 0.013884994027342779, "basis_risk_category": "Concordant Alignment" }, "geometry": { "type": "Polygon", "coordinates": [ [ [ 675244.527452244306915, 667436.891231601592153 ], [ 675244.527452244306915, 677436.891231601592153 ], [ 685244.527452244306915, 677436.891231601592153 ], [ 685244.527452244306915, 667436.891231601592153 ], [ 675244.527452244306915, 667436.891231601592153 ] ] ] } },
{ "type": "Feature", "properties": { "cell_id": 35, "parish": "Trelawny", "centroid_x": 680244.52745224431, "centroid_y": 682436.89123160159, "land_area_km2": 100.0, "total_buildings": 46, "damaged_buildings": 20, "Damage_Ratio": 0.43478260869565216, "Dist_km": 36.071513803116439, "Delta_P": 120.2367345262802, "DeltaP_x_Dist": 4337.1210291063635, "Pop_Dens": 111.02847184806035, "ln_Pop_Dens": 4.7187530519175729, "Delta_P_c": 6.8587944629806401, "Dist_km_c": -16.990415525917548, "DeltaP_x_Dist_c": -116.53376793290359, "hat_y_ols": 0.50301029031282996, "hat_y_frac": 0.50467181125742644, "residual_frac": -0.069889202561774333, "abs_residual_frac": 0.069889202561774333, "basis_risk_category": "Concordant Alignment" }, "geometry": { "type": "Polygon", "coordinates": [ [ [ 675244.527452244306915, 677436.891231601592153 ], [ 675244.527452244306915, 687436.891231601592153 ], [ 685244.527452244306915, 687436.891231601592153 ], [ 685244.527452244306915, 677436.891231601592153 ], [ 675244.527452244306915, 677436.891231601592153 ] ] ] } },
{ "type": "Feature", "properties": { "cell_id": 36, "parish": "Trelawny", "centroid_x": 680244.52745224431, "centroid_y": 692436.89123160159, "land_area_km2": 100.0, "total_buildings": 53, "damaged_buildings": 20, "Damage_Ratio": 0.37735849056603776, "Dist_km": 43.839262615432176, "Delta_P": 118.22482766250062, "DeltaP_x_Dist": 5182.8892675605748, "Pop_Dens": 101.32535672778926, "ln_Pop_Dens": 4.6281575085955931, "Delta_P_c": 4.8468875992010538, "Dist_km_c": -9.2226667136018108, "DeltaP_x_Dist_c": -44.701228925720955, "hat_y_ols": 0.42308535780665346, "hat_y_frac": 0.40903388159711301, "residual_frac": -0.031675391031075306, "abs_residual_frac": 0.031675391031075306, "basis_risk_category": "Concordant Alignment" }, "geometry": { "type": "Polygon", "coordinates": [ [ [ 675244.527452244306915, 687436.891231601592153 ], [ 675244.527452244306915, 697436.891231601592153 ], [ 685244.527452244306915, 697436.891231601592153 ], [ 685244.527452244306915, 687436.891231601592153 ], [ 675244.527452244306915, 687436.891231601592153 ] ] ] } },
{ "type": "Feature", "properties": { "cell_id": 37, "parish": "Trelawny", "centroid_x": 680116.65586001333, "centroid_y": 701045.65064268105, "land_area_km2": 71.645423467241841, "total_buildings": 43, "damaged_buildings": 14, "Damage_Ratio": 0.32558139534883723, "Dist_km": 50.445799922760699, "Delta_P": 116.46109403673086, "DeltaP_x_Dist": 5874.9730485627442, "Pop_Dens": 92.22310697115384, "ln_Pop_Dens": 4.5349956198373018, "Delta_P_c": 3.083153973431294, "Dist_km_c": -2.6161294062732878, "DeltaP_x_Dist_c": -8.0659297739619387, "hat_y_ols": 0.36067686016790329, "hat_y_frac": 0.33387616872713238, "residual_frac": -0.008294773378295206, "abs_residual_frac": 0.008294773378295206, "basis_risk_category": "Concordant Alignment" }, "geometry": { "type": "Polygon", "coordinates": [ [ [ 685244.527452244306915, 697436.891231601592153 ], [ 675244.527452244306915, 697436.891231601592153 ], [ 675244.527452244306915, 705476.769281197106466 ], [ 675248.854169669444673, 705475.606138043105602 ], [ 675310.328035837970674, 705486.639912201440893 ], [ 675334.299099946394563, 705486.172140311799012 ], [ 675347.296494772075675, 705477.112322222092189 ], [ 675353.460689822910354, 705459.632826637360267 ], [ 675349.854488232987933, 705430.623355423798785 ], [ 675388.824153540306725, 705375.31743136967998 ], [ 675474.425515501876362, 705313.126173431403004 ], [ 675517.59710999019444, 705271.209222756559029 ], [ 675551.819322222145274, 705255.881189368548803 ], [ 675576.992366007878445, 705246.487443678895943 ], [ 675586.921736983582377, 705249.836854183464311 ], [ 675596.785950518329628, 705238.818813464022242 ], [ 675585.141202090773731, 705228.723760571796447 ], [ 675600.373180317925289, 705212.892399497097358 ], [ 675622.427735330420546, 705202.680379555793479 ], [ 675623.336634715669788, 705216.756832914659753 ], [ 675653.398772205226123, 705221.092448973213322 ], [ 675699.415842114482075, 705221.980415908386931 ], [ 675741.968869885196909, 705203.355720807681791 ], [ 675744.446615964639932, 705182.790991597692482 ], [ 675771.604215791681781, 705173.113244900479913 ], [ 675849.165819134563208, 705117.971953755361028 ], [ 675927.728323579533026, 705090.001843133708462 ], [ 675960.744172327104025, 705076.660466340836138 ], [ 675985.941113154985942, 705073.476928805583157 ], [ 676002.971706666867249, 705083.540793021675199 ], [ 676024.706701647490263, 705066.92142697412055 ], [ 676051.339641344267875, 705063.6550650234567 ], [ 676083.740083100041375, 705060.710109100909904 ], [ 676112.174783877795562, 705047.93973805278074 ], [ 676134.21379777463153, 705033.488892346271314 ], [ 676140.351194998947904, 705005.881538121029735 ], [ 676143.446793783456087, 704978.208176791667938 ], [ 676157.441836512531154, 704956.260713345021941 ], [ 676157.36006390710827, 704934.576653954572976 ], [ 676168.343045217683539, 704917.643792703864165 ], [ 676184.946758411708288, 704912.511547344503924 ], [ 676194.870438267127611, 704891.91882343578618 ], [ 676189.373198596644215, 704856.839432698441669 ], [ 676222.166629538522102, 704843.178340488811955 ], [ 676283.024601069977507, 704794.034797091735527 ], [ 676314.324499274138361, 704818.446106981486082 ], [ 676355.435007454245351, 704809.015546038048342 ], [ 676412.796906898380257, 704832.731281775166281 ], [ 676412.358678095741197, 704789.187103073229082 ], [ 676371.722685420420021, 704767.544807516504079 ], [ 676423.017991262720898, 704708.519760720781051 ], [ 676466.70765614323318, 704665.861397444270551 ], [ 676534.455205510603264, 704608.944425143999979 ], [ 676580.174738979316317, 704606.160643754177727 ], [ 676659.513857487589121, 704632.4512842472177 ], [ 676672.3726491733687, 704555.041254328214563 ], [ 676720.417474015965126, 704504.729496195795946 ], [ 676782.976796873379499, 704523.025136714801192 ], [ 676869.593013362260535, 704549.411175329238176 ], [ 676963.765692233573645, 704534.780575950513594 ], [ 677062.256164660910144, 704454.428247082978487 ], [ 677164.130032390588894, 704445.857929926831275 ], [ 677252.840393245220184, 704413.405680257244967 ], [ 677274.615582153899595, 704373.000123089295812 ], [ 677286.482232801616192, 704320.654638077598065 ], [ 677324.431217086850666, 704252.914878895855509 ], [ 677357.41282136819791, 704235.402975075994618 ], [ 677390.243987102410756, 704220.0280178678222 ], [ 677392.37206448870711, 704201.501557522569783 ], [ 677437.189126235665753, 704168.648443600279279 ], [ 677465.74646951968316, 704182.699993685702793 ], [ 677498.589898052625358, 704170.590553181944415 ], [ 677540.12264398986008, 704137.74983832729049 ], [ 677619.00296912912745, 704125.481373239890672 ], [ 677728.432260756613687, 704071.679974794038571 ], [ 677795.03525245655328, 704092.354828666662797 ], [ 677906.722928603412583, 704075.184741742210463 ], [ 677984.357795212068595, 704060.132930401945487 ], [ 678113.95895517768804, 704100.734070197329856 ], [ 678182.147600644500926, 704168.016298396745697 ], [ 678197.962805317016318, 704192.35454719979316 ], [ 678196.452719655237161, 704215.45017993345391 ], [ 678176.691338584409095, 704241.092221848783083 ], [ 678135.816611054469831, 704286.547927130013704 ], [ 678145.611436843755655, 704336.688124197185971 ], [ 678189.240429591620341, 704362.640041214064695 ], [ 678217.787491741124541, 704353.945766575285234 ], [ 678224.948239180142991, 704339.585058366530575 ], [ 678243.383358297054656, 704341.111442756839097 ], [ 678247.453174981637858, 704359.415858718450181 ], [ 678282.799294116324745, 704370.233695232775062 ], [ 678330.893266847007908, 704435.985066760331392 ], [ 678346.395876546739601, 704467.364530378137715 ], [ 678339.146332853939384, 704497.87531740043778 ], [ 678311.367351619526744, 704528.815467844018713 ], [ 678284.098196589853615, 704520.14860390976537 ], [ 678261.771462544100359, 704548.899318219162524 ], [ 678196.86984726623632, 704553.863695941399783 ], [ 678195.664052200736478, 704585.049734854255803 ], [ 678274.897944837226532, 704609.144549116841517 ], [ 678298.447929559974, 704600.092341421521269 ], [ 678357.091751043568365, 704602.30182404932566 ], [ 678412.666382865048945, 704614.307775748195127 ], [ 678539.679350105579942, 704679.118258677772246 ], [ 678548.00737403286621, 704770.441068225540221 ], [ 678515.673077143845148, 704803.301455077016726 ], [ 678474.104299873695709, 704826.333065594080836 ], [ 678404.363856839714572, 704830.550670051132329 ], [ 678276.361207616981119, 704795.265937388292514 ], [ 678129.70658851461485, 704774.207861364819109 ], [ 678012.736089641810395, 704703.540757511160336 ], [ 677948.587048552231863, 704706.222962551517412 ], [ 677940.564669667044654, 704764.730493485578336 ], [ 677856.383823218755424, 704693.534128352534026 ], [ 677799.479950065608136, 704699.145577117218636 ], [ 677743.690646923379973, 704732.038389017223381 ], [ 677732.840478963567875, 704785.353971794596873 ], [ 677516.93727674568072, 704773.201136423507705 ], [ 677497.466864620451815, 704760.0899283955805 ], [ 677485.904362633707933, 704774.865706449025311 ], [ 677475.558879327378236, 704796.012782408157364 ], [ 677471.241965347668156, 704819.517389690037817 ], [ 677453.999222271493636, 704823.311548820580356 ], [ 677419.161578278173693, 704818.514901032438502 ], [ 677400.703243852593005, 704810.624648972065188 ], [ 677384.303153008804657, 704816.662771455128677 ], [ 677372.745203807135113, 704832.634064060519449 ], [ 677355.144110493711196, 704839.462571699172258 ], [ 677336.704951823456213, 704836.741575887426734 ], [ 677315.435915271984413, 704828.463346669450402 ], [ 677282.167919065221213, 704822.609552074922249 ], [ 677228.199387970031239, 704833.591344333137386 ], [ 677154.050461984821595, 704842.202079863986 ], [ 677073.998095872462727, 704879.205176072544418 ], [ 676991.692734704818577, 704920.854955998365767 ], [ 676962.852464765426703, 704921.360995189286768 ], [ 676921.225455148611218, 704931.06893821246922 ], [ 676909.271100292447954, 704948.237452302011661 ], [ 676867.934526679222472, 704996.099612455465831 ], [ 676839.044989083660766, 705022.961547272978351 ], [ 676827.52777035057079, 705049.681116806576028 ], [ 676814.834950387943536, 705083.976354852318764 ], [ 676818.922430814476684, 705103.863325151382014 ], [ 676814.577983519295231, 705122.597416170290671 ], [ 676807.360644308035262, 705118.639515472459607 ], [ 676797.733823349466547, 705117.081551342154853 ], [ 676788.499537608702667, 705144.246448870515451 ], [ 676814.665772612439469, 705146.085726622492075 ], [ 676824.314915312221274, 705153.620932057849132 ], [ 676835.512566711404361, 705148.797235737903975 ], [ 676861.136217862600461, 705143.919656706391834 ], [ 676876.812057214323431, 705127.877324743429199 ], [ 676891.495037744287401, 705123.107060184353031 ], [ 676930.788186193909496, 705130.520590951200575 ], [ 676979.30221697606612, 705141.098783288733102 ], [ 677017.629687362699769, 705147.287419037078507 ], [ 677044.614193748799153, 705144.829141871072352 ], [ 677063.409754730644636, 705138.39438739977777 ], [ 677088.253113973536529, 705139.497328290482983 ], [ 677124.326785624609329, 705144.532309230649844 ], [ 677153.55918532749638, 705141.645190374343656 ], [ 677190.349596574204043, 705123.587477155146189 ], [ 677205.213718062383123, 705136.272750026313588 ], [ 677236.502950391848572, 705146.904552895459346 ], [ 677258.118054828024469, 705143.237853136262856 ], [ 677284.922107708873227, 705131.991709830705076 ], [ 677326.993977363104932, 705125.548268802347593 ], [ 677356.629692931193858, 705131.725551669835113 ], [ 677400.295277535566129, 705133.556044569821097 ], [ 677443.521420163102448, 705122.249238429474644 ], [ 677487.994062355370261, 705125.272399466834031 ], [ 677525.672890859539621, 705130.302175237331539 ], [ 677552.869336646283045, 705119.453434989671223 ], [ 677570.142796359374188, 705129.739143759128638 ], [ 677586.175265797879547, 705132.867748005781323 ], [ 677609.796995157026686, 705129.194016139023006 ], [ 677694.328041928354651, 705132.468080219114199 ], [ 677710.74440741026774, 705128.024102988652885 ], [ 677741.972899996093474, 705125.1304939907277 ], [ 677768.015752183157019, 705125.03440787573345 ], [ 677840.581742474576458, 705139.898317771963775 ], [ 677914.690951291238889, 705140.809746832353994 ], [ 677941.580392923788168, 705152.665405047941022 ], [ 677962.007820181199349, 705153.387217815383337 ], [ 677997.544860169175081, 705167.646343211177737 ], [ 678095.080090129282326, 705172.003371075144969 ], [ 678147.550568484002724, 705170.216809643781744 ], [ 678157.174620123696513, 705159.544089490082115 ], [ 678170.719966929289512, 705152.620484002050944 ], [ 678184.666898318100721, 705134.249964377842844 ], [ 678219.198162669315934, 705153.627104691811837 ], [ 678253.254787422833033, 705155.893214205047116 ], [ 678296.965421274886467, 705170.067589649464935 ], [ 678385.538754265406169, 705178.510174696450122 ], [ 678493.657808978459798, 705168.949828165699728 ], [ 678616.569474740419537, 705149.794581534224562 ], [ 678675.854644968407229, 705148.78156940289773 ], [ 678761.180348187801428, 705158.654527669306844 ], [ 678915.398893400211819, 705143.527127488167025 ], [ 678934.23017003131099, 705143.857261325581931 ], [ 678936.255036547081545, 705151.808595498674549 ], [ 678950.696929762139916, 705156.139551738393493 ], [ 678985.527174255345017, 705150.434375401586294 ], [ 679009.185256070457399, 705156.724390563904308 ], [ 679051.619752628263086, 705148.213420082582161 ], [ 679085.28503845189698, 705153.260738393757492 ], [ 679134.178947422187775, 705158.264063692418858 ], [ 679190.614645547000691, 705146.116339444881305 ], [ 679201.851739981910214, 705152.041951477178372 ], [ 679211.843682415317744, 705143.648656480479985 ], [ 679249.895530886715278, 705143.909618220990524 ], [ 679270.059244432370178, 705150.577854653005488 ], [ 679287.208525714930147, 705158.906293522333726 ], [ 679318.841338045545854, 705156.799645729362965 ], [ 679373.792695255368017, 705154.719619157374837 ], [ 679423.296677466249093, 705164.923942438792437 ], [ 679436.837189945392311, 705153.606799248838797 ], [ 679438.010154707590118, 705130.357464540866204 ], [ 679438.403982528485358, 705084.319666534196585 ], [ 679459.245314777595922, 705006.450964938150719 ], [ 679509.70356675144285, 704932.538017337094061 ], [ 679561.768034565728158, 704891.074013067292981 ], [ 679621.363798229256645, 704864.592769528040662 ], [ 679669.907268051174469, 704860.079272128175944 ], [ 679719.072079631034285, 704860.954312458168715 ], [ 679745.735690695350058, 704874.827823227271438 ], [ 679806.712467516423203, 704915.332333225058392 ], [ 679895.537762469961308, 704999.925135877681896 ], [ 680031.078987556626089, 705124.543260599137284 ], [ 680072.27864467294421, 705139.771061604144052 ], [ 680101.552642207941972, 705148.422196532366797 ], [ 680119.612558800377883, 705157.522949354606681 ], [ 680167.707653478370048, 705160.716373192844912 ], [ 680293.270537076983601, 705153.096202000859194 ], [ 680400.667357948725112, 705159.931224548141472 ], [ 680436.255812918068841, 705171.338759896694683 ], [ 680489.861841360107064, 705150.238866681582294 ], [ 680508.156220760778524, 705192.723543792963028 ], [ 680637.656950934440829, 705160.894558349624276 ], [ 680662.571009778883308, 705161.160531528061256 ], [ 680735.30646222922951, 705135.04569665773306 ], [ 680761.37601688853465, 705118.615511516924016 ], [ 680801.744605454965495, 705128.944174380158074 ], [ 680848.925374755635858, 705127.438136492157355 ], [ 680887.498908450361341, 705140.861593329580501 ], [ 680891.824067186098546, 705154.461316316737793 ], [ 680900.790493069915101, 705163.506331926910207 ], [ 680917.642599318409339, 705168.627207201090641 ], [ 680933.064739542081952, 705160.56984661181923 ], [ 680956.774084471398965, 705145.642574227531441 ], [ 680971.590376657666638, 705124.492640541051514 ], [ 680990.960831118281931, 705119.000507315737195 ], [ 681013.221687648212537, 705118.567855482804589 ], [ 681024.186368454247713, 705113.271408210275695 ], [ 681036.589842557208613, 705069.704040032927878 ], [ 681063.277993231196888, 705024.901995978318155 ], [ 681094.730310627375729, 705019.411712186294608 ], [ 681105.283800973673351, 705005.283623068360612 ], [ 681142.014713654178195, 704885.121203985880129 ], [ 681158.449860776774585, 704858.707916080369614 ], [ 681207.594004215090536, 704835.688605171977542 ], [ 681265.059113640571013, 704749.125792370294221 ], [ 681286.689333895337768, 704716.32966258621309 ], [ 681582.241021424415521, 704894.32617225847207 ], [ 681598.954569381894544, 704877.907669127802365 ], [ 681614.01445090631023, 704862.745763095328584 ], [ 681614.630980386747979, 704857.84000413340982 ], [ 681446.196020822157152, 704572.138174158171751 ], [ 681468.88785710092634, 704558.875470091355965 ], [ 681449.123936629621312, 704536.640453222906217 ], [ 681437.081062490702607, 704484.480839836760424 ], [ 681428.881899751839228, 704441.218386729597114 ], [ 681426.07713151385542, 704403.305551672703587 ], [ 681432.228353346581571, 704302.057320841937326 ], [ 681435.792616511811502, 704282.397235215757973 ], [ 681430.307154576759785, 704275.188338103238493 ], [ 681419.623397786868736, 704273.410424240166321 ], [ 681422.471453366801143, 704263.360800806549378 ], [ 681417.32745723798871, 704245.09270842873957 ], [ 681407.34626462077722, 704214.743066189810634 ], [ 681449.123829388059676, 704162.516792160109617 ], [ 681790.337221238878556, 703961.019441734417342 ], [ 682105.215818405151367, 703789.671936817583628 ], [ 682207.49259570275899, 703761.667087145033292 ], [ 682287.823655531159602, 703764.521696588024497 ], [ 682305.707641784450971, 703777.654183221864514 ], [ 682332.940939342835918, 703785.341607803944498 ], [ 682348.194644216680899, 703783.075092679238878 ], [ 682366.572634863201529, 703771.068096068338491 ], [ 682408.999192823306657, 703758.978095854632556 ], [ 682455.391505010193214, 703736.115384829230607 ], [ 682474.224949744413607, 703718.328872162033804 ], [ 682478.791361565818079, 703612.216228409437463 ], [ 682447.310962728573941, 703601.145054309046827 ], [ 682465.892746569123119, 703568.537945159710944 ], [ 682487.800148307578638, 703541.653159881359898 ], [ 682550.00848452351056, 703523.1527178195538 ], [ 682564.94494994089473, 703529.908743655309081 ], [ 682630.580641128122807, 703534.420383843942545 ], [ 682688.234460846637376, 703533.613326492253691 ], [ 682792.564940195181407, 703515.588781035738066 ], [ 682826.526558412937447, 703498.735849506687373 ], [ 682899.287722748005763, 703508.315712639712729 ], [ 682959.291243352810852, 703499.686652689706534 ], [ 683022.86465744045563, 703506.486892090411857 ], [ 682986.312403369462118, 703556.455881203874014 ], [ 682987.88856608979404, 703603.471822558552958 ], [ 683066.444578675320372, 703593.617359335999936 ], [ 683099.494762326241471, 703612.919539921567775 ], [ 683141.728837052825838, 703572.063324572751299 ], [ 683192.61311121576, 703583.82210134062916 ], [ 683230.3151257741265, 703629.309080815757625 ], [ 683269.775013910606503, 703639.014964412548579 ], [ 683295.105842088465579, 703612.252244450268336 ], [ 683324.72135968413204, 703609.295570636051707 ], [ 683324.3783228546381, 703626.420563380350359 ], [ 683355.69435617653653, 703639.010165978688747 ], [ 683405.11073359940201, 703616.748222161782905 ], [ 683401.590320338960737, 703590.913957196404226 ], [ 683427.556278444244526, 703570.713199755293317 ], [ 683449.315633437596262, 703558.928183086565696 ], [ 683465.963736394885927, 703556.646732999710366 ], [ 683474.801635299343616, 703562.195509028853849 ], [ 683487.616662919637747, 703560.159549342701212 ], [ 683496.879127382067963, 703575.657970477128401 ], [ 683511.291394479223527, 703571.225686895428225 ], [ 683504.810214394819923, 703550.548567968304269 ], [ 683508.384665246587247, 703542.566714293789119 ], [ 683559.214063061052002, 703528.856743525364436 ], [ 683571.645351701765321, 703532.002456529764459 ], [ 683571.702086857985705, 703548.727599294856191 ], [ 683586.557588888565078, 703556.635859450674616 ], [ 683610.207988831563853, 703560.540522870142013 ], [ 683620.736474975710735, 703594.353990405099466 ], [ 683613.559343365253881, 703605.126369484583847 ], [ 683618.39998591481708, 703615.470592703321017 ], [ 683648.430710447370075, 703613.476008619647473 ], [ 683644.365218373946846, 703591.882994884974323 ], [ 683653.176049098139629, 703589.462226189556532 ], [ 683666.012910979799926, 703596.989969711052254 ], [ 683671.652121689985506, 703606.124974100501277 ], [ 683706.914170934585854, 703617.572728616883978 ], [ 683761.097642945940606, 703636.881976543110795 ], [ 683781.545060580363497, 703640.000709906802513 ], [ 683817.802252968424, 703658.429871885804459 ], [ 683855.229410099447705, 703679.301410462707281 ], [ 683888.467159090097994, 703704.382335986709222 ], [ 683939.330905525246635, 703782.302865286357701 ], [ 683948.261928997701034, 703906.334734339732677 ], [ 683964.626405506161973, 703986.009982098708861 ], [ 683852.272079052869231, 704079.491071298485622 ], [ 683807.301541401538998, 704107.647764034569263 ], [ 683783.379793367814273, 704141.976327256881632 ], [ 683739.485107426065952, 704191.492840576218441 ], [ 683712.994415482040495, 704196.928855617647059 ], [ 683671.491475695278496, 704225.970725917373784 ], [ 683605.372954354272224, 704243.385058621875942 ], [ 683539.627527495380491, 704243.109977917396463 ], [ 683435.362317928345874, 704381.916058491449803 ], [ 683420.674491518759169, 704466.644401701749302 ], [ 683348.64541628328152, 704475.545454941689968 ], [ 683317.343542026123032, 704460.520599302137271 ], [ 683281.333983197109774, 704474.18073579960037 ], [ 683188.37170733709354, 704467.336005864548497 ], [ 683126.676595635362901, 704465.321719224564731 ], [ 683081.492624494596384, 704482.998424527351744 ], [ 683080.348063138197176, 704444.758682804298587 ], [ 683025.698566154926084, 704402.993731533642858 ], [ 682972.81654331763275, 704402.499458615668118 ], [ 682973.663187285652384, 704344.383929351111874 ], [ 682865.682920644525439, 704288.522948603727855 ], [ 682853.243902370217256, 704286.097195610986091 ], [ 682837.597928541130386, 704278.590677108149976 ], [ 682818.320863164146431, 704265.51781703310553 ], [ 682784.114895512466319, 704260.023182339034975 ], [ 682731.456023515900597, 704287.710647708037868 ], [ 682693.843628306174651, 704298.997515302733518 ], [ 682653.273986084968783, 704310.250349747017026 ], [ 682636.821245342725888, 704375.249189776019193 ], [ 682628.421776224626228, 704380.44734380277805 ], [ 682626.493264590972103, 704403.156649208627641 ], [ 682607.308949681115337, 704413.970735693583265 ], [ 682599.19513618608471, 704425.444084958173335 ], [ 682564.88369267154485, 704426.060324174934067 ], [ 682523.707308308337815, 704420.51266529422719 ], [ 682500.408762203645892, 704432.658254681271501 ], [ 682492.045071751112118, 704448.216999225318432 ], [ 682489.695740075665526, 704462.161064862273633 ], [ 682477.855394719867036, 704464.880605828249827 ], [ 682464.84360560006462, 704458.660380845540203 ], [ 682453.652430897229351, 704465.871742324437946 ], [ 682443.671129725989886, 704477.849708116496913 ], [ 682429.260706061031669, 704479.4933760126587 ], [ 682397.637158316676505, 704481.628166262526065 ], [ 682387.271419588825665, 704501.544016704894602 ], [ 682384.858587212394923, 704521.543101502000354 ], [ 682385.847602395573631, 704554.104913635761477 ], [ 682403.593278544489294, 704606.942775203846395 ], [ 682420.167240891372785, 704632.433004609309137 ], [ 682440.746233906247653, 704652.496650507440791 ], [ 682502.303770803962834, 704669.895271803950891 ], [ 682549.706586890504695, 704640.520627333899029 ], [ 682648.997007478843443, 704598.990819639526308 ], [ 682699.971294513088651, 704560.804344221833162 ], [ 682818.176121954922564, 704534.242212996934541 ], [ 682939.020549626206048, 704544.387884987168945 ], [ 683008.406584179960191, 704571.856282629305497 ], [ 683062.132571339607239, 704606.197005706606433 ], [ 683081.57751248544082, 704634.544869547593407 ], [ 683098.659081141231582, 704685.227163285482675 ], [ 683132.71971059392672, 704741.186786900740117 ], [ 683231.287391469115391, 704787.927249066065997 ], [ 683381.62138765770942, 704805.712409889907576 ], [ 683497.548549002618529, 704792.799221174092963 ], [ 683597.693394014029764, 704772.413257016567513 ], [ 683702.766020172974095, 704713.280409508151934 ], [ 683847.525150517350994, 704634.532445129472762 ], [ 683951.133312356425449, 704585.401277109282091 ], [ 684026.140094461035915, 704560.707902822643518 ], [ 684153.449048949289136, 704474.062372151413001 ], [ 684254.351233090856113, 704370.293928238679655 ], [ 684292.461239733267576, 704349.710370303830132 ], [ 684348.98508911090903, 704337.034873697441071 ], [ 684489.050607982906513, 704327.987255638232455 ], [ 684569.626756856450811, 704322.825325996847823 ], [ 684620.761670253938064, 704344.073179324623197 ], [ 684685.349752592272125, 704361.612427580635995 ], [ 684771.282765560550615, 704334.970535978558473 ], [ 684829.053108102525584, 704281.015722124138847 ], [ 684856.244096501846798, 704263.801399938296527 ], [ 684885.355995027115569, 704252.546955321566202 ], [ 684931.498053865507245, 704246.039932235493325 ], [ 684966.170330669148825, 704252.200911203515716 ], [ 684987.069808608852327, 704210.412205446511507 ], [ 685008.282745177391917, 704177.123526934883557 ], [ 685042.903103075223044, 704135.765324129723012 ], [ 685077.886070362059399, 704111.352718533133157 ], [ 685086.905438767164014, 704114.510707800975069 ], [ 685104.160075755906291, 704132.806022989097983 ], [ 685108.578546273056418, 704127.577851987909526 ], [ 685096.117544644977897, 704115.277144979103468 ], [ 685100.475425244774669, 704101.326752358814701 ], [ 685114.150164771475829, 704091.064691915060394 ], [ 685143.806671101949178, 704078.303440374322236 ], [ 685202.907574164448306, 704036.52132590895053 ], [ 685244.527452244306915, 704022.835828278330155 ], [ 685244.527452244306915, 697436.891231601592153 ] ] ] } },
{ "type": "Feature", "properties": { "cell_id": 38, "parish": "Manchester", "centroid_x": 690867.93729452521, "centroid_y": 635966.60443611979, "land_area_km2": 26.981872817815532, "total_buildings": 16, "damaged_buildings": 3, "Damage_Ratio": 0.1875, "Dist_km": 11.955099335212706, "Delta_P": 116.48968974085926, "DeltaP_x_Dist": 1392.645812380081, "Pop_Dens": 142.00065665409483, "ln_Pop_Dens": 4.9628492222360414, "Delta_P_c": 3.1117496775597004, "Dist_km_c": -41.106829993821279, "DeltaP_x_Dist_c": -127.91416497877479, "hat_y_ols": 0.59871569961705939, "hat_y_frac": 0.61098630491683992, "residual_frac": -0.42348630491683992, "abs_residual_frac": 0.42348630491683992, "basis_risk_category": "Windfall Over-Coverage" }, "geometry": { "type": "Polygon", "coordinates": [ [ [ 685244.527452244306915, 637436.891231601592153 ], [ 695244.527452244306915, 637436.891231601592153 ], [ 695244.527452244306915, 632685.885246735648252 ], [ 695194.660946117714047, 632680.564593864372 ], [ 695173.060471192351542, 632685.140561844222248 ], [ 695150.367991974111646, 632701.031040744972415 ], [ 695076.441635349416174, 632700.108565887785517 ], [ 695033.254580973880365, 632710.400745322811417 ], [ 695002.635472796740942, 632742.140727859223261 ], [ 694999.291933333268389, 632767.019757756381296 ], [ 694988.889850644394755, 632814.962007419206202 ], [ 694981.317842258140445, 632843.9258816849906 ], [ 694967.744484615861438, 632872.220350485178642 ], [ 694910.824255985906348, 632933.010028167045675 ], [ 694878.437671964522451, 633010.864230119041167 ], [ 694789.309650564100593, 633039.138453453662805 ], [ 694709.848252438241616, 633093.583716541295871 ], [ 694603.312723007518798, 633109.356713757268153 ], [ 694549.352277905447409, 633144.085157750523649 ], [ 694447.248117164126597, 633178.71735216176603 ], [ 694315.008252592640929, 633220.375046549597755 ], [ 694271.533308885060251, 633281.8589879370993 ], [ 694176.449473466607742, 633347.119842300307937 ], [ 694107.075901207979769, 633399.502404596889392 ], [ 694059.716294098529033, 633440.156920418841764 ], [ 693981.518794076284394, 633501.662904859753326 ], [ 693931.867313119350001, 633537.587182093644515 ], [ 693836.504035669495352, 633593.254579345462844 ], [ 693760.341986869694665, 633609.985768759390339 ], [ 693658.593379187164828, 633634.217186747118831 ], [ 693594.788566989009269, 633661.339607525151223 ], [ 693554.206982677686028, 633681.013196357991546 ], [ 693507.639140046318062, 633701.489901089691557 ], [ 693423.592265320708975, 633736.772819399368018 ], [ 693400.940648073912598, 633769.621321354294196 ], [ 693380.702435072162189, 633804.997458344674669 ], [ 693329.661774030537345, 633869.449388313689269 ], [ 693296.589747995487414, 633938.46493722172454 ], [ 693236.814911313937046, 633969.528161238646135 ], [ 693103.323462890461087, 634033.798428575042635 ], [ 692845.558729915879667, 634193.183417736669071 ], [ 692737.031116586411372, 634330.277171013178304 ], [ 692547.728708832524717, 634437.823641741881147 ], [ 692449.007168098236434, 634509.312686401070096 ], [ 692275.455264481599443, 634655.619949267245829 ], [ 692041.798452033777721, 634855.232158812694252 ], [ 691831.719918855582364, 634955.309587258612737 ], [ 691778.345363293658011, 634976.9505671991501 ], [ 691724.980380337219685, 635005.354190115933307 ], [ 691619.348599329008721, 635046.364625975023955 ], [ 691579.598013244685717, 635062.298880332498811 ], [ 691541.009437140659429, 635101.859862804063596 ], [ 691490.071387682110071, 635162.021967340144329 ], [ 691457.199970603222027, 635199.418910643435083 ], [ 691404.970623914385214, 635224.444296550820582 ], [ 691290.260678272461519, 635269.988245324813761 ], [ 691126.714523463277146, 635337.162040668423288 ], [ 690898.361844189465046, 635369.756454644608311 ], [ 690621.761959315161221, 635376.567004463984631 ], [ 690254.950344221899286, 635380.66716395074036 ], [ 690130.939764776732773, 635454.458427167963237 ], [ 689951.96483407530468, 635492.923381907283328 ], [ 689811.705138453631662, 635510.164730953867547 ], [ 689604.780711687286384, 635516.732044612755999 ], [ 689418.821361304726452, 635513.408534977468662 ], [ 689246.706929569598287, 635497.492897108546458 ], [ 689017.736475240439177, 635483.13862232118845 ], [ 688537.707875277730636, 635407.158362975809723 ], [ 688115.816059148404747, 635343.723751395009458 ], [ 687834.13144002656918, 635280.872396942111664 ], [ 687653.405755963060074, 635234.317530843429267 ], [ 687390.484676949679852, 635137.102294765529223 ], [ 687310.879736475413665, 635134.19064277340658 ], [ 687005.80377470725216, 635066.456266943016089 ], [ 686917.881616589962505, 635061.204323591082357 ], [ 686615.458286834531464, 634988.597579631954432 ], [ 686263.665135460207239, 634890.278628611005843 ], [ 686059.440975088393316, 634842.44220799265895 ], [ 685953.53853788448032, 634829.627254301332869 ], [ 685957.975974014261737, 634796.043631965178065 ], [ 685913.846505714347586, 634790.764188935281709 ], [ 685916.977996666566469, 634688.242418992915191 ], [ 685872.297116743633524, 634673.213983707944863 ], [ 685822.419950075913221, 634757.947183902026154 ], [ 685715.105291277519427, 634773.693495200830512 ], [ 685712.019369103014469, 634786.143991687451489 ], [ 685780.332059887819923, 634803.374823655933142 ], [ 685800.731235087616369, 634870.424358644639142 ], [ 685789.740424105082639, 634919.115078517468646 ], [ 685698.945983194746077, 634972.471824581618421 ], [ 685605.654060231288895, 634975.090514968265779 ], [ 685525.996724098920822, 635008.190382948843762 ], [ 685506.432399382814765, 635040.750155279529281 ], [ 685421.505623511271551, 635063.463847542763688 ], [ 685340.654068727977574, 635045.866000733105466 ], [ 685252.830744807724841, 635067.571699908003211 ], [ 685244.527452244306915, 635070.287243238999508 ], [ 685244.527452244306915, 637436.891231601592153 ] ] ] } },
{ "type": "Feature", "properties": { "cell_id": 39, "parish": "Manchester", "centroid_x": 690244.52745224431, "centroid_y": 642436.89123160159, "land_area_km2": 100.0, "total_buildings": 40, "damaged_buildings": 25, "Damage_Ratio": 0.625, "Dist_km": 15.818317608772084, "Delta_P": 117.24652403510277, "DeltaP_x_Dist": 1854.6427557117854, "Pop_Dens": 292.3310304752066, "ln_Pop_Dens": 5.6813017681206208, "Delta_P_c": 3.8685839718032042, "Dist_km_c": -37.243611720261903, "DeltaP_x_Dist_c": -144.08003935306715, "hat_y_ols": 0.59105603078779589, "hat_y_frac": 0.61201827356664273, "residual_frac": 0.012981726433357266, "abs_residual_frac": 0.012981726433357266, "basis_risk_category": "Concordant Alignment" }, "geometry": { "type": "Polygon", "coordinates": [ [ [ 685244.527452244306915, 637436.891231601592153 ], [ 685244.527452244306915, 647436.891231601592153 ], [ 695244.527452244306915, 647436.891231601592153 ], [ 695244.527452244306915, 637436.891231601592153 ], [ 685244.527452244306915, 637436.891231601592153 ] ] ] } },
{ "type": "Feature", "properties": { "cell_id": 40, "parish": "Manchester", "centroid_x": 690244.52745224431, "centroid_y": 652436.89123160159, "land_area_km2": 100.0, "total_buildings": 58, "damaged_buildings": 33, "Damage_Ratio": 0.56896551724137934, "Dist_km": 22.505407012473924, "Delta_P": 118.32295383163887, "DeltaP_x_Dist": 2662.9062348991938, "Pop_Dens": 636.87235278925618, "ln_Pop_Dens": 6.4581381893292864, "Delta_P_c": 4.9450137683393223, "Dist_km_c": -30.556522316560063, "DeltaP_x_Dist_c": -151.10242356795726, "hat_y_ols": 0.56923382319499471, "hat_y_frac": 0.59973280352143366, "residual_frac": -0.030767286280054318, "abs_residual_frac": 0.030767286280054318, "basis_risk_category": "Concordant Alignment" }, "geometry": { "type": "Polygon", "coordinates": [ [ [ 685244.527452244306915, 647436.891231601592153 ], [ 685244.527452244306915, 657436.891231601592153 ], [ 695244.527452244306915, 657436.891231601592153 ], [ 695244.527452244306915, 647436.891231601592153 ], [ 685244.527452244306915, 647436.891231601592153 ] ] ] } },
{ "type": "Feature", "properties": { "cell_id": 41, "parish": "Manchester", "centroid_x": 690244.52745224431, "centroid_y": 662436.89123160159, "land_area_km2": 100.0, "total_buildings": 54, "damaged_buildings": 27, "Damage_Ratio": 0.5, "Dist_km": 29.192496416175764, "Delta_P": 119.39938362817509, "DeltaP_x_Dist": 3485.5660786590965, "Pop_Dens": 438.23534349173553, "ln_Pop_Dens": 6.0850353593886801, "Delta_P_c": 6.0214435648755114, "Dist_km_c": -23.869432912858223, "DeltaP_x_Dist_c": -143.72844321035788, "hat_y_ols": 0.54136314291579724, "hat_y_frac": 0.56531164244983911, "residual_frac": -0.065311642449839113, "abs_residual_frac": 0.065311642449839113, "basis_risk_category": "Concordant Alignment" }, "geometry": { "type": "Polygon", "coordinates": [ [ [ 685244.527452244306915, 657436.891231601592153 ], [ 685244.527452244306915, 667436.891231601592153 ], [ 695244.527452244306915, 667436.891231601592153 ], [ 695244.527452244306915, 657436.891231601592153 ], [ 685244.527452244306915, 657436.891231601592153 ] ] ] } },
{ "type": "Feature", "properties": { "cell_id": 42, "parish": "Manchester", "centroid_x": 690244.52745224431, "centroid_y": 672436.89123160159, "land_area_km2": 100.0, "total_buildings": 49, "damaged_buildings": 27, "Damage_Ratio": 0.55102040816326525, "Dist_km": 35.879585819877605, "Delta_P": 120.47581342471119, "DeltaP_x_Dist": 4322.6222869914873, "Pop_Dens": 134.12903538223139, "ln_Pop_Dens": 4.9062301395817673, "Delta_P_c": 7.0978733614116436, "Dist_km_c": -17.182343509156382, "DeltaP_x_Dist_c": -121.95809828026535, "hat_y_ols": 0.50817533246758617, "hat_y_frac": 0.51401485012047465, "residual_frac": 0.037005558042790598, "abs_residual_frac": 0.037005558042790598, "basis_risk_category": "Concordant Alignment" }, "geometry": { "type": "Polygon", "coordinates": [ [ [ 685244.527452244306915, 667436.891231601592153 ], [ 685244.527452244306915, 677436.891231601592153 ], [ 695244.527452244306915, 677436.891231601592153 ], [ 695244.527452244306915, 667436.891231601592153 ], [ 685244.527452244306915, 667436.891231601592153 ] ] ] } },
{ "type": "Feature", "properties": { "cell_id": 43, "parish": "Trelawny", "centroid_x": 690244.52745224431, "centroid_y": 682436.89123160159, "land_area_km2": 100.0, "total_buildings": 55, "damaged_buildings": 22, "Damage_Ratio": 0.4, "Dist_km": 42.617840033960192, "Delta_P": 121.25, "DeltaP_x_Dist": 5167.4131041176734, "Pop_Dens": 88.446667901400858, "ln_Pop_Dens": 4.4936425582983546, "Delta_P_c": 7.8720599367004382, "Dist_km_c": -10.444089295073795, "DeltaP_x_Dist_c": -82.216496915072341, "hat_y_ols": 0.46883482287731282, "hat_y_frac": 0.46893440500885858, "residual_frac": -0.068934405008858557, "abs_residual_frac": 0.068934405008858557, "basis_risk_category": "Concordant Alignment" }, "geometry": { "type": "Polygon", "coordinates": [ [ [ 685244.527452244306915, 677436.891231601592153 ], [ 685244.527452244306915, 687436.891231601592153 ], [ 695244.527452244306915, 687436.891231601592153 ], [ 695244.527452244306915, 677436.891231601592153 ], [ 685244.527452244306915, 677436.891231601592153 ] ] ] } },
{ "type": "Feature", "properties": { "cell_id": 44, "parish": "Trelawny", "centroid_x": 690244.52745224431, "centroid_y": 692436.89123160159, "land_area_km2": 100.0, "total_buildings": 44, "damaged_buildings": 15, "Damage_Ratio": 0.34090909090909088, "Dist_km": 50.137046224668637, "Delta_P": 120.70633355747816, "DeltaP_x_Dist": 6051.859025181554, "Pop_Dens": 95.351622596153845, "ln_Pop_Dens": 4.5680042353636576, "Delta_P_c": 7.3283934941785986, "Dist_km_c": -2.9248831043653496, "DeltaP_x_Dist_c": -21.434694313263932, "hat_y_ols": 0.40796085811686983, "hat_y_frac": 0.40402915918303894, "residual_frac": -0.06312006827394806, "abs_residual_frac": 0.06312006827394806, "basis_risk_category": "Concordant Alignment" }, "geometry": { "type": "Polygon", "coordinates": [ [ [ 685244.527452244306915, 687436.891231601592153 ], [ 685244.527452244306915, 697436.891231601592153 ], [ 695244.527452244306915, 697436.891231601592153 ], [ 695244.527452244306915, 687436.891231601592153 ], [ 685244.527452244306915, 687436.891231601592153 ] ] ] } },
{ "type": "Feature", "properties": { "cell_id": 45, "parish": "Trelawny", "centroid_x": 690235.1222084749, "centroid_y": 700778.35155967623, "land_area_km2": 66.708121654145245, "total_buildings": 43, "damaged_buildings": 16, "Damage_Ratio": 0.37209302325581395, "Dist_km": 56.610559861301525, "Delta_P": 119.02577551189268, "DeltaP_x_Dist": 6738.1157896538371, "Pop_Dens": 102.15898652129121, "ln_Pop_Dens": 4.6362713566268781, "Delta_P_c": 5.6478354485931135, "Dist_km_c": 3.5486305322675378, "DeltaP_x_Dist_c": 20.042081314100447, "hat_y_ols": 0.34622458437085407, "hat_y_frac": 0.33345742457491673, "residual_frac": 0.038635598680897165, "abs_residual_frac": 0.038635598680897165, "basis_risk_category": "Concordant Alignment" }, "geometry": { "type": "Polygon", "coordinates": [ [ [ 695244.527452244306915, 697436.891231601592153 ], [ 685244.527452244306915, 697436.891231601592153 ], [ 685244.527452244306915, 704022.835828278330155 ], [ 685256.227275736746378, 704018.988678453024477 ], [ 685300.815674572251737, 703989.563646999537013 ], [ 685384.716016127495095, 703944.700456011109054 ], [ 685462.714511450845748, 703881.117168557480909 ], [ 685509.470763119286858, 703845.918501470703632 ], [ 685538.215795636060648, 703815.959548145649023 ], [ 685567.391061513568275, 703794.754844759358093 ], [ 685589.794856673222966, 703785.925520519143902 ], [ 685607.012784188729711, 703783.47797958436422 ], [ 685616.656538318609819, 703790.209461645688862 ], [ 685626.755247405031696, 703816.465263252030127 ], [ 685611.558402417344041, 703823.278417769353837 ], [ 685613.976819071802311, 703829.646241043112241 ], [ 685639.936597883002833, 703823.041230656788684 ], [ 685645.983761319774203, 703815.206604815553874 ], [ 685635.530772139318287, 703806.474269146681763 ], [ 685629.493819883675314, 703798.136977423680946 ], [ 685635.062794290366583, 703782.987276573898271 ], [ 685657.031254224828444, 703763.798827436869033 ], [ 685687.0630216547288, 703758.918342888704501 ], [ 685710.310104847652838, 703762.428381034173071 ], [ 685719.143250657827593, 703769.970615263329819 ], [ 685719.181147754192352, 703781.515512626618147 ], [ 685710.808177566155791, 703791.892563763540238 ], [ 685712.048816495807841, 703803.046096262987703 ], [ 685725.254688772140071, 703801.01031690556556 ], [ 685740.186645161826164, 703793.92139405827038 ], [ 685751.644456924521364, 703783.799891360104084 ], [ 685745.195750322658569, 703772.276028376538306 ], [ 685733.585913922055624, 703774.693972914828919 ], [ 685728.738618430797942, 703761.96940239763353 ], [ 685735.098485570168123, 703746.418649888248183 ], [ 685745.87297644384671, 703734.04130100866314 ], [ 685779.858004922396503, 703714.016595458495431 ], [ 685825.08296343346592, 703701.127856357721612 ], [ 685883.093161708675325, 703677.03975441493094 ], [ 685988.011021898826584, 703660.369666060199961 ], [ 686102.773879615357146, 703660.293725739233196 ], [ 686221.214686761144549, 703673.954237529309466 ], [ 686277.037569488631561, 703685.074005044414662 ], [ 686326.407812440767884, 703699.624179097241722 ], [ 686424.272478311089799, 703761.569617582019418 ], [ 686519.210052752518095, 703836.265520012471825 ], [ 686585.465633714338765, 703886.060830905917101 ], [ 686584.15492477978114, 703908.557393347611651 ], [ 686589.630808216985315, 703913.365768541698344 ], [ 686591.929756922414526, 703922.080739316297695 ], [ 686591.676497907028534, 703931.933018149924465 ], [ 686599.906069401302375, 703935.858024703920819 ], [ 686608.401625250931829, 703933.860229259938933 ], [ 686617.466933399788104, 703934.948859692551196 ], [ 686623.148805798729882, 703941.405866972287185 ], [ 686621.472135636373423, 703948.739008045522496 ], [ 686629.438350989366882, 703959.40593425987754 ], [ 686642.777221967931837, 703965.838170012575574 ], [ 686660.950301183504052, 703977.888927413732745 ], [ 686670.616901249624789, 703988.561440183199011 ], [ 686671.206688080099411, 703997.846471065306105 ], [ 686685.110393275390379, 704002.594412828446366 ], [ 686706.651751173660159, 704007.871129457955249 ], [ 686713.48969041602686, 704019.117328891647048 ], [ 686733.89459123427514, 704022.427456351462752 ], [ 686735.906518527772278, 704030.589920418802649 ], [ 686753.850092125474475, 704037.018425779649988 ], [ 686776.739939764025621, 704044.537883112439886 ], [ 686786.680666238302365, 704051.82243781525176 ], [ 686804.259616785799153, 704056.547531723510474 ], [ 686814.167646505637094, 704053.704018211807124 ], [ 686818.710284817614593, 704057.353219036012888 ], [ 686840.525813364307396, 704059.253136073704809 ], [ 686848.182220268296078, 704062.327779016690329 ], [ 686857.548958326224238, 704068.485177075956017 ], [ 686866.651123764924705, 704077.753837996977381 ], [ 686872.906788388150744, 704085.327044451143593 ], [ 686881.984748431830667, 704090.367410504608415 ], [ 686887.077698980690911, 704087.816180917667225 ], [ 686891.625773684936576, 704093.1589472994674 ], [ 686893.361533074639738, 704104.133859584457241 ], [ 686893.098137276712805, 704110.886834317818284 ], [ 686902.463946353644133, 704116.767530946526676 ], [ 686912.383763403515331, 704117.587887241737917 ], [ 686926.274909476866014, 704121.760450482950546 ], [ 686940.989489764440805, 704132.38363349379506 ], [ 686956.34785597177688, 704136.307974093477242 ], [ 686983.016975507489406, 704146.638116986025125 ], [ 687011.366829465259798, 704154.151348743471317 ], [ 687033.764321582624689, 704159.713467939291149 ], [ 687039.141538762138225, 704156.884636943927035 ], [ 687070.969853930873796, 704159.007208151742816 ], [ 687089.295858788420446, 704162.911047429544851 ], [ 687107.748512306949124, 704176.654891532380134 ], [ 687129.309151686029509, 704184.743553668493405 ], [ 687160.476668832707219, 704188.307369775255211 ], [ 687176.89736684365198, 704184.314096351037733 ], [ 687219.638023143401369, 704174.037762950873002 ], [ 687257.332635911530815, 704167.76255208638031 ], [ 687289.020596609101631, 704165.646477486705408 ], [ 687309.974185627070256, 704165.579385226941667 ], [ 687336.608860434615053, 704165.217408312833868 ], [ 687359.267313667340204, 704166.550683780806139 ], [ 687392.969944298849441, 704163.631360552972183 ], [ 687437.716084325569682, 704159.547765458701178 ], [ 687494.707394932047464, 704143.636634903261438 ], [ 687522.062357486225665, 704137.306388648459688 ], [ 687570.74106271204073, 704121.112070712842979 ], [ 687608.663386179949157, 704109.999633365310729 ], [ 687640.930088028311729, 704097.222782658529468 ], [ 687668.054195990669541, 704081.374087534961291 ], [ 687701.722965090535581, 704067.751626932178624 ], [ 687741.922453822684474, 704058.613566180458292 ], [ 687771.660521058249287, 704057.677793212467805 ], [ 687793.772748409770429, 704063.241686651133932 ], [ 687812.787225855863653, 704074.438523044809699 ], [ 687841.148301656125113, 704082.229644983075559 ], [ 687867.803793521365151, 704091.719785344786942 ], [ 687881.411422324017622, 704096.469515850069001 ], [ 687887.404627440613694, 704107.99553145642858 ], [ 687899.320784886484034, 704115.562180362059735 ], [ 687917.742379699833691, 704116.345016859704629 ], [ 687937.368381638196297, 704120.588668380863965 ], [ 687961.944267353159375, 704120.422241410240531 ], [ 687978.668315118178725, 704125.43889320967719 ], [ 687986.069552404223941, 704134.713461314793676 ], [ 687994.008204856538214, 704136.935340874595568 ], [ 688004.181146233459003, 704130.99225440248847 ], [ 688021.475360222859308, 704132.631075149169192 ], [ 688025.746822152286768, 704140.775451611028984 ], [ 688032.288118043914437, 704148.64698867558036 ], [ 688085.614702544291504, 704172.686338296858594 ], [ 688086.781148807378486, 704180.851615460473113 ], [ 688098.478034027852118, 704195.934970738482662 ], [ 688118.581974352360703, 704204.405674055917189 ], [ 688135.916223170584999, 704222.083536484511569 ], [ 688159.797000713529997, 704249.326545767020434 ], [ 688170.289757593767717, 704254.363041791133583 ], [ 688184.82635225134436, 704269.07220569869969 ], [ 688196.44994954043068, 704284.399372860440053 ], [ 688225.985158101771958, 704309.654327790136449 ], [ 688249.273987259250134, 704326.760057392064482 ], [ 688260.35115328989923, 704336.288798736059107 ], [ 688266.274910949170589, 704329.230199029785581 ], [ 688273.074576919083484, 704328.655310469912365 ], [ 688277.592002546531148, 704324.412689225631766 ], [ 688284.951379195554182, 704323.82497152837459 ], [ 688292.617143487324938, 704326.623424045159481 ], [ 688299.686031189281493, 704324.343060805113055 ], [ 688306.50163687823806, 704328.826694956747815 ], [ 688313.319017786765471, 704333.874848096282221 ], [ 688321.264664540416561, 704338.354927644366398 ], [ 688333.735724569763988, 704341.127192145213485 ], [ 688343.940586560056545, 704345.323439891217276 ], [ 688353.026829669717699, 704349.799941113684326 ], [ 688360.667797008296475, 704348.082320950576104 ], [ 688372.006150857196189, 704350.016926652519032 ], [ 688387.601626418181695, 704355.602003509528004 ], [ 688388.473903618054464, 704360.945616242242977 ], [ 688387.635304576018825, 704366.305681179394014 ], [ 688395.586214213049971, 704372.468272138270549 ], [ 688408.632871939684264, 704376.932340283761732 ], [ 688417.709429449285381, 704381.69669786549639 ], [ 688433.620991511386819, 704397.132284054998308 ], [ 688446.96516200772021, 704405.536029192968272 ], [ 688460.867287946632132, 704413.373507813201286 ], [ 688472.7732528190827, 704414.46513933816459 ], [ 688478.992820833926089, 704410.781737868790515 ], [ 688489.447370470734313, 704403.708970542531461 ], [ 688498.491182097699493, 704398.05747978342697 ], [ 688513.786342945066281, 704395.474631903925911 ], [ 688536.456778420018964, 704397.373753764783032 ], [ 688572.142034648684785, 704396.973981219343841 ], [ 688594.320887230569497, 704397.037247644620948 ], [ 688617.465259522898123, 704395.149357446585782 ], [ 688645.800871249404736, 704398.436619209707715 ], [ 688665.652375513222069, 704404.008583116694354 ], [ 688673.02584257372655, 704407.926075755502097 ], [ 688689.729186969809234, 704406.467999592307024 ], [ 688738.46451980387792, 704408.285763709107414 ], [ 688797.94666866119951, 704408.653217275976203 ], [ 688844.994844948756509, 704414.704901869408786 ], [ 688893.100427709287032, 704411.0236931219697 ], [ 688925.253917707013898, 704402.477686172816902 ], [ 688969.420720225432888, 704395.576784155098721 ], [ 689020.927706791553646, 704378.524930798099376 ], [ 689075.162884622695856, 704365.925557277165353 ], [ 689135.268771498347633, 704346.068920162972063 ], [ 689208.280506877228618, 704322.752058752346784 ], [ 689277.345872842241079, 704307.339948071516119 ], [ 689353.544321267982014, 704286.426804559188895 ], [ 689412.67444549233187, 704282.137142777559347 ], [ 689460.249383795075119, 704277.484894383116625 ], [ 689484.066467922530137, 704284.738992439699359 ], [ 689501.111788689857349, 704298.201644039596431 ], [ 689515.340464844484814, 704319.55418117379304 ], [ 689547.69747966749128, 704339.168258907389827 ], [ 689587.39573392434977, 704338.636188907898031 ], [ 689705.07164691388607, 704298.126017793430947 ], [ 689801.856182829244062, 704267.421542454510927 ], [ 689926.483351162751205, 704251.342889952589758 ], [ 690030.082615823368542, 704238.561583344358951 ], [ 690132.599619636428542, 704227.555183357442729 ], [ 690201.69032396946568, 704216.640298555023037 ], [ 690238.640678487834521, 704194.621835238067433 ], [ 690282.058152889483608, 704191.057972344686277 ], [ 690304.751828754786402, 704200.563510821317323 ], [ 690348.382138150394894, 704200.995075074024498 ], [ 690406.169661371619441, 704203.066143144154921 ], [ 690437.864860165282153, 704192.830456211348064 ], [ 690458.864562484668568, 704190.574920173268765 ], [ 690485.46080628130585, 704194.943829523399472 ], [ 690524.019111107569188, 704204.965933508588932 ], [ 690550.702158801606856, 704224.023304424597882 ], [ 690635.176310109673068, 704242.916495852172375 ], [ 690702.804457717342302, 704265.12642886932008 ], [ 690777.960586206638254, 704244.742237014230341 ], [ 690820.423503496684134, 704246.838741701911204 ], [ 690868.62470769463107, 704250.091329654213041 ], [ 690886.76650640880689, 704256.235226642689668 ], [ 690900.973659522132948, 704267.449573658057489 ], [ 690930.444222271558829, 704272.430280100670643 ], [ 690957.663178378948942, 704280.240429081371985 ], [ 690971.885170879308134, 704299.900473554735072 ], [ 690987.211764763807878, 704311.122578640584834 ], [ 691001.968392494716682, 704318.959281659219414 ], [ 691028.719048383529298, 704357.166573730995879 ], [ 691063.909568487550132, 704381.844249820220284 ], [ 691091.131682221544906, 704390.772551144706085 ], [ 691108.777887364034541, 704418.314637915347703 ], [ 691127.522314825677313, 704431.773595863254741 ], [ 691154.717253568465821, 704431.691853165044449 ], [ 691191.722006794880144, 704434.602538083912805 ], [ 691224.984754328848794, 704439.926510299788788 ], [ 691269.25067164353095, 704462.319232660229318 ], [ 691309.266795346164145, 704486.872190926456824 ], [ 691326.573761271080002, 704496.49468511948362 ], [ 691370.750305798021145, 704496.174192758393474 ], [ 691444.382612353540026, 704485.449330715695396 ], [ 691507.313960469095036, 704477.413282586145215 ], [ 691560.481145761907101, 704471.022657473455183 ], [ 691614.849066079827026, 704463.532759808469564 ], [ 691702.064359921845607, 704453.144721724907868 ], [ 691755.885556254186668, 704453.549083280493505 ], [ 691809.723459697910585, 704459.576625331887044 ], [ 691872.054687645635568, 704462.767560124397278 ], [ 691918.253281777841039, 704464.058383560972288 ], [ 691996.635374219738878, 704441.566171627724543 ], [ 692034.563754270435311, 704431.879124332568608 ], [ 692122.32971843436826, 704414.728135330136865 ], [ 692189.652691957307979, 704402.320094324881211 ], [ 692227.677299047121778, 704403.713264738675207 ], [ 692263.953689810703509, 704410.369465765659697 ], [ 692310.433756364393048, 704417.549123323871754 ], [ 692355.185290866997093, 704415.170313771814108 ], [ 692399.922921159188263, 704411.651534521719441 ], [ 692429.355439432780258, 704400.307749184430577 ], [ 692448.587533585145138, 704389.547437998349778 ], [ 692466.684018342755735, 704380.484048171434551 ], [ 692502.352655453258194, 704370.804548777989112 ], [ 692531.351112792268395, 704362.661149827064946 ], [ 692563.8869545905618, 704361.491992286872119 ], [ 692578.357835250091739, 704365.755415300722234 ], [ 692599.205727637861855, 704358.532612944836728 ], [ 692623.872385255643167, 704353.401763870264404 ], [ 692647.370005995384417, 704349.381275430554524 ], [ 692661.467082131071948, 704348.62050337146502 ], [ 692665.819332086597569, 704352.570481650880538 ], [ 692671.961728414637037, 704351.113520896993577 ], [ 692669.770342197851278, 704345.729306594352238 ], [ 692674.446901667048223, 704337.801241001579911 ], [ 692689.254859289969318, 704330.939358623814769 ], [ 692705.883463420788758, 704329.086442307569087 ], [ 692726.125068619381636, 704327.588251123437658 ], [ 692778.994166476884857, 704312.888950901571661 ], [ 692803.067678700666875, 704303.520613938220777 ], [ 692822.245479362551123, 704302.999706353526562 ], [ 692842.141354337683879, 704309.682675708201714 ], [ 692855.757953993277624, 704325.217094064573757 ], [ 692869.108955178060569, 704329.362239978974685 ], [ 692889.225608562584966, 704332.092960813315585 ], [ 692908.884058719617315, 704333.430337329162285 ], [ 692921.031862603500485, 704330.605522249010392 ], [ 692928.735159985139035, 704324.771815892891027 ], [ 692938.334999538841657, 704324.644218031084165 ], [ 692951.435916965827346, 704326.332818691036664 ], [ 692959.620845502475277, 704326.308974917046726 ], [ 692962.167309561744332, 704315.84130120347254 ], [ 692972.882736901752651, 704303.490235340432264 ], [ 692988.065807409933768, 704294.834300740621984 ], [ 693006.004347519949079, 704271.304619736270979 ], [ 693037.270250355591998, 704243.773462764453143 ], [ 693069.0933811791474, 704215.344144498929381 ], [ 693098.90225024917163, 704202.439542170264758 ], [ 693135.80795198737178, 704182.109181107603945 ], [ 693168.528785404050723, 704171.786387889878824 ], [ 693182.707325967727229, 704151.73240154760424 ], [ 693196.915645842324011, 704120.089045905508101 ], [ 693208.114835608168505, 704077.806005865219049 ], [ 693221.256297803949565, 704046.077215252327733 ], [ 693238.053810962359421, 704029.52456926763989 ], [ 693269.654457947821356, 703996.989621660439298 ], [ 693308.100759406108409, 703983.285491292481311 ], [ 693336.872657547006384, 703984.132015385432169 ], [ 693369.373198973946273, 703981.481049178284593 ], [ 693409.131217487971298, 703975.776243842905387 ], [ 693460.518879088340327, 703955.935975256608799 ], [ 693500.765153693966568, 703947.385202492121607 ], [ 693548.93874086055439, 703940.970121989026666 ], [ 693572.567955072037876, 703942.064268218935467 ], [ 693601.277894374448806, 703947.051181726856157 ], [ 693623.566450820304453, 703944.706778167863376 ], [ 693652.730620599817485, 703935.048114805482328 ], [ 693730.836133846780285, 703910.449491856037639 ], [ 693807.949734033201821, 703893.447391444351524 ], [ 693819.496626343228854, 703905.59020701283589 ], [ 693832.195987058337778, 703892.403755234321579 ], [ 693852.780218328116462, 703892.344724333728664 ], [ 693890.403052576933987, 703856.428537452011369 ], [ 693902.200982278794982, 703864.04344352229964 ], [ 693907.811714044772089, 703861.249041836708784 ], [ 693895.249843724770471, 703837.663695428986102 ], [ 693987.258364818990231, 703795.758572837105021 ], [ 694013.826089083217084, 703779.167591184028424 ], [ 694063.885612401994877, 703759.852959937532432 ], [ 694081.755450802855194, 703763.421499355812557 ], [ 694132.501715744379908, 703766.364919018931687 ], [ 694143.291116419248283, 703772.178592701093294 ], [ 694156.838353425147943, 703759.919737054733559 ], [ 694190.280666566221043, 703754.024222217965871 ], [ 694207.424981480347924, 703747.61067180801183 ], [ 694239.010232436121441, 703749.745583819691092 ], [ 694242.249784410465509, 703778.416237190831453 ], [ 694241.897192221716978, 703810.373556375154294 ], [ 694256.789783345069736, 703832.911998062161729 ], [ 694262.500059516634792, 703820.542695716605522 ], [ 694249.704689776990563, 703800.123534976155497 ], [ 694261.330166846862994, 703750.899634606088512 ], [ 694324.054933491279371, 703694.988596573821269 ], [ 694395.284353083814494, 703639.839518149965443 ], [ 694434.65884163195733, 703617.733582254266366 ], [ 694515.207862074370496, 703578.763573374948464 ], [ 694537.679654681007378, 703573.807402722071856 ], [ 694647.919188351603225, 703576.351300195557997 ], [ 694712.921947442693636, 703578.525375455850735 ], [ 694767.942465197411366, 703561.46770206396468 ], [ 694811.5811332865851, 703568.16319317149464 ], [ 694825.833150324295275, 703584.682305368711241 ], [ 694862.569684806163423, 703578.247347557917237 ], [ 694906.181278294534422, 703579.098676610738039 ], [ 694985.328436152311042, 703582.108320689992979 ], [ 695088.19488605344668, 703576.794260603375733 ], [ 695244.527452244306915, 703533.522833105758764 ], [ 695244.527452244306915, 697436.891231601592153 ] ] ] } },
{ "type": "Feature", "properties": { "cell_id": 46, "parish": "Manchester", "centroid_x": 699519.18982688733, "centroid_y": 635671.65832443465, "land_area_km2": 33.09717690562875, "total_buildings": 18, "damaged_buildings": 8, "Damage_Ratio": 0.44444444444444442, "Dist_km": 18.190282532683725, "Delta_P": 115.62039870673163, "DeltaP_x_Dist": 2103.1677190169885, "Pop_Dens": 165.29488118489584, "ln_Pop_Dens": 5.1137626051171869, "Delta_P_c": 2.242458643432073, "Dist_km_c": -34.871646796350262, "DeltaP_x_Dist_c": -78.19822576918601, "hat_y_ols": 0.54443801575422934, "hat_y_frac": 0.55255525121406568, "residual_frac": -0.10811080676962126, "abs_residual_frac": 0.10811080676962126, "basis_risk_category": "Windfall Over-Coverage" }, "geometry": { "type": "Polygon", "coordinates": [ [ [ 695244.527452244306915, 637436.891231601592153 ], [ 705244.527452244306915, 637436.891231601592153 ], [ 705244.527452244306915, 635062.822578820865601 ], [ 705238.380268254317343, 635062.975120004382916 ], [ 704870.415803199168295, 635066.749726271489635 ], [ 704521.718854058766738, 635065.572455215151422 ], [ 704051.642179572954774, 635067.064415974775329 ], [ 703629.599906121729873, 635042.234251997782849 ], [ 703204.003079237067141, 635002.834060549153946 ], [ 702569.295926698134281, 634920.837031670263968 ], [ 701893.928784276358783, 634813.747202856699005 ], [ 701175.497917652479373, 634653.904866199591197 ], [ 700592.008788517909124, 634480.378967214957811 ], [ 699955.811152687994763, 634269.495265527395532 ], [ 699541.47991954931058, 634111.187376254005358 ], [ 699136.31464633892756, 633942.272469155141152 ], [ 698280.132708064629696, 633588.893973600701429 ], [ 697582.071059559239075, 633273.148779270122759 ], [ 697560.864853896666318, 633238.739773288019933 ], [ 697533.984054696979001, 633230.731917427037843 ], [ 697508.782791481819004, 633200.716539564775303 ], [ 697497.674513066653162, 633200.768347761360928 ], [ 697482.968197781592607, 633187.138729921309277 ], [ 697458.638577254372649, 633189.815793805522844 ], [ 697452.861833385657519, 633197.766954402672127 ], [ 697418.067471278482117, 633191.429541141376831 ], [ 697409.079564002109692, 633179.765841599670239 ], [ 697402.195975798065774, 633158.312451807199977 ], [ 697381.767535983701237, 633173.065365158137865 ], [ 697290.101215649629012, 633157.052193219657056 ], [ 697278.927474852767773, 633128.759295937255956 ], [ 697218.40050149615854, 633088.235996481147595 ], [ 697057.859912291052751, 633022.238011569599621 ], [ 696973.720484352903441, 633038.41375571617391 ], [ 696859.023685837979428, 633019.852710352162831 ], [ 696713.060658111353405, 632928.206906371051446 ], [ 696589.566527058021165, 632871.154842970892787 ], [ 696564.74029761296697, 632882.312406717799604 ], [ 696474.494347079424188, 632839.802517056465149 ], [ 696434.026252678944729, 632856.116242405376397 ], [ 696263.336822181474417, 632778.409318704507314 ], [ 696125.259611138491891, 632723.049173210514709 ], [ 696008.693413986009546, 632677.06077893206384 ], [ 695897.53223895735573, 632634.777024768758565 ], [ 695823.365588275482878, 632612.126028523896821 ], [ 695780.159267068491317, 632615.643036411842331 ], [ 695728.367972710169852, 632634.867120102397166 ], [ 695619.443247422925197, 632638.809562251786701 ], [ 695482.688727495726198, 632663.881015709135681 ], [ 695339.01804684009403, 632664.158324963413179 ], [ 695329.008575125015341, 632682.083032258902676 ], [ 695268.65978649223689, 632688.460116793401539 ], [ 695244.527452244306915, 632685.885246735648252 ], [ 695244.527452244306915, 637436.891231601592153 ] ] ] } },
{ "type": "Feature", "properties": { "cell_id": 47, "parish": "Manchester", "centroid_x": 700244.52745224431, "centroid_y": 642436.89123160159, "land_area_km2": 100.0, "total_buildings": 43, "damaged_buildings": 23, "Damage_Ratio": 0.53488372093023251, "Dist_km": 23.253560396126012, "Delta_P": 116.27840739222881, "DeltaP_x_Dist": 2703.8869690605379, "Pop_Dens": 369.74948347107437, "ln_Pop_Dens": 5.915526587817002, "Delta_P_c": 2.9004673289292384, "Dist_km_c": -29.808368932907978, "DeltaP_x_Dist_c": -86.458200218568891, "hat_y_ols": 0.52754431390571199, "hat_y_frac": 0.54447066390468513, "residual_frac": -0.0095869429744526169, "abs_residual_frac": 0.0095869429744526169, "basis_risk_category": "Concordant Alignment" }, "geometry": { "type": "Polygon", "coordinates": [ [ [ 695244.527452244306915, 637436.891231601592153 ], [ 695244.527452244306915, 647436.891231601592153 ], [ 705244.527452244306915, 647436.891231601592153 ], [ 705244.527452244306915, 637436.891231601592153 ], [ 695244.527452244306915, 637436.891231601592153 ] ] ] } },
{ "type": "Feature", "properties": { "cell_id": 48, "parish": "Manchester", "centroid_x": 700244.52745224431, "centroid_y": 652436.89123160159, "land_area_km2": 100.0, "total_buildings": 61, "damaged_buildings": 35, "Damage_Ratio": 0.57377049180327866, "Dist_km": 29.940649799827852, "Delta_P": 117.35483718876492, "DeltaP_x_Dist": 3513.6800825846244, "Pop_Dens": 812.13616993801656, "ln_Pop_Dens": 6.7008985862214772, "Delta_P_c": 3.9768971254653565, "Dist_km_c": -23.121279529206138, "DeltaP_x_Dist_c": -91.950950096780886, "hat_y_ols": 0.50535716268859165, "hat_y_frac": 0.53166950671536406, "residual_frac": 0.0421009850879146, "abs_residual_frac": 0.0421009850879146, "basis_risk_category": "Concordant Alignment" }, "geometry": { "type": "Polygon", "coordinates": [ [ [ 695244.527452244306915, 647436.891231601592153 ], [ 695244.527452244306915, 657436.891231601592153 ], [ 705244.527452244306915, 657436.891231601592153 ], [ 705244.527452244306915, 647436.891231601592153 ], [ 695244.527452244306915, 647436.891231601592153 ] ] ] } },
{ "type": "Feature", "properties": { "cell_id": 49, "parish": "Manchester", "centroid_x": 700244.52745224431, "centroid_y": 662436.89123160159, "land_area_km2": 100.0, "total_buildings": 63, "damaged_buildings": 27, "Damage_Ratio": 0.42857142857142855, "Dist_km": 36.627739203529686, "Delta_P": 118.43126698530114, "DeltaP_x_Dist": 4337.8695606812053, "Pop_Dens": 537.17984891528931, "ln_Pop_Dens": 6.2881927959628818, "Delta_P_c": 5.053326922001574, "Dist_km_c": -16.434190125504301, "DeltaP_x_Dist_c": -83.047335402503307, "hat_y_ols": 0.47701926688113866, "hat_y_frac": 0.49542063746075438, "residual_frac": -0.066849208889325884, "abs_residual_frac": 0.066849208889325884, "basis_risk_category": "Concordant Alignment" }, "geometry": { "type": "Polygon", "coordinates": [ [ [ 695244.527452244306915, 657436.891231601592153 ], [ 695244.527452244306915, 667436.891231601592153 ], [ 705244.527452244306915, 667436.891231601592153 ], [ 705244.527452244306915, 657436.891231601592153 ], [ 695244.527452244306915, 657436.891231601592153 ] ] ] } },
{ "type": "Feature", "properties": { "cell_id": 50, "parish": "St. Ann", "centroid_x": 700244.52745224431, "centroid_y": 672436.89123160159, "land_area_km2": 100.0, "total_buildings": 67, "damaged_buildings": 26, "Damage_Ratio": 0.38805970149253732, "Dist_km": 43.314828607231526, "Delta_P": 119.50769678183724, "DeltaP_x_Dist": 5176.4554033502745, "Pop_Dens": 130.00304267820249, "ln_Pop_Dens": 4.8752205494825835, "Delta_P_c": 6.1297567185376778, "Dist_km_c": -9.747100721802461, "DeltaP_x_Dist_c": -59.747356135732083, "hat_y_ols": 0.44295088315573444, "hat_y_frac": 0.43961366804285812, "residual_frac": -0.051553966550320796, "abs_residual_frac": 0.051553966550320796, "basis_risk_category": "Concordant Alignment" }, "geometry": { "type": "Polygon", "coordinates": [ [ [ 695244.527452244306915, 667436.891231601592153 ], [ 695244.527452244306915, 677436.891231601592153 ], [ 705244.527452244306915, 677436.891231601592153 ], [ 705244.527452244306915, 667436.891231601592153 ], [ 695244.527452244306915, 667436.891231601592153 ] ] ] } },
{ "type": "Feature", "properties": { "cell_id": 51, "parish": "Trelawny", "centroid_x": 700244.52745224431, "centroid_y": 682436.89123160159, "land_area_km2": 100.0, "total_buildings": 66, "damaged_buildings": 26, "Damage_Ratio": 0.39393939393939392, "Dist_km": 50.001918010933359, "Delta_P": 120.58412657837346, "DeltaP_x_Dist": 6029.43761059184, "Pop_Dens": 74.132473527892557, "ln_Pop_Dens": 4.3192528691439485, "Delta_P_c": 7.2061865150738953, "Dist_km_c": -3.0600113181006279, "DeltaP_x_Dist_c": -22.05101229647024, "hat_y_ols": 0.40709784479676364, "hat_y_frac": 0.39865793858119714, "residual_frac": -0.0047185446418032129, "abs_residual_frac": 0.0047185446418032129, "basis_risk_category": "Concordant Alignment" }, "geometry": { "type": "Polygon", "coordinates": [ [ [ 695244.527452244306915, 677436.891231601592153 ], [ 695244.527452244306915, 687436.891231601592153 ], [ 705244.527452244306915, 687436.891231601592153 ], [ 705244.527452244306915, 677436.891231601592153 ], [ 695244.527452244306915, 677436.891231601592153 ] ] ] } },
{ "type": "Feature", "properties": { "cell_id": 52, "parish": "Trelawny", "centroid_x": 700244.52745224431, "centroid_y": 692436.89123160159, "land_area_km2": 100.0, "total_buildings": 67, "damaged_buildings": 28, "Damage_Ratio": 0.41791044776119401, "Dist_km": 56.759894022099225, "Delta_P": 121.25, "DeltaP_x_Dist": 6882.1371501795311, "Pop_Dens": 96.583789062500003, "ln_Pop_Dens": 4.5807113839525266, "Delta_P_c": 7.8720599367004382, "Dist_km_c": 3.6979646930652379, "DeltaP_x_Dist_c": 29.110599707611591, "hat_y_ols": 0.36514653039351197, "hat_y_frac": 0.3646336564011548, "residual_frac": 0.053276791360039211, "abs_residual_frac": 0.053276791360039211, "basis_risk_category": "Concordant Alignment" }, "geometry": { "type": "Polygon", "coordinates": [ [ [ 695244.527452244306915, 687436.891231601592153 ], [ 695244.527452244306915, 697436.891231601592153 ], [ 705244.527452244306915, 697436.891231601592153 ], [ 705244.527452244306915, 687436.891231601592153 ], [ 695244.527452244306915, 687436.891231601592153 ] ] ] } },
{ "type": "Feature", "properties": { "cell_id": 53, "parish": "Trelawny", "centroid_x": 700107.81289412559, "centroid_y": 700307.66800323105, "land_area_km2": 57.103213105320918, "total_buildings": 31, "damaged_buildings": 8, "Damage_Ratio": 0.25806451612903225, "Dist_km": 62.470602304815309, "Delta_P": 121.25, "DeltaP_x_Dist": 7574.5605294588559, "Pop_Dens": 116.47154591181507, "ln_Pop_Dens": 4.7661961418055148, "Delta_P_c": 7.8720599367004382, "Dist_km_c": 9.4086729757813217, "DeltaP_x_Dist_c": 74.065637590164229, "hat_y_ols": 0.32359549234096835, "hat_y_frac": 0.32775610464489324, "residual_frac": -0.069691588515861047, "abs_residual_frac": 0.069691588515861047, "basis_risk_category": "Concordant Alignment" }, "geometry": { "type": "Polygon", "coordinates": [ [ [ 705244.527452244306915, 697436.891231601592153 ], [ 695244.527452244306915, 697436.891231601592153 ], [ 695244.527452244306915, 703533.522833105758764 ], [ 695305.945796891348436, 703516.522795863449574 ], [ 695382.769681762438267, 703512.002525854739361 ], [ 695468.302190860034898, 703532.297208089614287 ], [ 695512.736165649374016, 703551.588602966512553 ], [ 695557.549260320723988, 703585.711547367507592 ], [ 695595.551576050114818, 703612.824681636178866 ], [ 695618.689082837547176, 703592.692259525996633 ], [ 695838.135031473822892, 703564.322952266433276 ], [ 695885.675731147872284, 703569.061894635669887 ], [ 695925.356834462611005, 703565.543019098811783 ], [ 695964.957332429592498, 703578.738682680414058 ], [ 696145.949975398485549, 703666.017519550281577 ], [ 696222.092840769211762, 703667.490759198670276 ], [ 696340.866607231087983, 703635.79530315764714 ], [ 696434.744297489756718, 703661.063476427574642 ], [ 696514.48086337314453, 703721.548106431844644 ], [ 696537.786660218960606, 703778.235403999453411 ], [ 696584.085779944434762, 703800.435300734825432 ], [ 696608.367258877493441, 703796.72736918576993 ], [ 696903.402943709865212, 703679.301835963618942 ], [ 696983.182175496942364, 703623.474869935773313 ], [ 696962.522881088079885, 703510.128610182087868 ], [ 697038.51687313313596, 703436.834153681411408 ], [ 697094.8312679072842, 703389.594300093245693 ], [ 697163.678604650660418, 703336.88590483169537 ], [ 697301.320269904914312, 703258.456276741228066 ], [ 697396.248922553495504, 703226.532581640407443 ], [ 697478.059742937446572, 703218.132986537530087 ], [ 697488.208736729575321, 703265.038414545124397 ], [ 697505.644795606960543, 703264.460354307782836 ], [ 697498.364524184726179, 703212.06806159846019 ], [ 697507.654334673075937, 703194.576245781965554 ], [ 697575.175511213135906, 703182.385485778097063 ], [ 697653.537163978093304, 703167.697587897535414 ], [ 697663.080460707424209, 703193.617859387770295 ], [ 697675.158793030423112, 703191.947368134744465 ], [ 697682.804025024757721, 703175.544794718385674 ], [ 697727.264168755500577, 703165.596779139596038 ], [ 697772.85629340657033, 703168.209180934354663 ], [ 697809.088450598763302, 703162.102107977611013 ], [ 697853.601035565137863, 703171.812815222889185 ], [ 697897.370934856706299, 703196.158841767930426 ], [ 698015.081759926746599, 703175.755745456553996 ], [ 698118.909980420488864, 703177.572443069308065 ], [ 698208.386064077611081, 703171.967125601600856 ], [ 698302.746923321043141, 703144.299839798128232 ], [ 698386.187736571067944, 703116.905307658948004 ], [ 698475.153563695959747, 703146.048196338582784 ], [ 698616.064448370481841, 703200.082170303445309 ], [ 698721.884924636688083, 703289.209254510467872 ], [ 698878.385303354007192, 703323.778183156391606 ], [ 699030.896363895852119, 703327.265868195798248 ], [ 699218.639396775630303, 703346.215320347924717 ], [ 699359.476449506706558, 703373.058266078005545 ], [ 699414.730345187475905, 703567.243228781968355 ], [ 699645.287647687015124, 703512.244760652189143 ], [ 699807.755042662378401, 703391.440982602885924 ], [ 699859.3182835993357, 703375.203465154860169 ], [ 699903.374634916079231, 703372.31238676328212 ], [ 699929.601559494389221, 703385.494927767431363 ], [ 699934.943018684629351, 703396.793809988186695 ], [ 699944.935812560608611, 703405.590274535818025 ], [ 699952.787439835024998, 703423.778746227733791 ], [ 699956.215351380640641, 703442.620529376785271 ], [ 699965.817428176291287, 703447.322465824894607 ], [ 699974.72088956006337, 703447.288650332135148 ], [ 699986.639782451326028, 703432.802064245683141 ], [ 699994.59636414272245, 703405.253089856938459 ], [ 700014.712835402344353, 703383.119036296848208 ], [ 700045.25051747483667, 703372.104920635814779 ], [ 700086.207993252435699, 703371.668412349419668 ], [ 700113.539560186909512, 703379.048217387055047 ], [ 700128.089263394707814, 703381.457411323557608 ], [ 700141.599985481705517, 703374.02890271670185 ], [ 700161.072370871668682, 703368.489101376850158 ], [ 700190.694940031273291, 703367.218279165448621 ], [ 700218.948700653272681, 703371.762216562405229 ], [ 700236.288812162471004, 703379.156525424681604 ], [ 700246.78084454301279, 703393.276073285145685 ], [ 700248.668343540048227, 703408.701492058346048 ], [ 700250.521342531894334, 703423.02009711577557 ], [ 700251.227418375085108, 703439.035176700330339 ], [ 700247.617583282059059, 703452.404656369239092 ], [ 700238.576794432708994, 703460.740462978836149 ], [ 700242.74222322285641, 703470.669860315858386 ], [ 700251.807951447553933, 703472.152214483707212 ], [ 700262.693460298818536, 703474.8807502691634 ], [ 700278.424674977781251, 703468.453975823009387 ], [ 700290.577793579432182, 703454.62005210109055 ], [ 700281.544325355091132, 703445.046143496641889 ], [ 700269.786173228756525, 703427.254875805811025 ], [ 700263.839928190223873, 703418.946073544444516 ], [ 700255.315437348675914, 703385.22935218445491 ], [ 700255.185934366192669, 703359.195347325294279 ], [ 700269.465441325563006, 703346.706432960811071 ], [ 700297.506118246936239, 703333.87266531039495 ], [ 700330.057133319671266, 703329.528503708774224 ], [ 700357.544185242732055, 703331.595125318155624 ], [ 700374.643323300988413, 703339.76499814260751 ], [ 700378.980513057671487, 703354.973908332409337 ], [ 700376.083776565967128, 703374.706240701139905 ], [ 700387.096753071993589, 703373.538227291428484 ], [ 700386.962707089609466, 703353.97961016301997 ], [ 700395.043773853220046, 703329.47446947474964 ], [ 700416.396203861921094, 703319.735002819797955 ], [ 700448.499527267878875, 703317.926976995659061 ], [ 700475.751640495378524, 703323.149029057938606 ], [ 700487.532743509626016, 703333.358080352656543 ], [ 700497.493872345658019, 703338.070437362650409 ], [ 700508.782168369623832, 703332.994433155632578 ], [ 700534.056103630340658, 703324.451707463245839 ], [ 700562.406826568301767, 703321.391479700338095 ], [ 700588.249673033831641, 703320.639976450591348 ], [ 700636.755552481045015, 703297.903643198311329 ], [ 700684.357840528944507, 703289.581566695356742 ], [ 700740.243477089446969, 703299.181644227588549 ], [ 700821.905656701419502, 703361.549554014811292 ], [ 701118.702377882553264, 703209.227353858295828 ], [ 701216.152582345064729, 703084.612924845190719 ], [ 701321.535779968253337, 703006.613029908505268 ], [ 701333.047881561447866, 702917.180041920975782 ], [ 701395.510823244228959, 702874.276411790167913 ], [ 701456.526411187951453, 702899.295988918747753 ], [ 701463.392787304124795, 702891.198595288558863 ], [ 701470.886933932895772, 702884.959241490229033 ], [ 701479.00117046944797, 702877.478625655290671 ], [ 701480.231828204588965, 702866.893607475678436 ], [ 701482.708829653565772, 702856.316570802475326 ], [ 701485.187369419960305, 702846.359395149862394 ], [ 701491.420028576394543, 702838.252513336250558 ], [ 701499.549459855421446, 702832.631461942452006 ], [ 701503.900556885171682, 702823.909380150726065 ], [ 701510.142285565496422, 702815.193687072955072 ], [ 701518.737227789126337, 702809.881423441343941 ], [ 701523.405199080589227, 702801.158562003169209 ], [ 701522.601278184331022, 702792.139314320636913 ], [ 701516.951713915565051, 702784.072927989880554 ], [ 701512.545368160237558, 702774.752667922060937 ], [ 701504.541967588826083, 702767.300908723846078 ], [ 701495.609128568787128, 702759.862523934454657 ], [ 701491.834954735939391, 702749.920839117490686 ], [ 701494.152751676389016, 702739.023200030787848 ], [ 701496.630544783780351, 702728.75609831197653 ], [ 701499.890700914431363, 702718.796991585986689 ], [ 701507.352582849678583, 702699.496312967152335 ], [ 701514.22055768663995, 702692.007732110796496 ], [ 701520.451771204825491, 702683.292071056785062 ], [ 701525.436636387021281, 702674.568428184837103 ], [ 701532.923188138171099, 702665.218731196713634 ], [ 701539.791184819652699, 702657.730159882921726 ], [ 701547.283911803620867, 702650.870978402090259 ], [ 701554.775110646616668, 702643.391939718741924 ], [ 701561.484308418584988, 702635.748803263297305 ], [ 701568.819002963020466, 702629.044987272936851 ], [ 701576.627465103985742, 702621.720138735836372 ], [ 701582.233620638842694, 702612.22014549432788 ], [ 701585.966043554595672, 702601.009091433836147 ], [ 701589.067834664834663, 702591.05039408931043 ], [ 701593.428055705968291, 702581.708450721809641 ], [ 701596.371804565540515, 702571.905111599597149 ], [ 701597.126865996047854, 702561.16631780739408 ], [ 701596.477571924682707, 702550.597030259668827 ], [ 701595.828277179854922, 702540.027742986683734 ], [ 701599.245005794451572, 702529.282371481647715 ], [ 701602.81423155660741, 702520.407284345477819 ], [ 701607.652097934158519, 702512.005029957508668 ], [ 701612.001783438259736, 702502.663118492113426 ], [ 701613.23253762035165, 702492.078117604716681 ], [ 701613.829588923137635, 702481.50575174880214 ], [ 701611.300230058259331, 702470.941110857529566 ], [ 701605.644428612897173, 702460.37312721950002 ], [ 701599.993244286160916, 702451.675794128095731 ], [ 701595.745297320652753, 702442.355130765819922 ], [ 701590.241208371007815, 702433.347505407757126 ], [ 701586.14938761270605, 702423.096663065021858 ], [ 701581.440548511920497, 702415.337870885618031 ], [ 701579.225514756166376, 702408.026742617948912 ], [ 701581.98638748168014, 702401.14607161458116 ], [ 701577.555199812166393, 702398.887883941875771 ], [ 701570.437123897718266, 702394.987061626743525 ], [ 701562.278634219430387, 702388.941430542385206 ], [ 701557.420187593554147, 702384.758299456909299 ], [ 701555.523953006835654, 702378.232284252648242 ], [ 701555.976938714506105, 702369.209934622165747 ], [ 701558.878288007923402, 702359.340285506681539 ], [ 701559.446295399218798, 702358.386947182589211 ], [ 701562.423067673225887, 702353.387468839995563 ], [ 701569.67147811758332, 702341.647479731822386 ], [ 701573.864854367100634, 702328.885631549987011 ], [ 701574.620627810363658, 702322.707265447126701 ], [ 701575.251351294107735, 702317.215486123925075 ], [ 701575.851836478803307, 702308.037807618151419 ], [ 701577.548884766176343, 702298.082588599063456 ], [ 701579.087883494445123, 702288.282726598437876 ], [ 701581.407727914629504, 702278.171002654591575 ], [ 701586.083325217710808, 702268.197352228569798 ], [ 701600.254459128133021, 702241.109713591635227 ], [ 701618.167550709214993, 702210.891387350158766 ], [ 701648.10239306348376, 702168.511784369824454 ], [ 701683.066984319477342, 702135.462046287138946 ], [ 701711.659019325044937, 702118.123907244647853 ], [ 701733.38054382847622, 702107.344513117452152 ], [ 701744.958272493444383, 702103.574665006715804 ], [ 701746.202786688809283, 702106.366231650114059 ], [ 701817.377195097738877, 702055.301819180836901 ], [ 701811.138610028079711, 702041.834945603855886 ], [ 701839.304042229312472, 702022.727009460330009 ], [ 701871.908976678852923, 702000.619578747078776 ], [ 701880.971435017883778, 701996.247199532110244 ], [ 701891.291971819591708, 701992.336631316342391 ], [ 701901.139485644409433, 701989.357024880009703 ], [ 701911.610187602113001, 701986.37589318852406 ], [ 701926.156481382669881, 701982.764899198198691 ], [ 701940.702753339777701, 701979.142847135430202 ], [ 701950.712167225428857, 701977.568629203364253 ], [ 701962.443997690686956, 701976.28905397397466 ], [ 701979.026688673533499, 701976.093419985612854 ], [ 701998.739315355196595, 701977.295888998894952 ], [ 702018.147119653178379, 701979.107918697642162 ], [ 702028.789621422300115, 701981.572368166176602 ], [ 702038.501105866162106, 701983.419240442221053 ], [ 702050.399370150989853, 701985.404660104191862 ], [ 702059.942609954625368, 701987.561886451207101 ], [ 702069.958503458183259, 701988.633200398995541 ], [ 702080.450058571179397, 701989.847252365550958 ], [ 702090.465164487599395, 701990.597578231827356 ], [ 702100.161879821680486, 701990.728824933175929 ], [ 702113.620345613104291, 701991.470741021912545 ], [ 702124.736623750533909, 701993.314221175736748 ], [ 702135.537919819005765, 701995.933306254795752 ], [ 702146.182290803641081, 701999.172643766505644 ], [ 702155.581424728385173, 702002.879926446708851 ], [ 702165.763717368012294, 702007.216232813079841 ], [ 702175.62948348838836, 702011.69721422821749 ], [ 702184.090845408616588, 702016.347664287080988 ], [ 702193.654858306748793, 702022.70004976016935 ], [ 702202.424764143535867, 702028.268480270169675 ], [ 702211.207928440300748, 702034.943780757137574 ], [ 702219.03892869502306, 702040.990476252394728 ], [ 702227.982381080859341, 702048.429153235745616 ], [ 702237.393245815183036, 702056.962523870286532 ], [ 702245.542991107795388, 702063.783281746204011 ], [ 702254.952707435237244, 702071.851766537409276 ], [ 702266.713691928889602, 702082.548943291069008 ], [ 702277.215094344108365, 702092.164436154067516 ], [ 702285.454044566722587, 702099.739574281964451 ], [ 702328.261704455013387, 702121.804612397449091 ], [ 702329.24382493738085, 702135.997265210957266 ], [ 702337.11227320029866, 702143.190488601336256 ], [ 702342.295429861638695, 702150.638371317880228 ], [ 702345.292599442298524, 702162.607721117907204 ], [ 702345.328557060915045, 702177.384730782359838 ], [ 702344.107922086492181, 702187.958583590108901 ], [ 702340.374985611648299, 702199.169482797035016 ], [ 702337.272749674855731, 702209.128052417421713 ], [ 702334.815137923695147, 702216.508862551301718 ], [ 702336.614635601174086, 702242.513722035451792 ], [ 702345.099799814168364, 702319.387367631192319 ], [ 702351.357874128734693, 702341.60064787324518 ], [ 702355.763916635536589, 702350.921087609836832 ], [ 702357.671223581419326, 702362.107197697157972 ], [ 702362.703473937115632, 702372.676912068505771 ], [ 702363.975532356300391, 702383.244704999728128 ], [ 702365.882858478231356, 702394.441885622567497 ], [ 702368.411819712957367, 702405.006622185814194 ], [ 702374.697916797944345, 702414.322494883555919 ], [ 702374.726665528491139, 702426.144109301501885 ], [ 702378.50195961620193, 702436.705817014211789 ], [ 702381.032442836090922, 702447.901485110865906 ], [ 702382.938219007919542, 702458.467740108841099 ], [ 702383.587118286872283, 702469.048120503197424 ], [ 702384.869721626397222, 702479.615891397930682 ], [ 702419.305368837784044, 702576.363768097362481 ], [ 702403.033220520010218, 702715.089182396535762 ], [ 702404.534265212714672, 702717.662219823570922 ], [ 702411.282340129604563, 702725.892225727438927 ], [ 702413.495126389549114, 702736.767676192102954 ], [ 702416.502726556616835, 702748.737027011811733 ], [ 702418.715157777070999, 702759.468582453555427 ], [ 702423.048916662344709, 702769.848720274283551 ], [ 702474.797066978411749, 702838.085298663703725 ], [ 702483.675926402560435, 702835.044968928094022 ], [ 702489.656653089099564, 702849.176644489401951 ], [ 702497.019132073153742, 702853.829903483507223 ], [ 702498.295233086450025, 702861.752214661100879 ], [ 702494.417668597772717, 702863.957742874743417 ], [ 702506.069264539517462, 702879.322006505797617 ], [ 702507.003280235221609, 702880.061017542378977 ], [ 702510.691599561250769, 702877.738998252199963 ], [ 702518.999365733237937, 702884.570567309157923 ], [ 702518.536914753261954, 702889.186657546903007 ], [ 702604.019080688711256, 702956.82232252182439 ], [ 702613.399215045268647, 702995.570477220229805 ], [ 702617.045512858545408, 702993.185692694736645 ], [ 702629.548612950486131, 702987.875528291217051 ], [ 702660.935389261925593, 702995.193727318197489 ], [ 702807.563549860264175, 703041.838831512257457 ], [ 702963.955929950228892, 703033.692130191251636 ], [ 703007.328943626955152, 703181.281791327870451 ], [ 703679.922426909091882, 703191.346077090711333 ], [ 703851.836931054713205, 703132.639725456130691 ], [ 704059.055473399232142, 703116.600546816363931 ], [ 704176.174954843125306, 703034.703283417504281 ], [ 704297.339392606634647, 703011.097743434947915 ], [ 704414.505745572503656, 702948.638988720020279 ], [ 704543.360538393841125, 702870.601863780640997 ], [ 704664.382470414624549, 702784.813296922948211 ], [ 704843.950719472602941, 702648.360445210244507 ], [ 705011.876170692266896, 702550.799261875916272 ], [ 705218.815697897807695, 702414.276001770514995 ], [ 705244.527452244306915, 702405.532337189652026 ], [ 705244.527452244306915, 697436.891231601592153 ] ] ] } },
{ "type": "Feature", "properties": { "cell_id": 54, "parish": "Manchester", "centroid_x": 711203.28559885628, "centroid_y": 634941.86712393444, "land_area_km2": 44.89045403285845, "total_buildings": 24, "damaged_buildings": 10, "Damage_Ratio": 0.41666666666666669, "Dist_km": 26.389673513834204, "Delta_P": 114.41068505000726, "DeltaP_x_Dist": 3019.2606249638034, "Pop_Dens": 125.1124855324074, "ln_Pop_Dens": 4.8371742510147557, "Delta_P_c": 1.0327449867076979, "Dist_km_c": -26.672255815199783, "DeltaP_x_Dist_c": -27.545638477332819, "hat_y_ols": 0.47507825605022908, "hat_y_frac": 0.46560752307593128, "residual_frac": -0.048940856409264599, "abs_residual_frac": 0.048940856409264599, "basis_risk_category": "Concordant Alignment" }, "geometry": { "type": "Polygon", "coordinates": [ [ [ 705244.527452244306915, 637436.891231601592153 ], [ 715244.527452244306915, 637436.891231601592153 ], [ 715244.527452244306915, 630272.983030539820902 ], [ 715131.274594300542958, 630357.249848747858778 ], [ 714367.607318397494964, 630781.634887936175801 ], [ 713692.241386329056695, 631209.948348063859157 ], [ 713164.317399810650386, 631521.009336369927041 ], [ 712880.0510058371583, 631676.406426743254997 ], [ 712666.580378971411847, 631793.920378804556094 ], [ 712421.779400684405118, 631945.519318233476952 ], [ 712159.981547247851267, 632065.156687530572526 ], [ 711870.653805145993829, 632182.482411692501046 ], [ 711653.134090433828533, 632228.981362754362635 ], [ 711412.175022402894683, 632300.663978967466392 ], [ 711259.704055811394937, 632349.397151404176839 ], [ 711071.667614500154741, 632412.612356348428875 ], [ 710891.948044182034209, 632446.5160225876607 ], [ 710888.657798206200823, 632449.71013164089527 ], [ 710888.707532488042489, 632453.395650851423852 ], [ 710891.899964316398837, 632459.642674313508905 ], [ 710823.68583436391782, 632527.204314708593301 ], [ 710756.201399185112678, 632535.285718514001928 ], [ 710514.757596824900247, 632541.602105198893696 ], [ 710382.33620876329951, 632559.300573016749695 ], [ 710274.385072541888803, 632605.870942159090191 ], [ 710162.721707860007882, 632687.678634204086848 ], [ 709976.863494148128666, 632817.838734814431518 ], [ 709834.942607233882882, 632994.163628012756817 ], [ 709738.177539069787599, 633133.728962919441983 ], [ 709675.511269665323198, 633184.803114349837415 ], [ 709621.331762638990767, 633228.854030393646099 ], [ 709556.025605487287976, 633284.493977167294361 ], [ 709525.285828982829116, 633325.154423696920276 ], [ 709496.9139001382282, 633352.340369608718902 ], [ 709463.973900946439244, 633369.364351694355719 ], [ 709432.805986229446717, 633382.17891811451409 ], [ 709375.851532782311551, 633401.089909921749495 ], [ 709298.083036307361908, 633442.036139542004094 ], [ 709252.4221233476419, 633493.939739195280708 ], [ 709125.087590235751122, 633548.370616920292377 ], [ 708875.882602732395753, 633663.87524857907556 ], [ 708717.793396705994383, 633754.786651615751907 ], [ 708610.000835963175632, 633841.476067912299186 ], [ 708573.813227410893887, 633860.766248042578809 ], [ 708537.274464213754982, 633869.321340863709338 ], [ 708458.197934249532409, 633911.535415639169514 ], [ 708374.228566045174375, 633960.478409106493928 ], [ 708281.96611556969583, 634101.956231091520749 ], [ 708211.630889279069379, 634181.960818635532632 ], [ 708085.465855165501125, 634343.97631975216791 ], [ 708000.41619869263377, 634426.713643172290176 ], [ 707865.221915821661241, 634488.773203260381706 ], [ 707640.767336232354864, 634547.129981727688573 ], [ 707398.16106758126989, 634601.89838653372135 ], [ 707386.236943523865193, 634606.594910178333521 ], [ 707348.071368195698597, 634621.652629447751679 ], [ 707300.114085987093858, 634652.060792367439717 ], [ 707177.217181533458643, 634757.451505128410645 ], [ 707022.27023154811468, 634872.143725941074081 ], [ 706995.00341878272593, 634883.503745606867597 ], [ 706971.129601607332006, 634885.813865705160424 ], [ 706924.523487233091146, 634893.82954865519423 ], [ 706820.708717713830993, 634903.232707623741589 ], [ 706654.284273584838957, 634939.957281536539085 ], [ 706564.122958826366812, 634959.857298477552831 ], [ 706289.726092248223722, 635003.863127544173039 ], [ 706035.9733539725421, 635027.494783872854896 ], [ 705679.660444844281301, 635052.024837643373758 ], [ 705244.527452244306915, 635062.822578820865601 ], [ 705244.527452244306915, 637436.891231601592153 ] ] ] } },
{ "type": "Feature", "properties": { "cell_id": 55, "parish": "Manchester", "centroid_x": 710244.52745224419, "centroid_y": 642436.89123160159, "land_area_km2": 100.0, "total_buildings": 51, "damaged_buildings": 18, "Damage_Ratio": 0.35294117647058826, "Dist_km": 30.688803183479852, "Delta_P": 115.31029074935486, "DeltaP_x_Dist": 3538.7348178367888, "Pop_Dens": 187.39435369318181, "ln_Pop_Dens": 5.2385373919117466, "Delta_P_c": 1.932350686055301, "Dist_km_c": -22.373126145554139, "DeltaP_x_Dist_c": -43.232725656563332, "hat_y_ols": 0.46570208190144741, "hat_y_frac": 0.46030172932855234, "residual_frac": -0.10736055285796414, "abs_residual_frac": 0.10736055285796414, "basis_risk_category": "Windfall Over-Coverage" }, "geometry": { "type": "Polygon", "coordinates": [ [ [ 705244.527452244306915, 637436.891231601592153 ], [ 705244.527452244306915, 647436.891231601592153 ], [ 715244.527452244306915, 647436.891231601592153 ], [ 715244.527452244306915, 637436.891231601592153 ], [ 705244.527452244306915, 637436.891231601592153 ] ] ] } },
{ "type": "Feature", "properties": { "cell_id": 56, "parish": "Clarendon", "centroid_x": 710244.52745224419, "centroid_y": 652436.89123160159, "land_area_km2": 100.0, "total_buildings": 53, "damaged_buildings": 20, "Damage_Ratio": 0.37735849056603776, "Dist_km": 37.375892587181688, "Delta_P": 116.38672054589097, "DeltaP_x_Dist": 4350.0575656975525, "Pop_Dens": 299.47064393939394, "ln_Pop_Dens": 5.7053500584857222, "Delta_P_c": 3.0087804825914048, "Dist_km_c": -15.686036741852298, "DeltaP_x_Dist_c": -47.195841198096865, "hat_y_ols": 0.44245506318317596, "hat_y_frac": 0.44163682321383718, "residual_frac": -0.064278332647799474, "abs_residual_frac": 0.064278332647799474, "basis_risk_category": "Concordant Alignment" }, "geometry": { "type": "Polygon", "coordinates": [ [ [ 705244.527452244306915, 647436.891231601592153 ], [ 705244.527452244306915, 657436.891231601592153 ], [ 715244.527452244306915, 657436.891231601592153 ], [ 715244.527452244306915, 647436.891231601592153 ], [ 705244.527452244306915, 647436.891231601592153 ] ] ] } },
{ "type": "Feature", "properties": { "cell_id": 57, "parish": "Clarendon", "centroid_x": 710244.52745224419, "centroid_y": 662436.89123160159, "land_area_km2": 100.0, "total_buildings": 66, "damaged_buildings": 21, "Damage_Ratio": 0.31818181818181818, "Dist_km": 44.062981990883529, "Delta_P": 117.46315034242718, "DeltaP_x_Dist": 5175.7766781308137, "Pop_Dens": 208.61893347537878, "ln_Pop_Dens": 5.3452912798337477, "Delta_P_c": 4.0852102791276224, "Dist_km_c": -8.9989473381504581, "DeltaP_x_Dist_c": -36.762592167140404, "hat_y_ols": 0.41384593994253777, "hat_y_frac": 0.40696469214870912, "residual_frac": -0.088782873966890941, "abs_residual_frac": 0.088782873966890941, "basis_risk_category": "Concordant Alignment" }, "geometry": { "type": "Polygon", "coordinates": [ [ [ 705244.527452244306915, 657436.891231601592153 ], [ 705244.527452244306915, 667436.891231601592153 ], [ 715244.527452244306915, 667436.891231601592153 ], [ 715244.527452244306915, 657436.891231601592153 ], [ 705244.527452244306915, 657436.891231601592153 ] ] ] } },
{ "type": "Feature", "properties": { "cell_id": 58, "parish": "Clarendon", "centroid_x": 710244.52745224419, "centroid_y": 672436.89123160159, "land_area_km2": 100.0, "total_buildings": 52, "damaged_buildings": 19, "Damage_Ratio": 0.36538461538461536, "Dist_km": 50.750071394585362, "Delta_P": 118.53958013896329, "DeltaP_x_Dist": 6015.8921551365602, "Pop_Dens": 87.684940222537875, "ln_Pop_Dens": 4.4850900916147882, "Delta_P_c": 5.161640075663712, "Dist_km_c": -2.311857934448625, "DeltaP_x_Dist_c": -11.932978563691153, "hat_y_ols": 0.38056885874637614, "hat_y_frac": 0.36323780563448171, "residual_frac": 0.0021468097501335937, "abs_residual_frac": 0.0021468097501335937, "basis_risk_category": "Concordant Alignment" }, "geometry": { "type": "Polygon", "coordinates": [ [ [ 705244.527452244306915, 667436.891231601592153 ], [ 705244.527452244306915, 677436.891231601592153 ], [ 715244.527452244306915, 677436.891231601592153 ], [ 715244.527452244306915, 667436.891231601592153 ], [ 705244.527452244306915, 667436.891231601592153 ] ] ] } },
{ "type": "Feature", "properties": { "cell_id": 59, "parish": "St. Ann", "centroid_x": 710244.52745224419, "centroid_y": 682436.89123160159, "land_area_km2": 100.0, "total_buildings": 44, "damaged_buildings": 12, "Damage_Ratio": 0.27272727272727271, "Dist_km": 57.437160798287209, "Delta_P": 119.61600993549951, "DeltaP_x_Dist": 6870.4039967148055, "Pop_Dens": 76.632960464015156, "ln_Pop_Dens": 4.3519920852567893, "Delta_P_c": 6.2380698721999437, "Dist_km_c": 4.3752314692532224, "DeltaP_x_Dist_c": 27.29299961224962, "hat_y_ols": 0.34523114315946102, "hat_y_frac": 0.33191585918215522, "residual_frac": -0.059188586454882508, "abs_residual_frac": 0.059188586454882508, "basis_risk_category": "Concordant Alignment" }, "geometry": { "type": "Polygon", "coordinates": [ [ [ 705244.527452244306915, 677436.891231601592153 ], [ 705244.527452244306915, 687436.891231601592153 ], [ 715244.527452244306915, 687436.891231601592153 ], [ 715244.527452244306915, 677436.891231601592153 ], [ 705244.527452244306915, 677436.891231601592153 ] ] ] } },
{ "type": "Feature", "properties": { "cell_id": 60, "parish": "St. Ann", "centroid_x": 710244.52745224419, "centroid_y": 692436.89123160159, "land_area_km2": 100.0, "total_buildings": 57, "damaged_buildings": 22, "Damage_Ratio": 0.38596491228070173, "Dist_km": 64.124250201989057, "Delta_P": 120.69243973203561, "DeltaP_x_Dist": 7739.3122028655362, "Pop_Dens": 96.303141276041671, "ln_Pop_Dens": 4.5778312731111326, "Delta_P_c": 7.3144996687360333, "Dist_km_c": 11.06232087295507, "DeltaP_x_Dist_c": 80.915342360681564, "hat_y_ols": 0.30705061244954918, "hat_y_frac": 0.30620199184555275, "residual_frac": 0.079762920435148932, "abs_residual_frac": 0.079762920435148932, "basis_risk_category": "Concordant Alignment" }, "geometry": { "type": "Polygon", "coordinates": [ [ [ 705244.527452244306915, 687436.891231601592153 ], [ 705244.527452244306915, 697436.891231601592153 ], [ 715244.527452244306915, 697436.891231601592153 ], [ 715244.527452244306915, 687436.891231601592153 ], [ 705244.527452244306915, 687436.891231601592153 ] ] ] } },
{ "type": "Feature", "properties": { "cell_id": 61, "parish": "St. Ann", "centroid_x": 710133.31305746792, "centroid_y": 699512.71993061295, "land_area_km2": 41.064284671786311, "total_buildings": 24, "damaged_buildings": 5, "Damage_Ratio": 0.20833333333333334, "Dist_km": 68.789242409249496, "Delta_P": 121.25, "DeltaP_x_Dist": 8340.6956421215018, "Pop_Dens": 111.45128973599138, "ln_Pop_Dens": 4.7225201477569936, "Delta_P_c": 7.8720599367004382, "Dist_km_c": 15.727313080215509, "DeltaP_x_Dist_c": 123.80635121070928, "hat_y_ols": 0.27709234039248398, "hat_y_frac": 0.28559253529950418, "residual_frac": -0.077259201966170893, "abs_residual_frac": 0.077259201966170893, "basis_risk_category": "Concordant Alignment" }, "geometry": { "type": "Polygon", "coordinates": [ [ [ 715244.527452244306915, 697436.891231601592153 ], [ 705244.527452244306915, 697436.891231601592153 ], [ 705244.527452244306915, 702405.532337189652026 ], [ 705251.913304223679006, 702403.020668344222941 ], [ 705342.159797929925844, 702362.335377278039232 ], [ 705414.806531966663897, 702320.207322691217996 ], [ 705468.120439942460507, 702304.179885982186534 ], [ 705502.405854716897011, 702299.552600943250582 ], [ 705535.925648483564146, 702292.657972230925225 ], [ 705564.890902012470178, 702294.108680707751773 ], [ 705583.926377204828896, 702285.730553059722297 ], [ 705603.706922268029302, 702270.543329205946065 ], [ 705633.43294526275713, 702267.443061604048125 ], [ 705660.856393944239244, 702264.348052192828618 ], [ 705699.715701094595715, 702255.172474543913268 ], [ 705756.868673266959377, 702250.493921019835398 ], [ 705798.778251099283807, 702249.64659462927375 ], [ 705836.868299228604883, 702241.225716779357754 ], [ 705865.813100846251473, 702233.578211659565568 ], [ 705889.303698384668678, 702224.13878942723386 ], [ 705901.505454153753817, 702220.425338616711088 ], [ 705912.96623134193942, 702215.99407959880773 ], [ 705923.317943233530968, 702211.554254448739812 ], [ 705935.148387561086565, 702207.111107554519549 ], [ 705946.237829844933003, 702201.939081846503541 ], [ 705958.057722813682631, 702197.495972641045228 ], [ 705969.147176576079801, 702192.323960019159131 ], [ 705980.236636186484247, 702187.151953733409755 ], [ 705991.322793428902514, 702180.507786573492922 ], [ 706000.928586611058563, 702173.136398841859773 ], [ 706010.536027983063832, 702166.495565061806701 ], [ 706021.618901251233183, 702158.37924821022898 ], [ 706031.213309381739236, 702150.63155594735872 ], [ 706041.559318425715901, 702143.623803213471547 ], [ 706048.948688486008905, 702136.987967601162381 ], [ 706056.320894524687901, 702127.407824476365931 ], [ 706062.961000111419708, 702116.357152386102825 ], [ 706070.333220803877339, 702106.777014974388294 ], [ 706079.198048776714131, 702098.665707416599616 ], [ 706081.688919819542207, 702092.849858364090323 ], [ 706079.282919909455813, 702089.411849770927802 ], [ 706076.908957641222514, 702071.728944373433478 ], [ 706093.463009974337183, 702060.018366583040915 ], [ 706094.63064289779868, 702051.931078394758515 ], [ 706094.977923010359518, 702046.383507037186064 ], [ 706092.281323544564657, 702040.52422826399561 ], [ 706096.280624954262748, 702014.987533500767313 ], [ 706096.003750828793272, 702013.446351264952682 ], [ 706076.246861304738559, 701988.44743544398807 ], [ 706087.364612464094535, 701980.346095480723307 ], [ 706082.606233964907005, 701969.936912681674585 ], [ 706087.769324542954564, 701959.631186728947796 ], [ 706101.086967405979522, 701958.870777621516027 ], [ 706112.937374163069762, 701963.249670691438951 ], [ 706124.772971131606027, 701961.020425014547072 ], [ 706136.421322049107403, 701960.075607174541801 ], [ 706143.357149534160271, 701958.399727443349548 ], [ 706143.540851127472706, 701960.24783516000025 ], [ 706154.458732278551906, 701958.56304243626073 ], [ 706153.517091353773139, 701953.141352131497115 ], [ 706159.060615007882006, 701947.616591455647722 ], [ 706160.770448490278795, 701947.037177154212259 ], [ 706165.857749171438627, 701945.32116756006144 ], [ 706170.33289738802705, 701943.816839833161794 ], [ 706175.606449694256298, 701945.089039524551481 ], [ 706183.011368986568414, 701945.349195047281682 ], [ 706189.387814981862903, 701943.862755829351954 ], [ 706195.020159219624475, 701940.26380861364305 ], [ 706203.328594699269161, 701933.625978854717687 ], [ 706207.814502702909522, 701927.483734823064879 ], [ 706216.8024575302843, 701917.689733503269963 ], [ 706220.869752025813796, 701903.833352811750956 ], [ 706215.1051848171046, 701890.818056342657655 ], [ 706210.153923922451213, 701877.800943384761922 ], [ 706207.670624329592101, 701863.140105116646737 ], [ 706212.554877005983144, 701850.909036781871691 ], [ 706218.263013919815421, 701838.67612815706525 ], [ 706210.908122153719887, 701829.578139035729691 ], [ 706190.873108668602072, 701814.573810142232105 ], [ 706128.635597166605294, 701813.39592317561619 ], [ 706130.720230407547206, 701806.296041797031648 ], [ 706128.049325006315485, 701806.302024851436727 ], [ 706128.831622614408843, 701792.45298757776618 ], [ 706132.900691234041005, 701779.404623417067342 ], [ 706141.073548968066461, 701768.804381452035159 ], [ 706148.422509294934571, 701758.194918973953463 ], [ 706157.419241474941373, 701747.581770672812127 ], [ 706166.403612306457944, 701736.160619555623271 ], [ 706173.761353045934811, 701724.743112896219827 ], [ 706179.469502886524424, 701712.510196411283687 ], [ 706185.177659886539914, 701700.277281920425594 ], [ 706191.697338395519182, 701687.234519341029227 ], [ 706197.416073096101172, 701675.001585481804796 ], [ 706199.022310989676043, 701661.150712379137985 ], [ 706200.628551202244125, 701647.299839842948131 ], [ 706200.59575104911346, 701632.633529725950211 ], [ 706196.466471301973797, 701618.795485647395253 ], [ 706189.066399266943336, 701606.591897653182968 ], [ 706183.303532125777565, 701594.3846497728955 ], [ 706177.542490648454987, 701582.99650339584332 ], [ 706176.685783841763623, 701568.332038973341696 ], [ 706182.393981541623361, 701556.099127601017244 ], [ 706188.927909247227944, 701544.68347455561161 ], [ 706189.710261196130887, 701530.834447784698568 ], [ 706185.580952617805451, 701516.996409135870636 ], [ 706177.369339001714252, 701505.613747257506475 ], [ 706171.595872412319295, 701493.406529202940874 ], [ 706170.751553364680149, 701479.561143612721935 ], [ 706172.357789067435078, 701465.710274356533773 ], [ 706179.70507285266649, 701454.292800431954674 ], [ 706186.239008465083316, 701442.866080167936161 ], [ 706194.412036293302663, 701432.265868394053541 ], [ 706198.479417339782231, 701418.40949804103002 ], [ 706199.261781495762989, 701404.560475541511551 ], [ 706195.130621393676847, 701389.903339640819468 ], [ 706189.365862590260804, 701376.876996760489419 ], [ 706182.789618212264031, 701364.682643605978228 ], [ 706180.293839336256497, 701349.202750159427524 ], [ 706179.435317217721604, 701333.730263119097799 ], [ 706178.590997347957455, 701319.884882111684419 ], [ 706178.558181264088489, 701305.218582718400285 ], [ 706180.16443734744098, 701291.367719461442903 ], [ 706183.40976887033321, 701278.332292683422565 ], [ 706188.304716775077395, 701266.101210574386641 ], [ 706193.10169085348025, 701253.290746912942268 ], [ 706201.162900091032498, 701220.26909898291342 ], [ 706207.613680212176405, 701211.04363066307269 ], [ 706212.736946239834651, 701200.064508204115555 ], [ 706219.271011336008087, 701188.648874303326011 ], [ 706228.257481988752261, 701178.035795573145151 ], [ 706236.430618959129788, 701167.424538648338057 ], [ 706245.429501526174136, 701157.630543398554437 ], [ 706249.668332466855645, 701154.049381904420443 ], [ 706258.105232796631753, 701143.522516114753671 ], [ 706288.749222778598778, 701115.493915859027766 ], [ 706296.472636167891324, 701111.299426621524617 ], [ 706305.12730075023137, 701103.735345135675743 ], [ 706318.241011513862759, 701101.259853314724751 ], [ 706332.180806625168771, 701104.494109307881445 ], [ 706340.850509401643649, 701108.781915832776576 ], [ 706358.090565636870451, 701113.413279596832581 ], [ 706373.170757211977616, 701111.730407432303764 ], [ 706387.571571461856365, 701108.543681799783371 ], [ 706410.852838095044717, 701103.997856564237736 ], [ 706424.960118310991675, 701101.808017761679366 ], [ 706445.553639421472326, 701095.120836796821095 ], [ 706454.116463644313626, 701091.254778435570188 ], [ 706478.588581143529154, 701067.425093815894797 ], [ 706481.209646374452859, 701064.502329719136469 ], [ 706484.508031247882172, 701060.975073457462713 ], [ 706497.534511139965616, 701057.249104046612047 ], [ 706508.583884785766713, 701057.457012312952429 ], [ 706517.833012671675533, 701060.380817299708724 ], [ 706531.357729104929604, 701066.970029409276322 ], [ 706535.449985687970184, 701068.92543847556226 ], [ 706555.4720363720553, 701076.815469949389808 ], [ 706558.570445805438794, 701077.580122268758714 ], [ 706575.779921486624517, 701078.637784198042937 ], [ 706577.396197793423198, 701078.789093696745113 ], [ 706593.915034239529632, 701077.933446003473364 ], [ 706624.961323386640288, 701059.589820046210662 ], [ 706661.568240010179579, 701047.284946454921737 ], [ 706667.232328490354121, 701044.287505978019908 ], [ 706680.32114090945106, 701035.29269870207645 ], [ 706689.098329842672683, 701024.939508382230997 ], [ 706692.878931653918698, 701015.440431841416284 ], [ 706701.94401008146815, 700992.45231276738923 ], [ 706706.066640067263506, 700986.564540312043391 ], [ 706709.690281611750834, 700974.946245155879296 ], [ 706730.968645265907981, 700957.797693869215436 ], [ 706742.423870599945076, 700950.433674908941612 ], [ 706766.984248539549299, 700941.424662865349092 ], [ 706778.453675245051272, 700935.698838640935719 ], [ 706791.555187633144669, 700932.404589602374472 ], [ 706796.703972509596497, 700931.49297085753642 ], [ 706797.153827522881329, 700927.710072765359655 ], [ 706846.448862477322109, 700921.613093340070918 ], [ 706907.146542483358644, 700922.608480823342688 ], [ 706966.85292767744977, 700927.326345747918822 ], [ 706983.316252080374397, 700927.101062897476368 ], [ 706996.426748301135376, 700927.880304978345521 ], [ 707009.549628744716756, 700929.489699916564859 ], [ 707020.194847432663664, 700934.401004759361967 ], [ 707125.087210759986192, 700943.327204323373735 ], [ 707157.826561128022149, 700946.458430325146765 ], [ 707161.040101402672008, 700946.414251007488929 ], [ 707182.836160782375373, 700948.850412388099357 ], [ 707197.839739631512202, 700950.28540865262039 ], [ 707201.285625638905913, 700950.850709224352613 ], [ 707213.962751349085011, 700952.010142668266781 ], [ 707231.361226410022937, 700952.51452010194771 ], [ 707240.423157296376303, 700951.322998553630896 ], [ 707242.268135677208193, 700950.34332909504883 ], [ 707248.403049821848981, 700950.27375403244514 ], [ 707249.851851709187031, 700950.083257161080837 ], [ 707251.170308239059523, 700950.242371632833965 ], [ 707259.189753791200928, 700950.151428435812704 ], [ 707266.825874106842093, 700952.131729581509717 ], [ 707270.212247192743234, 700952.540408349828795 ], [ 707284.148416375974193, 700954.137143970932811 ], [ 707297.255334375542589, 700953.289459492079914 ], [ 707295.638484673458152, 700948.123785027535632 ], [ 707290.42350540345069, 700944.736988918855786 ], [ 707283.407885333523154, 700939.09605561173521 ], [ 707285.35040906467475, 700933.756585008814 ], [ 707288.762957270606421, 700929.221942139905877 ], [ 707295.757083155214787, 700929.848689778707922 ], [ 707307.68032759334892, 700948.097532230429351 ], [ 707307.359581672819331, 700951.175399605417624 ], [ 707308.714654778130352, 700953.264477439457551 ], [ 707309.791632599779405, 700953.262129903538153 ], [ 707312.570672092610039, 700952.780107714352198 ], [ 707316.842554803472012, 700955.002672823378816 ], [ 707323.965744137414731, 700957.199098889832385 ], [ 707332.565354148857296, 700957.075566604966298 ], [ 707338.665978938690387, 700954.859555866452865 ], [ 707341.029126391047612, 700953.396616456913762 ], [ 707342.343599697342142, 700950.778171712649055 ], [ 707345.50689185759984, 700950.624594644177705 ], [ 707347.906767026288435, 700949.138919921824709 ], [ 707348.945161182433367, 700950.457668081158772 ], [ 707350.394239195622504, 700952.297980219940655 ], [ 707351.804756506578997, 700954.089321150095202 ], [ 707356.931097219116054, 700956.718833334045485 ], [ 707358.07618525926955, 700956.842903288081288 ], [ 707365.68002154910937, 700956.826349299168214 ], [ 707377.517958014388569, 700955.32841289776843 ], [ 707387.374969242489897, 700953.905321561032906 ], [ 707396.364972110022791, 700951.623583415639587 ], [ 707396.36920986068435, 700953.571709460578859 ], [ 707402.887626650510356, 700954.033495922223665 ], [ 707405.14909921400249, 700965.744027628446929 ], [ 707407.990074264467694, 700966.07576109864749 ], [ 707421.749134130659513, 700961.851436733501032 ], [ 707433.035798303899355, 700959.436009454890154 ], [ 707438.436600212589838, 700959.434218296664767 ], [ 707439.510661295964383, 700959.300179445068352 ], [ 707458.982788235065527, 700959.427417819271795 ], [ 707460.657094230293296, 700958.922169165569358 ], [ 707474.009801788488403, 700959.380205269320868 ], [ 707475.108451380976476, 700959.422095564077608 ], [ 707488.169502343516797, 700961.773565112613142 ], [ 707492.726028646808118, 700963.545776224462315 ], [ 707494.195778878871351, 700964.619213088182732 ], [ 707502.162136721541174, 700965.063882705522701 ], [ 707512.946651690290309, 700961.689764137961902 ], [ 707514.03097300697118, 700958.330348214018159 ], [ 707520.856120495591313, 700954.109342576470226 ], [ 707535.189027255168185, 700958.439427012694068 ], [ 707550.173996574012563, 700966.332310690777376 ], [ 707553.891323402174748, 700971.451696169213392 ], [ 707563.120487980195321, 700974.329776894766837 ], [ 707577.379594898433425, 700978.725932409055531 ], [ 707582.319139760918915, 700982.62636643613223 ], [ 707591.544668279937468, 700988.49127669853624 ], [ 707603.035493190400302, 700997.432248964440078 ], [ 707606.053982561803423, 701002.652370822965167 ], [ 707610.13972055260092, 701005.021240915288217 ], [ 707609.060236689285375, 701007.851336551131681 ], [ 707609.619788566487841, 701008.819016595371068 ], [ 707604.725661879871041, 701021.868835137342103 ], [ 707599.019942159880884, 701035.728445849381387 ], [ 707596.588749819435179, 701049.580968767637387 ], [ 707605.632451972691342, 701060.154378122184426 ], [ 707612.080442242207937, 701060.537831382127479 ], [ 707616.118740171659738, 701058.869821459287778 ], [ 707630.441060817800462, 701058.351798023097217 ], [ 707652.603347983909771, 701073.51260681101121 ], [ 707669.900879602879286, 701095.790223030024208 ], [ 707688.154808947700076, 701110.959520856034942 ], [ 707722.435289411572739, 701157.878759550862014 ], [ 707729.600801933323964, 701163.336868343991227 ], [ 707738.575079026981257, 701179.969175549806096 ], [ 707755.883900906308554, 701203.659708984894678 ], [ 707758.469953306484967, 701208.931604212149978 ], [ 707760.856584833818488, 701212.315976382116787 ], [ 707766.989687756169587, 701225.175946321105585 ], [ 707769.224181439029053, 701230.855078596388921 ], [ 707771.575449401512742, 701235.648360111285001 ], [ 707779.077196662314236, 701258.638157943030819 ], [ 707781.506162321195006, 701265.778789734584279 ], [ 707786.163610372692347, 701280.114119615172967 ], [ 707790.627747838268988, 701292.977696224115789 ], [ 707796.120624070055783, 701307.765056114760228 ], [ 707801.700639376533218, 701318.877335900906473 ], [ 707806.994069296633825, 701329.348235326819122 ], [ 707812.757741124485619, 701342.363984125782736 ], [ 707817.227068232372403, 701357.651659515919164 ], [ 707821.324616780155338, 701371.977137578767724 ], [ 707823.213369535864331, 701385.764994495664723 ], [ 707825.668542649946176, 701412.424833864672109 ], [ 707826.874260504962876, 701427.863438506727107 ], [ 707823.629624918103218, 701441.717696721316315 ], [ 707822.248975319089368, 701445.401457851054147 ], [ 707770.212199485045858, 701637.045060477452353 ], [ 707668.556855714996345, 701822.769375754753128 ], [ 707511.398514900356531, 701965.135700576705858 ], [ 707414.780605421052314, 702070.997450557304546 ], [ 707420.167041488923132, 702075.503367133787833 ], [ 707433.283848468679935, 702079.548236795817502 ], [ 707447.219226631219499, 702081.156161462655291 ], [ 707461.976667134906165, 702081.932137089082971 ], [ 707476.723568068700843, 702082.719215699587949 ], [ 707489.028807185823098, 702087.573920330149122 ], [ 707516.075648953323252, 702090.780577254365198 ], [ 707530.838384156231768, 702094.002837477135472 ], [ 707544.771968196611851, 702094.791731066885404 ], [ 707570.998411548789591, 702094.734893760760315 ], [ 707596.418603044818155, 702102.815536350477487 ], [ 707609.537128076190129, 702107.67962489312049 ], [ 707622.659167477395386, 702114.1708545233123 ], [ 707634.96787037269678, 702120.65278347057756 ], [ 707646.450951650855131, 702126.328470282722265 ], [ 707659.576493000844494, 702129.565437445999123 ], [ 707673.515309421229176, 702132.789586714003235 ], [ 707687.447090184898116, 702132.759481256245635 ], [ 707701.377125741913915, 702131.921354004880413 ], [ 707714.47799090272747, 702128.627713651047088 ], [ 707722.65155661047902, 702118.028123390162364 ], [ 707734.106472981045954, 702110.664665475371294 ], [ 707760.332895076484419, 702110.608081722632051 ], [ 707774.261183314956725, 702108.950905767851509 ], [ 707797.171121701481752, 702094.246195283369161 ], [ 707811.101165341795422, 702093.397077221889049 ], [ 707824.212610894464888, 702094.995976101839915 ], [ 707820.142482727300376, 702108.043998120934702 ], [ 707795.588360343012027, 702119.497945667710155 ], [ 707807.897002428537235, 702125.979983381577767 ], [ 707821.013695003464818, 702130.025113205192611 ], [ 707834.952508101705462, 702133.26044630992692 ], [ 707848.889553609536961, 702135.676688708714209 ], [ 707861.99920531292446, 702136.456512384698726 ], [ 707875.930983469239436, 702136.426541012828238 ], [ 707889.859262940357439, 702134.769447171129286 ], [ 707902.981236644904129, 702136.36837622243911 ], [ 707916.101399020873941, 702142.04070223076269 ], [ 707929.216322517837398, 702145.277872929116711 ], [ 707942.345274611143395, 702150.131093259085901 ], [ 707957.08685254806187, 702148.472300586057827 ], [ 707968.545354835805483, 702142.747180636273697 ], [ 707980.829463072237559, 702137.828331503085792 ], [ 707992.284488316392526, 702130.476093199104071 ], [ 708005.394232647842728, 702126.374593085492961 ], [ 708019.320774190011434, 702123.898490710300393 ], [ 708032.425208314904012, 702122.243264373042621 ], [ 708045.527889895252883, 702119.768946179770865 ], [ 708058.642891351133585, 702118.113714778097346 ], [ 708072.574682554812171, 702118.083883295883425 ], [ 708086.504744443343952, 702117.246030005859211 ], [ 708101.251568991341628, 702118.022510031471029 ], [ 708129.115151551086456, 702117.962917592492886 ], [ 708143.043465195922181, 702116.306003884063102 ], [ 708168.428611880866811, 702108.104996885638684 ], [ 708182.351712389849126, 702104.001878221286461 ], [ 708195.449226759024896, 702099.09249643876683 ], [ 708209.374063571216539, 702095.797428750782274 ], [ 708220.839761388953775, 702088.445302272331901 ], [ 708233.935548914247192, 702082.716845809947699 ], [ 708245.394170346087776, 702076.991888672811911 ], [ 708256.8510525689926, 702070.447837745305151 ], [ 708268.309687865083106, 702064.722894169972278 ], [ 708279.780613632174209, 702059.805966494022869 ], [ 708291.237540956470184, 702053.273004861199297 ], [ 708301.868838989525102, 702045.911634717136621 ], [ 708310.042756798909977, 702035.312291543232277 ], [ 708309.199971374007873, 702021.466796962660737 ], [ 708300.155347291380167, 702010.073939567198977 ], [ 708287.845051528303884, 702002.772493699216284 ], [ 708282.905759913264774, 701989.754830892430618 ], [ 708296.005096558248624, 701985.653549093753099 ], [ 708309.931774544762447, 701983.177654139813967 ], [ 708321.390476463595405, 701977.452742741326801 ], [ 708334.510800572694279, 701978.243928877520375 ], [ 708347.618819044320844, 701978.216045865556225 ], [ 708359.897924159304239, 701970.85120404115878 ], [ 708382.811920512700453, 701957.77431496756617 ], [ 708395.094531874638051, 701952.047696263063699 ], [ 708409.033352291677147, 701955.272367749246769 ], [ 708436.912717658793554, 701962.540840937639587 ], [ 708450.024222260341048, 701964.151227243128233 ], [ 708463.149714726489037, 701967.377662874292582 ], [ 708475.418330940883607, 701960.023984980070964 ], [ 708489.34504957695026, 701957.548217755975202 ], [ 708504.106011296622455, 701959.963179222075269 ], [ 708513.095097144600004, 701950.170231005875394 ], [ 708517.165719952899963, 701937.122357574873604 ], [ 708520.423059647786431, 701924.087276875507087 ], [ 708529.410435698111542, 701913.475236630649306 ], [ 708543.340638578287326, 701912.626639739377424 ], [ 708558.103360671550035, 701915.860741969430819 ], [ 708568.736566363018937, 701909.318619243102148 ], [ 708570.344460936379619, 701895.467933332198299 ], [ 708579.344172098324634, 701885.674994584987871 ], [ 708589.15547431120649, 701875.061240182258189 ], [ 708596.504010367905721, 701863.644662482547574 ], [ 708609.610374417505227, 701862.79785460815765 ], [ 708621.915492489701137, 701867.664337603491731 ], [ 708631.728556992369704, 701857.869705163058825 ], [ 708640.72658632544335, 701847.257695253822021 ], [ 708652.182028913055547, 701839.905847676564008 ], [ 708666.103692195145413, 701834.983975196373649 ], [ 708679.201507346355356, 701830.074919863604009 ], [ 708693.948790643829852, 701825.970429168781266 ], [ 708707.873928304295987, 701822.68678683869075 ], [ 708718.505508008878678, 701815.325646639568731 ], [ 708713.568159585352987, 701803.115911852102727 ], [ 708717.638970189029351, 701790.079153284546919 ], [ 708730.743685823399574, 701788.424395436421037 ], [ 708738.140378003241494, 701799.80984869459644 ], [ 708749.628478368744254, 701807.932409750763327 ], [ 708762.743747266591527, 701806.277651001932099 ], [ 708760.253512673079967, 701792.435613693203777 ], [ 708774.18723649403546, 701793.214312510681339 ], [ 708787.303950661793351, 701797.260086504276842 ], [ 708800.422652832116, 701797.232484330888838 ], [ 708814.351250471663661, 701795.576049226336181 ], [ 708827.450827709864825, 701791.475124654825777 ], [ 708842.201590461307205, 701788.997877228772268 ], [ 708855.308038010844029, 701788.162302838405594 ], [ 708882.348209655378014, 701788.105512981535867 ], [ 708896.283650648780167, 701789.703398769139312 ], [ 708907.742636683629826, 701783.978832891327329 ], [ 708917.557580962078646, 701774.992376656155102 ], [ 708925.731945153442211, 701764.39329683885444 ], [ 708933.091258324915543, 701752.965757160680369 ], [ 708946.214811308658682, 701760.276968538295478 ], [ 708956.067342124180868, 701769.211113186203875 ], [ 708965.923296389169991, 701779.783463168889284 ], [ 708973.319854901055805, 701791.169005037751049 ], [ 708982.362471735919826, 701801.743067623232491 ], [ 708995.477421919465996, 701804.969880974618718 ], [ 709002.011188844917342, 701792.736059957183897 ], [ 709010.998909132904373, 701782.135312720551156 ], [ 709024.929225600208156, 701781.287058619433083 ], [ 709036.384850632399321, 701773.935436840285547 ], [ 709049.51208573160693, 701777.981364180450328 ], [ 709061.001758439233527, 701786.912138705723919 ], [ 709073.308499938226305, 701792.586935708415695 ], [ 709085.606382947298698, 701799.080862731672823 ], [ 709114.294299057917669, 701799.020950799575076 ], [ 709125.748237594729289, 701790.850280863698572 ], [ 709136.385472724097781, 701781.054183462634683 ], [ 709146.200546237407252, 701772.078910783748142 ], [ 709157.657907155691646, 701765.535391257144511 ], [ 709167.474682908505201, 701757.368160703219473 ], [ 709180.581141982111149, 701756.521735131856985 ], [ 709192.892964834580198, 701764.642838246305473 ], [ 709206.014706485322677, 701771.13512381259352 ], [ 709217.513191565871239, 701779.257936821901239 ], [ 709223.274111583596095, 701791.466082603903487 ], [ 709229.846636287984438, 701802.853437092620879 ], [ 709233.437024525832385, 701808.768089126329869 ], [ 709284.553835856961086, 701845.15469550457783 ], [ 709292.227159946225584, 701847.519794556428678 ], [ 709295.181777739082463, 701852.720043797628023 ], [ 709314.420908406144008, 701866.415173417772166 ], [ 709324.224933031247929, 701864.565938596613705 ], [ 709335.68229897483252, 701858.022521868464537 ], [ 709346.310740024782717, 701849.045659201336093 ], [ 709356.125852344790474, 701840.059421442332678 ], [ 709365.125981242978014, 701830.266844978323206 ], [ 709376.578329706098884, 701821.288289872696623 ], [ 709390.508633606950752, 701820.440295729320496 ], [ 709402.793299588491209, 701815.522342039272189 ], [ 709413.421794470166788, 701806.545516644488089 ], [ 709425.706474906182848, 701801.627577470848337 ], [ 709438.825174150872044, 701801.600402939715423 ], [ 709452.744955019559711, 701800.763543903362006 ], [ 709466.687074894551188, 701805.616098528262228 ], [ 709479.814199286745861, 701809.662314595421776 ], [ 709492.932449866435491, 701814.527661558357067 ], [ 709503.605217683827505, 701821.833247191039845 ], [ 709513.459156112745404, 701831.586773744551465 ], [ 709521.679254368296824, 701842.970820880960673 ], [ 709527.439966021687724, 701855.179057893692516 ], [ 709528.354956626193598, 701863.665744025725871 ], [ 709540.955301275360398, 701868.212516918079928 ], [ 709551.84667502110824, 701963.883697714656591 ], [ 709569.44105895422399, 701954.469528471352533 ], [ 709579.257910962565802, 701946.302500871825032 ], [ 709591.530315304175019, 701940.576654469245113 ], [ 709618.580838992609642, 701940.520859333337285 ], [ 709631.678820855915546, 701935.612439840100706 ], [ 709643.961809656932019, 701929.886604648432694 ], [ 709657.89204747590702, 701929.038800498005003 ], [ 709671.011837675585411, 701934.712299570441246 ], [ 709680.052324828226119, 701944.467587258084677 ], [ 709684.168511393712834, 701958.306397653650492 ], [ 709696.473301116377115, 701963.173556876601651 ], [ 709703.869365536258556, 701974.559379360289313 ], [ 709702.26067622739356, 701988.409974711714312 ], [ 709699.29806710628327, 701993.012099165003747 ], [ 709722.210971747641452, 702026.631863498827443 ], [ 709977.533586244098842, 701995.294907782692462 ], [ 710335.206147963181138, 702013.517311180476099 ], [ 710628.147458070889115, 701856.521634664968587 ], [ 711015.211759072961286, 701564.091158543131314 ], [ 711114.824890950112604, 701508.891458888421766 ], [ 711204.991059551364742, 701472.804938365938142 ], [ 711233.287981041707098, 701456.411122983903624 ], [ 711232.684705021558329, 701439.797810892923735 ], [ 711238.604239684646018, 701425.994172830018215 ], [ 711253.324796147295274, 701418.637394083896652 ], [ 711262.955258582136594, 701417.212585853296332 ], [ 711272.311668737209402, 701421.422423606622033 ], [ 711366.381633231183514, 701409.503536974661984 ], [ 711511.727286452194676, 701361.820090931723826 ], [ 711626.008020721958019, 701276.276336544775404 ], [ 711709.400186734390445, 701242.939465907402337 ], [ 711723.591129652922973, 701186.028382295160554 ], [ 711663.933706886251457, 701160.077686635777354 ], [ 711697.242957027629018, 701124.459046803531237 ], [ 711854.618663477012888, 701128.900476463953964 ], [ 712062.067104984191246, 701135.603797572315671 ], [ 712124.272071987972595, 701086.292990640038624 ], [ 712171.972201168304309, 701068.689725209027529 ], [ 712164.396740396157838, 701018.550958356587216 ], [ 712261.927634037798271, 701019.857093739090487 ], [ 712310.941563650150783, 701053.578344417968765 ], [ 712348.121098793693818, 701101.867065863800235 ], [ 712408.502077211742289, 701103.433557924814522 ], [ 712494.349625154747628, 701088.060235755168833 ], [ 712519.95960367412772, 701041.156354674021713 ], [ 712549.942299830378033, 700988.466160732787102 ], [ 712624.295272759511136, 700960.662833028705791 ], [ 712693.597749145235866, 700970.858026778558269 ], [ 712722.267082619015127, 700999.250626957858913 ], [ 712703.46173361199908, 701086.343695199000649 ], [ 712687.951995736337267, 701079.078800540068187 ], [ 712684.264941894100048, 701089.866980278398842 ], [ 712714.115994087536819, 701106.546376813668758 ], [ 712710.67412809561938, 701151.802792420843616 ], [ 712734.52189148706384, 701172.234958191518672 ], [ 712797.332541115581989, 701179.598155624698848 ], [ 712822.92015057313256, 701192.931928039295599 ], [ 712823.784943329053931, 701214.470464177546091 ], [ 712810.988799669081345, 701223.250298200291581 ], [ 712826.702223659493029, 701232.175248393788934 ], [ 712833.490017638774589, 701285.6475413616281 ], [ 712845.401118783513084, 701289.200212787720375 ], [ 712845.709882440860383, 701229.239114816649817 ], [ 712874.438115066965111, 701227.723534438409843 ], [ 712903.840542475925758, 701241.968905682791956 ], [ 712926.238844178966247, 701278.066621071542613 ], [ 712924.631964241969399, 701299.687327170860954 ], [ 712900.820362121216021, 701292.58187503949739 ], [ 712895.496553183882497, 701298.093230021884665 ], [ 712901.842727225041017, 701308.131817124900408 ], [ 712954.605560833588243, 701314.418729328201152 ], [ 712984.531360935419798, 701331.828954832744785 ], [ 712993.147040961077437, 701318.740239146281965 ], [ 712949.46365913527552, 701293.253549284301698 ], [ 712948.006043473840691, 701270.952367926132865 ], [ 712971.678698550676927, 701249.256727117695846 ], [ 713032.018152208649553, 701290.651308708474971 ], [ 713077.149756227852777, 701305.575670967693441 ], [ 713095.064723096089438, 701322.577023108140565 ], [ 713101.556851577130146, 701342.865251207724214 ], [ 713069.846779595478438, 701353.850077109062113 ], [ 713076.954703068826348, 701364.595698689343408 ], [ 713107.199076024233364, 701354.964057332719676 ], [ 713133.134232620242983, 701362.375694273039699 ], [ 713137.447228755336255, 701352.93682707590051 ], [ 713117.988869196968153, 701340.864025901770219 ], [ 713119.624963663518429, 701323.427343325922266 ], [ 713144.27530984650366, 701321.643113931175321 ], [ 713192.372758549288847, 701329.799030924448743 ], [ 713242.174101067241281, 701328.465775127988309 ], [ 713302.531505011371337, 701362.965203910251148 ], [ 713378.831530082272366, 701365.467863603145815 ], [ 713454.398650108487345, 701382.782448714599013 ], [ 713480.199373337556608, 701318.191253435565159 ], [ 713653.42807805002667, 701305.648877155734226 ], [ 713682.050498434342444, 701355.328583893016912 ], [ 713760.106966630555689, 701348.055586147122085 ], [ 713846.946489649708383, 701292.140777221648023 ], [ 713993.408830607193522, 701348.278340424993075 ], [ 714034.579814068041742, 701312.151113064144738 ], [ 714177.363951031235047, 701303.86443624983076 ], [ 714220.928114038542844, 701317.023267834912986 ], [ 714243.573385717812926, 701350.919318558764644 ], [ 714260.976957763894461, 701308.216741615324281 ], [ 714352.230186930624768, 701320.19307263509836 ], [ 714358.556802381295711, 701343.116426925756969 ], [ 714376.663961375015788, 701321.233371502603404 ], [ 714474.021361367194913, 701326.823451702250168 ], [ 714500.412192306132056, 701341.143097494030371 ], [ 714528.406974777113646, 701325.440875845495611 ], [ 714581.522008271655068, 701316.533861689735204 ], [ 714648.990257222787477, 701347.61533929721918 ], [ 714677.175535285961814, 701343.767833968740888 ], [ 714719.258565606782213, 701355.867826427915134 ], [ 714753.426934418850578, 701401.487872741534375 ], [ 714795.038823689799756, 701410.13536366506014 ], [ 714794.113800208782777, 701459.648458766518161 ], [ 714840.997534490190446, 701433.64074429392349 ], [ 714910.62613105669152, 701421.107571696746163 ], [ 714940.344523351406679, 701406.332640481414273 ], [ 715019.542953261407092, 701423.237211964442395 ], [ 715131.614588412339799, 701447.167680141632445 ], [ 715244.527452244306915, 701476.093084243242629 ], [ 715244.527452244306915, 697436.891231601592153 ] ] ] } },
{ "type": "Feature", "properties": { "cell_id": 62, "parish": "Clarendon", "centroid_x": 720418.93015624769, "centroid_y": 632610.39869426424, "land_area_km2": 95.87380092089154, "total_buildings": 61, "damaged_buildings": 21, "Damage_Ratio": 0.34426229508196721, "Dist_km": 31.565865631385645, "Delta_P": 112.83245457378212, "DeltaP_x_Dist": 3561.6540999354311, "Pop_Dens": 95.467070677570092, "ln_Pop_Dens": 4.5692017136086527, "Delta_P_c": -0.54548548951744635, "Dist_km_c": -21.496063697648342, "DeltaP_x_Dist_c": 11.725790828809913, "hat_y_ols": 0.42116848601125939, "hat_y_frac": 0.39586456621002342, "residual_frac": -0.05160227112805621, "abs_residual_frac": 0.05160227112805621, "basis_risk_category": "Concordant Alignment" }, "geometry": { "type": "Polygon", "coordinates": [ [ [ 715244.527452244306915, 637436.891231601592153 ], [ 725244.527452244306915, 637436.891231601592153 ], [ 725244.527452244306915, 627436.891231601592153 ], [ 718119.25775694521144, 627436.891231601592153 ], [ 717957.746331568341702, 627554.20872579596471 ], [ 717743.10734399955254, 627696.793232701835223 ], [ 717583.218533122912049, 627869.018098290078342 ], [ 717529.182148103835061, 628000.040465929312631 ], [ 717438.154615041683428, 628124.439219091553241 ], [ 717291.519474052009173, 628255.261683777906001 ], [ 717186.202077845460735, 628398.23519642429892 ], [ 717047.70706882129889, 628563.422801855485886 ], [ 716843.527314121136442, 628830.911984437028877 ], [ 716556.048025385243818, 629007.201495468383655 ], [ 716239.712607947876677, 629267.992854152340442 ], [ 715918.982774272095412, 629612.56992047384847 ], [ 715701.484512625145726, 629923.945259485743009 ], [ 715498.622080062748864, 630083.921613470534794 ], [ 715244.527452244306915, 630272.983030539820902 ], [ 715244.527452244306915, 637436.891231601592153 ] ] ] } },
{ "type": "Feature", "properties": { "cell_id": 63, "parish": "Clarendon", "centroid_x": 720244.52745224419, "centroid_y": 642436.89123160159, "land_area_km2": 100.0, "total_buildings": 64, "damaged_buildings": 15, "Damage_Ratio": 0.234375, "Dist_km": 38.124045970833784, "Delta_P": 114.3421741064808, "DeltaP_x_Dist": 4359.1863020405544, "Pop_Dens": 100.38265915547521, "ln_Pop_Dens": 4.618902062286673, "Delta_P_c": 0.96423404318123573, "Dist_km_c": -14.93788335820021, "DeltaP_x_Dist_c": -14.403615667047085, "hat_y_ols": 0.40758708905021945, "hat_y_frac": 0.38082025073114317, "residual_frac": -0.14644525073114317, "abs_residual_frac": 0.14644525073114317, "basis_risk_category": "Windfall Over-Coverage" }, "geometry": { "type": "Polygon", "coordinates": [ [ [ 715244.527452244306915, 637436.891231601592153 ], [ 715244.527452244306915, 647436.891231601592153 ], [ 725244.527452244306915, 647436.891231601592153 ], [ 725244.527452244306915, 637436.891231601592153 ], [ 715244.527452244306915, 637436.891231601592153 ] ] ] } },
{ "type": "Feature", "properties": { "cell_id": 64, "parish": "Clarendon", "centroid_x": 720244.52745224419, "centroid_y": 652436.89123160159, "land_area_km2": 100.0, "total_buildings": 51, "damaged_buildings": 17, "Damage_Ratio": 0.33333333333333331, "Dist_km": 44.811135374535617, "Delta_P": 115.41860390301701, "DeltaP_x_Dist": 5172.0386842380003, "Pop_Dens": 107.71255972365702, "ln_Pop_Dens": 4.6887073322882244, "Delta_P_c": 2.040663839717439, "Dist_km_c": -8.2507939544983699, "DeltaP_x_Dist_c": -16.837096871904077, "hat_y_ols": 0.38311353734082598, "hat_y_frac": 0.35639041637933716, "residual_frac": -0.023057083046003846, "abs_residual_frac": 0.023057083046003846, "basis_risk_category": "Concordant Alignment" }, "geometry": { "type": "Polygon", "coordinates": [ [ [ 715244.527452244306915, 647436.891231601592153 ], [ 715244.527452244306915, 657436.891231601592153 ], [ 725244.527452244306915, 657436.891231601592153 ], [ 725244.527452244306915, 647436.891231601592153 ], [ 715244.527452244306915, 647436.891231601592153 ] ] ] } },
{ "type": "Feature", "properties": { "cell_id": 65, "parish": "Clarendon", "centroid_x": 720244.52745224419, "centroid_y": 662436.89123160159, "land_area_km2": 100.0, "total_buildings": 47, "damaged_buildings": 14, "Damage_Ratio": 0.2978723404255319, "Dist_km": 51.498224778237464, "Delta_P": 116.49503369955323, "DeltaP_x_Dist": 5999.2874310079405, "Pop_Dens": 103.56145080061984, "ln_Pop_Dens": 4.6497749445125498, "Delta_P_c": 3.117093636253685, "Dist_km_c": -1.5637045507965297, "DeltaP_x_Dist_c": -4.8742135042687895, "hat_y_ols": 0.3548035799257877, "hat_y_frac": 0.32952178509196883, "residual_frac": -0.031649444666436932, "abs_residual_frac": 0.031649444666436932, "basis_risk_category": "Concordant Alignment" }, "geometry": { "type": "Polygon", "coordinates": [ [ [ 715244.527452244306915, 657436.891231601592153 ], [ 715244.527452244306915, 667436.891231601592153 ], [ 725244.527452244306915, 667436.891231601592153 ], [ 725244.527452244306915, 657436.891231601592153 ], [ 715244.527452244306915, 657436.891231601592153 ] ] ] } },
{ "type": "Feature", "properties": { "cell_id": 66, "parish": "St. Ann", "centroid_x": 720244.52745224419, "centroid_y": 672436.89123160159, "land_area_km2": 100.0, "total_buildings": 54, "damaged_buildings": 11, "Damage_Ratio": 0.20370370370370369, "Dist_km": 58.18531418193929, "Delta_P": 117.57146349608934, "DeltaP_x_Dist": 6840.9325423503642, "Pop_Dens": 97.556107954545453, "ln_Pop_Dens": 4.5906260099079441, "Delta_P_c": 4.1935234327897746, "Dist_km_c": 5.1233848529053034, "DeltaP_x_Dist_c": 21.485034435858584, "hat_y_ols": 0.32284528281256425, "hat_y_frac": 0.30206835121630765, "residual_frac": -0.098364647512603959, "abs_residual_frac": 0.098364647512603959, "basis_risk_category": "Concordant Alignment" }, "geometry": { "type": "Polygon", "coordinates": [ [ [ 715244.527452244306915, 667436.891231601592153 ], [ 715244.527452244306915, 677436.891231601592153 ], [ 725244.527452244306915, 677436.891231601592153 ], [ 725244.527452244306915, 667436.891231601592153 ], [ 715244.527452244306915, 667436.891231601592153 ] ] ] } },
{ "type": "Feature", "properties": { "cell_id": 67, "parish": "St. Ann", "centroid_x": 720244.52745224419, "centroid_y": 682436.89123160159, "land_area_km2": 100.0, "total_buildings": 60, "damaged_buildings": 17, "Damage_Ratio": 0.28333333333333333, "Dist_km": 64.872403585641138, "Delta_P": 118.64789329262555, "DeltaP_x_Dist": 7696.9740182652895, "Pop_Dens": 96.031193504648755, "ln_Pop_Dens": 4.5750325093289588, "Delta_P_c": 5.2699532293259921, "Dist_km_c": 11.810474256607151, "DeltaP_x_Dist_c": 62.24064694847835, "hat_y_ols": 0.28737413166891346, "hat_y_frac": 0.27532398679146231, "residual_frac": 0.0080093465418710208, "abs_residual_frac": 0.0080093465418710208, "basis_risk_category": "Concordant Alignment" }, "geometry": { "type": "Polygon", "coordinates": [ [ [ 715244.527452244306915, 677436.891231601592153 ], [ 715244.527452244306915, 687436.891231601592153 ], [ 725244.527452244306915, 687436.891231601592153 ], [ 725244.527452244306915, 677436.891231601592153 ], [ 715244.527452244306915, 677436.891231601592153 ] ] ] } },
{ "type": "Feature", "properties": { "cell_id": 68, "parish": "St. Ann", "centroid_x": 720244.52745224419, "centroid_y": 692436.89123160159, "land_area_km2": 100.0, "total_buildings": 62, "damaged_buildings": 20, "Damage_Ratio": 0.32258064516129031, "Dist_km": 71.559492989342985, "Delta_P": 119.72432308916166, "DeltaP_x_Dist": 8567.4118587526973, "Pop_Dens": 94.937677556818187, "ln_Pop_Dens": 4.5636987885349116, "Delta_P_c": 6.3463830258620959, "Dist_km_c": 18.497563660308998, "DeltaP_x_Dist_c": 117.39262403358856, "hat_y_ols": 0.24830664158683249, "hat_y_frac": 0.24896557726486557, "residual_frac": 0.073615067896424746, "abs_residual_frac": 0.073615067896424746, "basis_risk_category": "Concordant Alignment" }, "geometry": { "type": "Polygon", "coordinates": [ [ [ 715244.527452244306915, 687436.891231601592153 ], [ 715244.527452244306915, 697436.891231601592153 ], [ 725244.527452244306915, 697436.891231601592153 ], [ 725244.527452244306915, 687436.891231601592153 ], [ 715244.527452244306915, 687436.891231601592153 ] ] ] } },
{ "type": "Feature", "properties": { "cell_id": 69, "parish": "St. Ann", "centroid_x": 719984.17824240727, "centroid_y": 699505.13063331682, "land_area_km2": 40.861298636055459, "total_buildings": 21, "damaged_buildings": 6, "Damage_Ratio": 0.2857142857142857, "Dist_km": 76.092511911483413, "Delta_P": 120.5103742795676, "DeltaP_x_Dist": 9169.9370903253221, "Pop_Dens": 94.916982797475967, "ln_Pop_Dens": 4.5634830548187306, "Delta_P_c": 7.1324342162680381, "Dist_km_c": 23.030582582449426, "DeltaP_x_Dist_c": 164.26411523164901, "hat_y_ols": 0.22002450282735794, "hat_y_frac": 0.23211023046109078, "residual_frac": 0.053604055253194921, "abs_residual_frac": 0.053604055253194921, "basis_risk_category": "Concordant Alignment" }, "geometry": { "type": "Polygon", "coordinates": [ [ [ 725244.527452244306915, 697436.891231601592153 ], [ 715244.527452244306915, 697436.891231601592153 ], [ 715244.527452244306915, 701476.093084243242629 ], [ 715283.777216389542446, 701486.147875613067299 ], [ 715427.67209624114912, 701443.333203576738015 ], [ 715605.411503713810816, 701442.998114095418714 ], [ 715637.363832167349756, 701442.942025641095825 ], [ 715706.150807810947299, 701450.182309500989504 ], [ 715871.962979690055363, 701467.005268267472275 ], [ 715943.791224365471862, 701486.029523719567806 ], [ 716023.147358578513376, 701515.379385709529743 ], [ 716103.134110294980928, 701555.255056278430857 ], [ 716165.375146047910675, 701601.216425732709467 ], [ 716210.192530539119616, 701656.229252013610676 ], [ 716233.029191005625762, 701717.589380473131314 ], [ 716235.07790829311125, 701760.223483538487926 ], [ 716226.006424571969546, 701816.391967668081634 ], [ 716217.298239004914649, 701850.455116522731259 ], [ 716239.988120623165742, 701875.830329924123362 ], [ 716320.51388678047806, 701898.58230006787926 ], [ 716347.841693174326792, 701887.754151914035901 ], [ 716366.111205137451179, 701897.906214388436638 ], [ 716370.58586614811793, 701871.056292854482308 ], [ 716393.631829129648395, 701864.010078925872222 ], [ 716423.972600231645629, 701879.310690441052429 ], [ 716414.331276967772283, 701911.43828700191807 ], [ 716432.324172258726321, 701920.46185167634394 ], [ 716443.796447515604086, 701927.42670814122539 ], [ 716442.929012758890167, 701920.499022517586127 ], [ 716424.50307132920716, 701905.321846332051791 ], [ 716433.918161251232959, 701895.255087787518278 ], [ 716458.532441342365928, 701909.668983324314468 ], [ 716472.572977188159712, 701899.040873747435398 ], [ 716494.922180310706608, 701923.077623134711757 ], [ 716503.526702275150456, 701951.654040892026387 ], [ 716502.849785242462531, 701981.995233806781471 ], [ 716493.430275208200328, 701995.648313862853684 ], [ 716477.415575842722319, 702000.66782388521824 ], [ 716464.643969801138155, 701987.417998665361665 ], [ 716467.558551248162985, 701980.860180044430308 ], [ 716459.998371436726302, 701976.190953548066318 ], [ 716455.367949978564866, 701986.160953715443611 ], [ 716456.934547155979089, 701994.282891760230996 ], [ 716471.356965915765613, 702009.323058470501564 ], [ 716467.939818958984688, 702024.637290416401811 ], [ 716639.624385973438621, 702168.528471846948378 ], [ 716762.855903821182437, 702255.708471431629732 ], [ 716934.518335427390411, 702395.230097891879268 ], [ 717048.915249044890516, 702456.204447745112702 ], [ 717149.833471197984181, 702346.806250512599945 ], [ 717233.290820530150086, 702311.710615700227208 ], [ 717321.003878096002154, 702193.602019513258711 ], [ 717452.780391097301617, 702136.576619628351182 ], [ 717559.88207281450741, 702046.61851888988167 ], [ 717586.432231951737776, 702050.670075577916577 ], [ 717593.18447305331938, 702065.148178962408565 ], [ 717644.367135702748783, 702050.574273505015299 ], [ 717686.596601819852367, 702038.240135198575445 ], [ 717707.576603626715951, 702040.031909331213683 ], [ 717720.999520694720559, 702045.24540193460416 ], [ 717733.702438189066015, 702042.988537571043707 ], [ 717725.847201745724306, 702038.540687744971365 ], [ 717723.365285516832955, 702032.290812059072778 ], [ 717726.197916096658446, 702027.028384856763296 ], [ 717735.163132158690132, 702019.209991576615721 ], [ 717748.617222970235161, 702017.693520213593729 ], [ 717757.594541458995081, 702023.633842007489875 ], [ 717764.322815762134269, 702023.622766047948971 ], [ 717769.92351085820701, 702018.776409934274852 ], [ 717780.082504681777209, 702017.497831572778523 ], [ 717781.888318299781531, 702017.273481406737119 ], [ 717793.099348598741926, 702019.856248195632361 ], [ 717803.211710485629737, 702028.761207219213247 ], [ 717803.970196204259992, 702033.962374362163246 ], [ 717796.118461360805668, 702038.059732640511356 ], [ 717797.627481726696715, 702043.624941389425658 ], [ 717846.944657212821767, 702024.970185450860299 ], [ 717844.31601238809526, 702019.395742499618791 ], [ 717828.630605733953416, 702025.741882575675845 ], [ 717825.239820195944048, 702012.741418125922792 ], [ 717826.714047678280622, 701997.131754834903404 ], [ 717833.048047234653495, 701988.576109103159979 ], [ 717842.385445243911818, 701982.240395670174621 ], [ 717853.966379889170639, 701978.513279741164297 ], [ 717864.812196365441196, 701977.377514671185054 ], [ 717874.907266893424094, 701982.187021195888519 ], [ 717881.276234863558784, 701988.496953830355778 ], [ 717884.64606035023462, 701995.177082418464124 ], [ 717872.702162460424006, 702003.000292959739454 ], [ 717874.198186332592741, 702007.09335604775697 ], [ 717909.316310492344201, 701992.911780134076253 ], [ 717907.070975036243908, 701989.196287209284492 ], [ 717893.988970170612447, 701992.195280895102769 ], [ 717893.221360860508867, 701981.415367421810515 ], [ 717895.821980632143095, 701969.899380783783272 ], [ 717902.916517292498611, 701961.342511507798918 ], [ 717917.102127827936783, 701954.998888872680254 ], [ 717932.437630177708343, 701954.232151623582467 ], [ 717947.768042208510451, 701956.808261889382266 ], [ 717957.502543915179558, 701967.197158919763751 ], [ 717963.880374266416766, 701985.395171801792458 ], [ 717942.580746970837936, 701988.396508267731406 ], [ 717942.222620823304169, 701995.459094202262349 ], [ 718031.93646609201096, 701993.07651409402024 ], [ 718031.170775763574056, 701983.425626581418328 ], [ 718000.137051490833983, 701982.734689367120154 ], [ 717998.252302362816408, 701973.439838744932786 ], [ 717999.731536042876542, 701960.807733258465305 ], [ 718008.679042224655859, 701948.528703017625958 ], [ 718025.492947506951168, 701941.073969558812678 ], [ 718038.581690400256775, 701942.170569714624435 ], [ 718045.320287278154865, 701948.468882874120027 ], [ 718048.688257727306336, 701954.042145640472881 ], [ 718056.165877993451431, 701953.653602676116861 ], [ 718058.775082229054533, 701947.34003752830904 ], [ 718066.618764322367497, 701944.726039805682376 ], [ 718077.08739343797788, 701945.450593379326165 ], [ 718086.072754446533509, 701949.88567247625906 ], [ 718093.932795265805908, 701957.311209334991872 ], [ 718096.578922136221081, 701973.655758754117414 ], [ 718071.913480742019601, 701978.898368611815386 ], [ 718074.916588060325012, 701987.438713651150465 ], [ 718097.335244260611944, 701984.059353420394473 ], [ 718116.768626016215421, 701976.589361815480515 ], [ 718119.196771136717871, 701969.346306182211265 ], [ 718119.738451713346876, 701964.696459392434917 ], [ 718127.208214994403534, 701959.481887958128937 ], [ 718353.599148199777119, 701942.854443383868784 ], [ 718612.803309969254769, 701850.675611334503628 ], [ 718762.214375524083152, 701819.853186824475415 ], [ 718942.547100825118832, 701885.105695973383263 ], [ 719083.280758182168938, 701924.211042830022052 ], [ 719228.280560414423235, 701889.026893758447841 ], [ 719316.072848436189815, 701805.871944970218465 ], [ 719469.865753339719959, 701766.303582661086693 ], [ 719641.255777525482699, 701739.825860747136176 ], [ 719768.681755399680696, 701704.672980598174036 ], [ 719931.382375363609754, 701735.006032723118551 ], [ 720072.097880651475862, 701769.746260324027389 ], [ 720195.196898508351296, 701778.303009999333881 ], [ 720283.016358434222639, 701716.991431989008561 ], [ 720397.149209328228608, 701607.590135816601105 ], [ 720489.344401534413919, 701533.167255938984454 ], [ 720621.164793711155653, 701489.279919745866209 ], [ 720726.671842356096022, 701493.483099987497553 ], [ 720788.229848332470283, 701506.507891950430349 ], [ 720868.86592581088189, 701495.924703116412275 ], [ 720889.316697762697004, 701493.240669081686065 ], [ 720999.250130216940306, 701519.299916124087758 ], [ 721082.838109578122385, 701558.493233013316058 ], [ 721214.572026030044071, 701462.176402191980742 ], [ 721385.986195780104026, 701448.819573719403706 ], [ 721460.288942486979067, 701473.45025657908991 ], [ 721471.705568934441544, 701537.533913096762262 ], [ 721443.74264319462236, 701629.380553998285905 ], [ 721643.778980190167204, 701724.493218280840665 ], [ 721755.930817519198172, 701539.933467256370932 ], [ 721813.574208598583937, 701468.356074634706602 ], [ 721930.783127024420537, 701390.439447708311491 ], [ 722055.908789298613556, 701374.719714237260632 ], [ 722083.143985827220604, 701281.380733737139963 ], [ 722219.867939870920964, 701168.460209157085046 ], [ 722481.869790264987387, 701160.31993134401273 ], [ 722552.347817143774591, 701214.635948332026601 ], [ 722638.42045608535409, 701241.722969905822538 ], [ 722720.378869546810165, 701121.112145936698653 ], [ 722833.793015027069487, 701120.954501988366246 ], [ 722911.823505518725142, 700992.568500113324262 ], [ 723005.600564110907726, 700930.242673046886921 ], [ 723068.208022991078906, 700953.478727137320675 ], [ 723072.212537086801603, 701023.439966436591931 ], [ 723158.354560165200382, 701101.069938338710926 ], [ 723275.608159696101211, 701050.379888697178103 ], [ 723330.414200364262797, 701085.283024968695827 ], [ 723381.227242623455822, 701065.776841990998946 ], [ 723514.26734398433473, 701120.022444660775363 ], [ 723557.164121733512729, 701034.445865508285351 ], [ 723635.414336308953352, 701057.66262301930692 ], [ 723729.209029712947085, 701007.006889120093547 ], [ 723752.539182856562547, 700909.790360108367167 ], [ 723685.930050524882972, 700816.579707219847478 ], [ 723619.388360992074013, 700773.909942332771607 ], [ 723705.377965475781821, 700738.81648821849376 ], [ 723881.489551546634175, 700827.984591639135033 ], [ 724006.620106064947322, 700820.047730538528413 ], [ 724120.025712586357258, 700812.116089993738569 ], [ 724217.751661082613282, 700777.009378624032252 ], [ 724296.886892887181602, 700886.841991845867597 ], [ 724468.958136742585339, 700869.725735818734393 ], [ 724949.487470096442848, 700790.471535885822959 ], [ 725192.873882269836031, 700716.608714188798331 ], [ 725244.527452244306915, 700685.511056331335567 ], [ 725244.527452244306915, 697436.891231601592153 ] ] ] } },
{ "type": "Feature", "properties": { "cell_id": 70, "parish": "Clarendon", "centroid_x": 730183.06412354123, "centroid_y": 622192.30728160113, "land_area_km2": 70.714484436806643, "total_buildings": 40, "damaged_buildings": 7, "Damage_Ratio": 0.175, "Dist_km": 30.577703563235158, "Delta_P": 110.64627926780599, "DeltaP_x_Dist": 3383.3091278259035, "Pop_Dens": 99.596427317415731, "ln_Pop_Dens": 4.6111167432916282, "Delta_P_c": -2.7316607954935677, "Dist_km_c": -22.484225765798826, "DeltaP_x_Dist_c": 61.419278041458988, "hat_y_ols": 0.39238710308744817, "hat_y_frac": 0.3632235796521362, "residual_frac": -0.18822357965213621, "abs_residual_frac": 0.18822357965213621, "basis_risk_category": "Windfall Over-Coverage" }, "geometry": { "type": "Polygon", "coordinates": [ [ [ 735244.527452244306915, 618488.845217791968025 ], [ 734864.596926252590492, 618195.897078862064518 ], [ 734311.352304310305044, 617873.946131108910777 ], [ 733645.852625450352207, 617674.492097850306891 ], [ 732986.860716094146483, 617508.767631188733503 ], [ 732397.700650421553291, 617436.891231601592153 ], [ 732011.217481144354679, 617460.771167433471419 ], [ 731781.471836763783358, 617510.522352562635206 ], [ 731545.735073519870639, 617471.152402702835388 ], [ 731009.764722205582075, 617560.570668024010956 ], [ 730410.168661497533321, 617752.444483683910221 ], [ 729979.051125511992723, 617969.498697190894745 ], [ 729548.417586115654558, 618204.215105717885308 ], [ 729225.70165482792072, 618355.673858167720027 ], [ 728823.89762825530488, 618405.29900147637818 ], [ 728596.304239892982878, 618417.089142453740351 ], [ 728462.056856837240048, 618563.940163342864253 ], [ 728350.570448084268719, 618600.719316316535696 ], [ 728217.758862832910381, 618709.906506801722571 ], [ 728088.278272633790039, 618837.07615764066577 ], [ 727931.137696825666353, 618852.636183287366293 ], [ 727757.574163319543004, 618940.48915530485101 ], [ 727693.115800782223232, 618904.824040076462552 ], [ 727629.431063319789246, 618943.346120438305661 ], [ 727549.285557083669119, 619122.493286086595617 ], [ 727448.936935326084495, 619146.027686507673934 ], [ 727280.251705254544504, 619210.58144064375665 ], [ 727226.179221086436883, 619396.030648659449071 ], [ 727125.103810381493531, 619477.131491640233435 ], [ 726869.779016922111623, 619509.54905833886005 ], [ 726659.880881829187274, 619663.972355320234783 ], [ 726458.98011231853161, 619906.597990965936333 ], [ 726396.250831988058053, 620170.885197864146903 ], [ 726233.263429900980555, 620332.373466823366471 ], [ 726043.834110700991005, 620369.691720870207064 ], [ 725914.42003519856371, 620626.037641402333975 ], [ 725755.620261711417697, 620857.185904767131433 ], [ 725610.213612651336007, 620963.672550925286487 ], [ 725334.925444696680643, 621120.438048070995137 ], [ 725244.527452244306915, 621179.952147165429778 ], [ 725244.527452244306915, 627436.891231601592153 ], [ 732478.306585705722682, 627436.891231601592153 ], [ 732546.345038861618377, 627358.646566788316704 ], [ 732935.1586414166959, 627091.469685300718993 ], [ 732976.050075440201908, 627025.857045614626259 ], [ 732897.179955160128884, 626994.846896281465888 ], [ 732866.745722225750796, 626917.409309449139982 ], [ 732698.362266773590818, 626883.633729016990401 ], [ 732411.473416618886404, 626641.933408238808624 ], [ 732110.94348828017246, 626413.796777729410678 ], [ 731779.109742896049283, 626361.861142122768797 ], [ 731758.320405925624073, 626445.786001975997351 ], [ 731646.819296536501497, 626436.847320526023395 ], [ 731344.121974577079527, 626328.578485283302143 ], [ 731329.938831050531007, 625774.545111559331417 ], [ 731368.609913023770787, 625763.197057560551912 ], [ 731516.667990723042749, 625943.972804713761434 ], [ 731678.133919119019993, 625860.148525384371169 ], [ 731605.423271345323883, 625959.727693559601903 ], [ 731575.975231226882897, 626104.478820465388708 ], [ 731614.779044200782664, 626235.607904177042656 ], [ 732065.019822891219519, 625959.303055590949953 ], [ 732405.977580059552565, 625583.583718961453997 ], [ 731937.141115906066261, 625450.585639030789025 ], [ 731438.717857565381564, 625310.830974130774848 ], [ 731267.917703508981504, 625150.431318841641769 ], [ 730960.665074113523588, 625069.311177624389529 ], [ 730995.064014230039902, 625354.231377212330699 ], [ 730401.378412288497202, 625524.429405425908044 ], [ 730130.85065355093684, 625759.893302698037587 ], [ 730286.021078116842546, 625863.24387678981293 ], [ 730376.699711109395139, 625881.758260138216428 ], [ 730435.937688937643543, 625963.114523643627763 ], [ 730515.799935417831875, 626184.658386777038686 ], [ 730504.606429061270319, 626370.100710332859308 ], [ 730536.693639019154944, 626607.508119592093863 ], [ 730450.370776242110878, 626743.285972517449409 ], [ 730343.477536459336989, 626781.831306144478731 ], [ 730213.926263734814711, 626915.373494142084382 ], [ 730127.442398956744, 626888.333351001143456 ], [ 729827.205284595722333, 626967.785553529043682 ], [ 729137.710430479957722, 626850.908915670472197 ], [ 729071.59807097306475, 626728.867256929399446 ], [ 728948.684849901939742, 626676.990517936414108 ], [ 728538.969652300816961, 626501.044701408245601 ], [ 728283.746450525242835, 626141.762768584536389 ], [ 727894.552556090289727, 626031.384918015799485 ], [ 727730.394425276317634, 625726.273829107987694 ], [ 727347.85900305211544, 625477.949240808724426 ], [ 727417.683258147444576, 624858.211751880124211 ], [ 727274.081271071452647, 624645.785478639765643 ], [ 727430.759563381550834, 624360.651530744857155 ], [ 727628.672232946031727, 624317.448797599761747 ], [ 727828.932030901196413, 624333.060087029822171 ], [ 728258.873552807839587, 624226.273062949301675 ], [ 728497.785202262341045, 624317.984356778673828 ], [ 728943.870422024861909, 624300.169290256337263 ], [ 729444.56261876237113, 624387.839338997611776 ], [ 729872.250273749465123, 624299.196994800586253 ], [ 730040.519806860247627, 624183.676104428479448 ], [ 730276.927129229414277, 624323.800282823154703 ], [ 730422.54449595301412, 624109.12620920187328 ], [ 730620.790347338537686, 624007.45958072936628 ], [ 730705.135846601100639, 623766.750073855393566 ], [ 730853.799027027562261, 623665.134527234476991 ], [ 731396.283820791402832, 623621.128114700433798 ], [ 731743.457082488224842, 623696.185953982756473 ], [ 732008.958658654009923, 623768.413632553303614 ], [ 732163.424323541577905, 623626.216812740894966 ], [ 732224.519944021478295, 623452.207805975107476 ], [ 732364.503934885375202, 623428.894573491765186 ], [ 732557.132014192524366, 623550.480360302724876 ], [ 732589.486107419244945, 623860.661895484547131 ], [ 732709.066488604177721, 623851.857028736383654 ], [ 732706.045682849595323, 623733.001846577855758 ], [ 732889.801306878682226, 623718.34217700897716 ], [ 733234.053325333166867, 623796.32865429634694 ], [ 733362.478873271378689, 623900.578496118076146 ], [ 733222.617581169819459, 624077.550814226735383 ], [ 733094.506511361571029, 624338.57450265425723 ], [ 732901.925283096148632, 624245.970144447055645 ], [ 732639.388056808384135, 624217.213449530536309 ], [ 732481.891171250957996, 624228.941202695248649 ], [ 732190.487700519734062, 624527.814138400368392 ], [ 732187.736989600816742, 624710.447573942015879 ], [ 732313.178213856881484, 624739.332154280389659 ], [ 732350.991863520932384, 624620.440303869894706 ], [ 732511.334636517683975, 624533.325697385123931 ], [ 732686.259715393767692, 624446.19955567130819 ], [ 732904.997767586726695, 624425.709681623615324 ], [ 733106.318246915587224, 624509.607216120115481 ], [ 733269.729456184082665, 624596.438815590227023 ], [ 733546.97245143877808, 624781.746647389489226 ], [ 733681.12348335236311, 624767.135933781974018 ], [ 733675.406755537493154, 624906.285956917796284 ], [ 733582.225916920229793, 625080.306218643439934 ], [ 733806.861641597701237, 625146.792783983750269 ], [ 734162.644169915001839, 625094.329026180901565 ], [ 734200.352875682874583, 624844.983814755454659 ], [ 734179.967357490211725, 624747.149160373606719 ], [ 734468.734567721723579, 624634.292282782611437 ], [ 734578.055279506486841, 624610.011866675224155 ], [ 734822.363500495906919, 624525.119348301552236 ], [ 735041.754389284993522, 624427.133384987479076 ], [ 735193.09926875832025, 624314.956653050379828 ], [ 735244.527452244306915, 624257.65288452419918 ], [ 735244.527452244306915, 623914.50589664070867 ], [ 735208.895535541465506, 623830.050392988603562 ], [ 735055.338391490280628, 623729.404643000103533 ], [ 734859.752764960750937, 623586.955874281236902 ], [ 734765.277776115457527, 623385.173097247257829 ], [ 734723.456889033666812, 623159.144382708822377 ], [ 734645.065446476219222, 623010.497602645773441 ], [ 734685.092372735380195, 622837.885167904896662 ], [ 734741.165827988530509, 622665.382110504084267 ], [ 734957.922922605765052, 622508.239588022232056 ], [ 735217.323481921805069, 622331.167341181542724 ], [ 735244.527452244306915, 622317.826543275965378 ], [ 735244.527452244306915, 618488.845217791968025 ] ] ] } },
{ "type": "Feature", "properties": { "cell_id": 71, "parish": "Clarendon", "centroid_x": 729325.15248201916, "centroid_y": 632779.81989109388, "land_area_km2": 80.053649798334177, "total_buildings": 39, "damaged_buildings": 5, "Damage_Ratio": 0.12820512820512819, "Dist_km": 37.751224594053681, "Delta_P": 111.84862908457819, "DeltaP_x_Dist": 4222.422717108916, "Pop_Dens": 95.10391063904494, "ln_Pop_Dens": 4.5654300085826822, "Delta_P_c": -1.5293109787213552, "Dist_km_c": -15.310704734980305, "DeltaP_x_Dist_c": 23.414828843166418, "hat_y_ols": 0.37521454465066983, "hat_y_frac": 0.33984659493859815, "residual_frac": -0.21164146673346995, "abs_residual_frac": 0.21164146673346995, "basis_risk_category": "Windfall Over-Coverage" }, "geometry": { "type": "Polygon", "coordinates": [ [ [ 725244.527452244306915, 627436.891231601592153 ], [ 725244.527452244306915, 637436.891231601592153 ], [ 735244.527452244306915, 637436.891231601592153 ], [ 735244.527452244306915, 637073.218944497173652 ], [ 735060.816164591815323, 636973.730832728324458 ], [ 734787.54321838717442, 636474.433761843829416 ], [ 734646.419494629371911, 636293.726790806395002 ], [ 734412.012787712854333, 636076.924646902712993 ], [ 734163.910121752414852, 635796.849964436260052 ], [ 734079.657801717054099, 635656.775994305266067 ], [ 734049.961725155008025, 635487.272704183706082 ], [ 734138.537217946839519, 635349.316840833285823 ], [ 734022.351249854429625, 635093.985496421693824 ], [ 734072.138173178653233, 634800.091835709521547 ], [ 733872.009887468419038, 634795.739352587261237 ], [ 733721.759453202481382, 634612.766679780790582 ], [ 733593.601111699012108, 633663.456513242912479 ], [ 733581.861682863789611, 633224.911446524783969 ], [ 733443.093757933471352, 633188.857937599997967 ], [ 733215.407900880090892, 632895.164911782951094 ], [ 733162.942413203418255, 632725.660525617655367 ], [ 733049.164353267173283, 632664.71882582094986 ], [ 732935.292159910663031, 632483.967791707371362 ], [ 732891.916784050525166, 632300.887019525049254 ], [ 732757.63097398809623, 632199.268197323428467 ], [ 732677.939915584167466, 632115.698125335620716 ], [ 732648.278313074959442, 632004.94564943225123 ], [ 732686.736759026185609, 631765.269520047586411 ], [ 732763.967060561990365, 631652.165167604805902 ], [ 732829.009030509972945, 631358.554326585261151 ], [ 732840.875285570393316, 631156.975393047789112 ], [ 732911.243462447659113, 630987.353893967345357 ], [ 733118.158020758419298, 630898.99715093197301 ], [ 733279.663132167886943, 630901.11694918514695 ], [ 733477.619667592807673, 630973.300389361567795 ], [ 733516.224873910075985, 630894.132513880264014 ], [ 733527.502901937114075, 630778.817716146702878 ], [ 733484.224288262426853, 630708.77211808168795 ], [ 733324.985302579472773, 630693.079475184669718 ], [ 733190.828036762424745, 630751.975341973477043 ], [ 733044.718353299307637, 630742.405360124190338 ], [ 732886.026098109665327, 630770.323312091524713 ], [ 732799.541817608173005, 630707.101506681297906 ], [ 732758.503266458632424, 630607.659215821535327 ], [ 732788.012617360334843, 630530.755752548924647 ], [ 733072.171522671589628, 630320.24111728859134 ], [ 733231.328866153722629, 630236.453553677536547 ], [ 733399.639819765929133, 630206.914362011477351 ], [ 733483.75124637351837, 630145.804076095344499 ], [ 734027.31879581825342, 630016.480313764885068 ], [ 734070.549356411327608, 630027.745549667393789 ], [ 734100.209569165599532, 630143.026837052195333 ], [ 734129.743133978918195, 630088.748160858755 ], [ 734368.526075765024871, 630009.421390866162255 ], [ 734909.891787192435004, 629954.732455469900742 ], [ 734982.996844450710341, 629897.112366714980453 ], [ 735019.009189427946694, 629868.728950439137407 ], [ 735014.330200679367408, 629696.892449911334552 ], [ 735061.833617135416716, 629429.599966148147359 ], [ 735054.979549906915054, 629394.56424042978324 ], [ 735039.035274069407023, 629367.437906512292102 ], [ 734938.977232458069921, 629326.142549157724716 ], [ 734926.375388294807635, 629303.086729433736764 ], [ 734929.766586011042818, 629273.687818155740388 ], [ 734875.157518706633709, 629260.171597865177318 ], [ 734768.218019432737492, 629300.895458082435653 ], [ 734754.660046002827585, 629343.915783068398014 ], [ 734718.342650707345456, 629362.493764758342877 ], [ 734628.408669149386697, 629348.540872360230424 ], [ 734545.378428503521718, 629350.863826493150555 ], [ 734504.548796049435623, 629414.669145434047095 ], [ 734421.482803112943657, 629465.149036953691393 ], [ 734423.804247818072326, 629518.284134068526328 ], [ 734477.268450164003298, 629519.016593272564933 ], [ 734470.41721919272095, 629488.85093836102169 ], [ 734553.442424011183903, 629480.871979544637725 ], [ 734579.627525159274228, 629520.419124635751359 ], [ 734520.696961695328355, 629794.052618090761825 ], [ 734358.166391104343347, 629940.011815713020042 ], [ 734059.006096582044847, 629911.984760041115806 ], [ 733940.771850827848539, 629979.916110441437922 ], [ 733412.000198763445951, 630118.272240077727474 ], [ 733242.551241666660644, 630144.414451124961488 ], [ 733139.040026645176113, 630130.944801729754545 ], [ 733085.585883821593598, 630140.033195994212292 ], [ 732938.801365864812396, 630066.680314105353318 ], [ 732933.073939191643149, 630014.677258851705119 ], [ 732834.115694026695564, 630007.978812716086395 ], [ 732770.43905199249275, 630026.119461680646054 ], [ 732707.847146369866095, 629987.746703193988651 ], [ 732653.224552149185911, 629958.398509988677688 ], [ 732682.731835615355521, 629890.537380474968813 ], [ 732794.173307791585103, 629854.26964524271898 ], [ 732942.064863686216995, 629893.708460440975614 ], [ 733122.914132501813583, 629894.681274316622876 ], [ 733288.952407974633388, 629869.669860688503832 ], [ 733393.516250840504654, 629772.360884841764346 ], [ 733460.623162159463391, 629772.304304867517203 ], [ 733608.419713173410855, 629698.689705528784543 ], [ 733812.508231222047471, 629544.101370562333614 ], [ 733895.990908110747114, 629461.045762186637148 ], [ 734124.679633438820019, 629542.264063812908716 ], [ 734178.176824627211317, 629584.046486093197018 ], [ 734316.921939986525103, 629561.323599293478765 ], [ 734368.063829237013124, 629508.145924250013195 ], [ 734358.9400122606894, 629486.68147661734838 ], [ 734237.224732210859656, 629461.898088518180884 ], [ 734179.342086025280878, 629530.233468146878295 ], [ 733882.326288268784992, 629436.187414367683232 ], [ 733760.663012183853425, 629488.295562401181087 ], [ 733642.437588285538368, 629568.657927119988017 ], [ 733572.072134816553444, 629666.390740957460366 ], [ 733196.836507844738662, 629806.893834011163563 ], [ 732735.040676982258447, 629795.993705728556961 ], [ 732530.324616837664507, 629816.517366865067743 ], [ 732298.382138009299524, 629904.902771519264206 ], [ 732089.121763187460601, 629927.70404096134007 ], [ 731861.505026633269154, 629783.211140918196179 ], [ 731708.819362402427942, 629493.938338338048197 ], [ 731572.025435028248467, 629163.955218798248097 ], [ 731501.138829882955179, 628777.37618744012434 ], [ 731510.031117832055315, 628560.293352158623748 ], [ 731568.999819633783773, 628368.044131608214229 ], [ 731575.643238766700961, 628171.317310432321392 ], [ 731782.566795766819268, 628067.108482300885953 ], [ 732223.615827153553255, 627729.787264794693328 ], [ 732478.306585705722682, 627436.891231601592153 ], [ 725244.527452244306915, 627436.891231601592153 ] ] ] } },
{ "type": "Feature", "properties": { "cell_id": 72, "parish": "Clarendon", "centroid_x": 730244.52745224419, "centroid_y": 642436.89123160159, "land_area_km2": 100.0, "total_buildings": 42, "damaged_buildings": 10, "Damage_Ratio": 0.23809523809523808, "Dist_km": 45.452570614420367, "Delta_P": 112.75393413207439, "DeltaP_x_Dist": 5124.9561531918143, "Pop_Dens": 130.63405539772728, "ln_Pop_Dens": 4.8800257650315357, "Delta_P_c": -0.62400593122515602, "Dist_km_c": -7.6093587146136201, "DeltaP_x_Dist_c": 4.7482849707387285, "hat_y_ols": 0.34817493880342942, "hat_y_frac": 0.31361120946214471, "residual_frac": -0.075515971366906715, "abs_residual_frac": 0.075515971366906715, "basis_risk_category": "Concordant Alignment" }, "geometry": { "type": "Polygon", "coordinates": [ [ [ 725244.527452244306915, 637436.891231601592153 ], [ 725244.527452244306915, 647436.891231601592153 ], [ 735244.527452244306915, 647436.891231601592153 ], [ 735244.527452244306915, 637436.891231601592153 ], [ 725244.527452244306915, 637436.891231601592153 ] ] ] } },
{ "type": "Feature", "properties": { "cell_id": 73, "parish": "Clarendon", "centroid_x": 730244.52745224419, "centroid_y": 652436.89123160159, "land_area_km2": 100.0, "total_buildings": 55, "damaged_buildings": 11, "Damage_Ratio": 0.2, "Dist_km": 52.246378161889545, "Delta_P": 114.45048726014306, "DeltaP_x_Dist": 5979.6234382059565, "Pop_Dens": 153.25842587809916, "ln_Pop_Dens": 5.0386292861111146, "Delta_P_c": 1.0725471968435016, "Dist_km_c": -0.81555116714444154, "DeltaP_x_Dist_c": -0.87471711820321685, "hat_y_ols": 0.33028071202302506, "hat_y_frac": 0.30118256327180121, "residual_frac": -0.1011825632718012, "abs_residual_frac": 0.1011825632718012, "basis_risk_category": "Windfall Over-Coverage" }, "geometry": { "type": "Polygon", "coordinates": [ [ [ 725244.527452244306915, 647436.891231601592153 ], [ 725244.527452244306915, 657436.891231601592153 ], [ 735244.527452244306915, 657436.891231601592153 ], [ 735244.527452244306915, 647436.891231601592153 ], [ 725244.527452244306915, 647436.891231601592153 ] ] ] } },
{ "type": "Feature", "properties": { "cell_id": 74, "parish": "St. Catherine", "centroid_x": 730244.52745224419, "centroid_y": 662436.89123160159, "land_area_km2": 100.0, "total_buildings": 52, "damaged_buildings": 15, "Damage_Ratio": 0.28846153846153844, "Dist_km": 58.933467565591371, "Delta_P": 115.52691705667917, "DeltaP_x_Dist": 6808.4018193125667, "Pop_Dens": 140.10038416838842, "ln_Pop_Dens": 4.9494715815225918, "Delta_P_c": 2.1489769933795912, "Dist_km_c": 5.8715382365573845, "DeltaP_x_Dist_c": 12.617800586110395, "hat_y_ols": 0.30148097153449155, "hat_y_frac": 0.27581993005139216, "residual_frac": 0.012641608410146221, "abs_residual_frac": 0.012641608410146221, "basis_risk_category": "Concordant Alignment" }, "geometry": { "type": "Polygon", "coordinates": [ [ [ 725244.527452244306915, 657436.891231601592153 ], [ 725244.527452244306915, 667436.891231601592153 ], [ 735244.527452244306915, 667436.891231601592153 ], [ 735244.527452244306915, 657436.891231601592153 ], [ 725244.527452244306915, 657436.891231601592153 ] ] ] } },
{ "type": "Feature", "properties": { "cell_id": 75, "parish": "St. Ann", "centroid_x": 730244.52745224419, "centroid_y": 672436.89123160159, "land_area_km2": 100.0, "total_buildings": 58, "damaged_buildings": 13, "Damage_Ratio": 0.22413793103448276, "Dist_km": 65.620556969293219, "Delta_P": 116.60334685321538, "DeltaP_x_Dist": 7651.5765649916775, "Pop_Dens": 127.98970170454545, "ln_Pop_Dens": 4.8597325694272389, "Delta_P_c": 3.225406789915823, "Dist_km_c": 12.558627640259232, "DeltaP_x_Dist_c": 40.506682862916655, "hat_y_ols": 0.26907460705858532, "hat_y_frac": 0.25061857512451652, "residual_frac": -0.026480644090033811, "abs_residual_frac": 0.026480644090033811, "basis_risk_category": "Concordant Alignment" }, "geometry": { "type": "Polygon", "coordinates": [ [ [ 725244.527452244306915, 667436.891231601592153 ], [ 725244.527452244306915, 677436.891231601592153 ], [ 735244.527452244306915, 677436.891231601592153 ], [ 735244.527452244306915, 667436.891231601592153 ], [ 725244.527452244306915, 667436.891231601592153 ] ] ] } },
{ "type": "Feature", "properties": { "cell_id": 76, "parish": "St. Ann", "centroid_x": 730244.52745224419, "centroid_y": 682436.89123160159, "land_area_km2": 100.0, "total_buildings": 61, "damaged_buildings": 15, "Damage_Ratio": 0.24590163934426229, "Dist_km": 72.307646372995052, "Delta_P": 117.6797766497516, "DeltaP_x_Dist": 8509.1476752432791, "Pop_Dens": 115.29843265754133, "ln_Pop_Dens": 4.7561595827144716, "Delta_P_c": 4.3018365864520405, "Dist_km_c": 19.245717043961065, "DeltaP_x_Dist_c": 82.791929712215321, "hat_y_ols": 0.23303346286877816, "hat_y_frac": 0.22570731964876717, "residual_frac": 0.020194319695495122, "abs_residual_frac": 0.020194319695495122, "basis_risk_category": "Concordant Alignment" }, "geometry": { "type": "Polygon", "coordinates": [ [ [ 725244.527452244306915, 677436.891231601592153 ], [ 725244.527452244306915, 687436.891231601592153 ], [ 735244.527452244306915, 687436.891231601592153 ], [ 735244.527452244306915, 677436.891231601592153 ], [ 725244.527452244306915, 677436.891231601592153 ] ] ] } },
{ "type": "Feature", "properties": { "cell_id": 77, "parish": "St. Ann", "centroid_x": 730193.28457473987, "centroid_y": 692379.52495661087, "land_area_km2": 98.785946358699761, "total_buildings": 55, "damaged_buildings": 18, "Damage_Ratio": 0.32727272727272727, "Dist_km": 78.918274112198134, "Delta_P": 118.75499227777016, "DeltaP_x_Dist": 9371.939032769038, "Pop_Dens": 93.709019886363635, "ln_Pop_Dens": 4.5508092426084268, "Delta_P_c": 5.377052214470595, "Dist_km_c": 25.856344783164147, "DeltaP_x_Dist_c": 139.03091597442798, "hat_y_ols": 0.19368034816422172, "hat_y_frac": 0.20074053151455432, "residual_frac": 0.1265321957581729, "abs_residual_frac": 0.1265321957581729, "basis_risk_category": "Severe Under-Coverage" }, "geometry": { "type": "Polygon", "coordinates": [ [ [ 735244.527452244306915, 687436.891231601592153 ], [ 725244.527452244306915, 687436.891231601592153 ], [ 725244.527452244306915, 697436.891231601592153 ], [ 732978.295524453860708, 697436.891231601592153 ], [ 733017.868371636839584, 697375.541716846171767 ], [ 733094.28043745981995, 697309.405700212577358 ], [ 733223.832636200124398, 697141.701017704792321 ], [ 733307.96412804198917, 697106.56307069119066 ], [ 733399.330631021875888, 697105.998400614014827 ], [ 733466.994684959994629, 697099.587663495796733 ], [ 733535.111111713806167, 697128.54171419760678 ], [ 733557.875234463484958, 697212.313700376194902 ], [ 733629.239979597157799, 697247.707423572661355 ], [ 733690.836370858596638, 697225.097747717052698 ], [ 733729.667063229484484, 697128.379153055953793 ], [ 733775.067966984119266, 697055.132212201366201 ], [ 733777.43338710279204, 697015.448479261016473 ], [ 733894.888608747976832, 696954.196254760259762 ], [ 734005.067784910206683, 696870.314922395744361 ], [ 734163.908610436483286, 696808.942032180377282 ], [ 734166.010299412533641, 696807.95520744449459 ], [ 734207.685065048746765, 696788.418288865708746 ], [ 734268.567132434574887, 696781.462353012757376 ], [ 734332.511747301090509, 696799.14337036467623 ], [ 734361.808400043984875, 696824.578269112622365 ], [ 734397.046192420762964, 696841.20875975873787 ], [ 734418.471846512868069, 696840.383681268198416 ], [ 734439.257284015417099, 696831.622783532948233 ], [ 734475.200313942623325, 696818.367013516835868 ], [ 734531.953533834661357, 696787.395808876724914 ], [ 734604.886330314446241, 696801.772109071258456 ], [ 734672.324645870132372, 696775.076554650091566 ], [ 734724.849639675929211, 696767.940407906076871 ], [ 734739.927373010898009, 696769.32332898885943 ], [ 734771.295817448757589, 696769.487088273279369 ], [ 734776.508222051896155, 696774.275839622365311 ], [ 734787.271344216773286, 696784.151942266966216 ], [ 734794.834382050088607, 696781.965511151007377 ], [ 734796.013532457407564, 696762.992623824393377 ], [ 734795.137291052262299, 696750.25308270403184 ], [ 734837.174621905200183, 696734.071079604327679 ], [ 734847.85000292933546, 696726.137538930750452 ], [ 734864.485419922159053, 696719.74903417925816 ], [ 734921.275342155015096, 696721.564801529399119 ], [ 734936.730854712775908, 696705.835176452994347 ], [ 734945.467956220032647, 696705.297156334971078 ], [ 734958.041736322105862, 696692.912549079395831 ], [ 734963.384829966234975, 696634.000155498972163 ], [ 734967.13341757201124, 696589.943356100586243 ], [ 734991.110833082231693, 696526.965502834878862 ], [ 735031.194230379303917, 696496.993668847251683 ], [ 735044.328371383831836, 696471.038319121696986 ], [ 735043.841383149381727, 696455.918681106762961 ], [ 735067.724972862633877, 696449.502682736027054 ], [ 735078.114230745937675, 696440.119475059211254 ], [ 735081.337345778592862, 696427.100087274680845 ], [ 735089.911073499475606, 696406.084939175867476 ], [ 735118.053070202702656, 696372.436466462211683 ], [ 735147.878502991748974, 696343.302838131203316 ], [ 735156.783629064448178, 696341.193013197043911 ], [ 735182.780698174261488, 696335.041207136819139 ], [ 735216.000067382468842, 696336.886739343986847 ], [ 735244.527452244306915, 696325.604367092368193 ], [ 735244.527452244306915, 687436.891231601592153 ] ] ] } },
{ "type": "Feature", "properties": { "cell_id": 78, "parish": "St. Catherine", "centroid_x": 740077.62922940636, "centroid_y": 643182.2746149319, "land_area_km2": 84.29949469411028, "total_buildings": 36, "damaged_buildings": 14, "Damage_Ratio": 0.3888888888888889, "Dist_km": 52.690730046350339, "Delta_P": 111.72603909154304, "DeltaP_x_Dist": 5886.9265649204799, "Pop_Dens": 594.70158400229354, "ln_Pop_Dens": 6.3897398436915287, "Delta_P_c": -1.6519009717565183, "Dist_km_c": -0.37119928268364788, "DeltaP_x_Dist_c": 0.61318445578044045, "hat_y_ols": 0.30330400110068378, "hat_y_frac": 0.28107884090892093, "residual_frac": 0.10781004797996796, "abs_residual_frac": 0.10781004797996796, "basis_risk_category": "Severe Under-Coverage" }, "geometry": { "type": "MultiPolygon", "coordinates": [ [ [ [ 735244.527452244306915, 637436.891231601592153 ], [ 735244.527452244306915, 647436.891231601592153 ], [ 745244.527452244306915, 647436.891231601592153 ], [ 745244.527452244306915, 638654.100641303346492 ], [ 745171.794533486478031, 638720.223037170711905 ], [ 745075.102288758382201, 638811.037355989450589 ], [ 745024.076599954511039, 638923.212733548134565 ], [ 744916.628597118076868, 639006.028449119068682 ], [ 744854.842818660777994, 639054.112608232069761 ], [ 744787.705492313834839, 639139.574827630654909 ], [ 744755.48502028954681, 639230.384814810822718 ], [ 744715.198040177114308, 639270.450501420884393 ], [ 744664.145138531806879, 639270.464300427120179 ], [ 744575.497080296743661, 639310.543468453572132 ], [ 744551.333439595880918, 639371.966182808158919 ], [ 744505.68086210032925, 639433.394927182234824 ], [ 744417.049798792344518, 639529.556094424799085 ], [ 744371.380527411471121, 639566.956649397267029 ], [ 744320.348255350370891, 639599.013042703038082 ], [ 744266.613835365045816, 639593.693899823236279 ], [ 744134.958186624688096, 639561.679986989591271 ], [ 744070.508152211434208, 639652.500771922059357 ], [ 743987.250757093192078, 639743.316453007631935 ], [ 743947.436770061613061, 639728.065977751975879 ], [ 743917.21213561296463, 639781.234668419114314 ], [ 743880.024667640798725, 639829.790240574046038 ], [ 743828.863199591054581, 639850.61398850963451 ], [ 743756.766734550124966, 639846.010364417918026 ], [ 743703.25876876199618, 639818.291160977096297 ], [ 743645.105864348937757, 639779.018667282653041 ], [ 743568.34230888239108, 639728.186424505896866 ], [ 743526.455272545106709, 639661.161620786529966 ], [ 743482.265809021075256, 639649.621293560601771 ], [ 743412.49604387418367, 639665.825903155608103 ], [ 743342.729525340371765, 639691.272496183868498 ], [ 743261.330606718314812, 639691.300247092614882 ], [ 743191.539542776416056, 639645.093490965198725 ], [ 743135.708167276461609, 639582.700762827415019 ], [ 743049.621120236348361, 639481.016597555717453 ], [ 742958.874983838875778, 639390.889420704566874 ], [ 742923.965587025973946, 639316.934882440720685 ], [ 742912.316470919991843, 639247.587337731267326 ], [ 742944.835920757730491, 639157.416157532134093 ], [ 742905.279251341358759, 639097.331466480274685 ], [ 742854.104295667493716, 639083.481879417318851 ], [ 742833.191609789966606, 639125.093897404032759 ], [ 742793.651490866323002, 639111.240226874244399 ], [ 742719.226863174699247, 639122.822599489125423 ], [ 742698.275559380883351, 639088.154506808146834 ], [ 742630.821778541314416, 639067.383025355753489 ], [ 742537.805686132400297, 639092.841200334602036 ], [ 742491.314078817842528, 639162.210650601307862 ], [ 742489.004094540025108, 639217.695139186573215 ], [ 742430.895074324915186, 639303.250519042019732 ], [ 742358.834931361605413, 639398.053231720812619 ], [ 742349.607966543058865, 639594.54608114680741 ], [ 742347.36416250304319, 639818.772519829217345 ], [ 742319.576980518992059, 640105.421138123027049 ], [ 742289.936585613409989, 640176.63288062333595 ], [ 742259.142982983612455, 640197.906525376834907 ], [ 742159.166720823966898, 640264.984759234008379 ], [ 741982.420704309828579, 640295.105586610618047 ], [ 741917.32799684361089, 640339.049896626151167 ], [ 741847.564849124988541, 640362.19967679027468 ], [ 741770.812474009115249, 640343.737126737018116 ], [ 741714.976748172310181, 640302.156158712226897 ], [ 741649.854416598798707, 640299.870527773047797 ], [ 741614.992018186720088, 640343.803014325210825 ], [ 741605.654418123885989, 640262.900265697040595 ], [ 741559.121200982714072, 640221.315770118613727 ], [ 741510.276294825482182, 640200.529066741815768 ], [ 741526.529483163147233, 640149.664810371119529 ], [ 741498.590111552970484, 640080.336164121632464 ], [ 741442.785803950275294, 640089.602130841929466 ], [ 741370.651644326513633, 640022.595102508552372 ], [ 741382.607011053012684, 639981.605233282200061 ], [ 741386.415814423467964, 639968.554449315415695 ], [ 741391.557705315994099, 639950.932018524385057 ], [ 741317.13402132014744, 639955.591173211461864 ], [ 741282.246113407658413, 639941.738481487031095 ], [ 741149.62220465275459, 639812.347037665429525 ], [ 741079.795113162253983, 639696.796026749885641 ], [ 740993.70427909202408, 639608.9889986255439 ], [ 740986.690692159696482, 639541.953656066325493 ], [ 741019.232550979359075, 639498.021139104734175 ], [ 741042.464776084059849, 639440.213714588084258 ], [ 740993.582413337659091, 639343.14803742559161 ], [ 741054.004666198859923, 639232.164277993724681 ], [ 741181.843375721480697, 639054.100733826984651 ], [ 741209.728444352513179, 638996.302504687919281 ], [ 741218.991817267611623, 638906.138898494536988 ], [ 741244.542880239896476, 638841.40216798754409 ], [ 741144.507949881255627, 638785.9634078158997 ], [ 741095.693613049457781, 638841.469063685741276 ], [ 741084.092204152490012, 638915.441384906880558 ], [ 740988.738755337893963, 638924.73768785118591 ], [ 740946.85931068379432, 638897.009608001913875 ], [ 740856.156615853775293, 638903.991211799555458 ], [ 740753.788585819420405, 638846.242324380436912 ], [ 740700.305042817257345, 638862.448898905306123 ], [ 740679.359402881120332, 638825.480828786501661 ], [ 740630.514932557707652, 638837.058992946636863 ], [ 740607.28495929937344, 638876.372348488657735 ], [ 740518.895107405260205, 638867.16200352658052 ], [ 740439.838155056699179, 638918.057509910315275 ], [ 740407.26277412311174, 638892.65032293216791 ], [ 740286.357047216384672, 638957.435058038798161 ], [ 740230.976985293324105, 638994.064205205417238 ], [ 740215.850472062942572, 639025.781391018303111 ], [ 740198.687527768895961, 639053.548348941141739 ], [ 740226.645676794229075, 639127.169454812887125 ], [ 740244.929175080964342, 639179.456407196470536 ], [ 740286.815917685511522, 639199.723197536775842 ], [ 740385.600738280685619, 639190.067631777375937 ], [ 740446.819662136840634, 639219.92122089327313 ], [ 740454.356296693207696, 639269.003895371221006 ], [ 740504.841881197527982, 639300.998998041264713 ], [ 740548.872971259406768, 639308.448630935861729 ], [ 740578.960675304639153, 639362.86633867083583 ], [ 740558.574208901380189, 639386.362306983792223 ], [ 740581.151108793099411, 639445.044791156426072 ], [ 740545.748774131643586, 639510.163459847914055 ], [ 740499.57485887024086, 639518.730188994319178 ], [ 740458.800408321782015, 639561.439022027305327 ], [ 740418.380573200876825, 639570.468002598034218 ], [ 740396.523151298286393, 639575.348571624374017 ], [ 740392.2113658079179, 639533.724128604866564 ], [ 740371.786455542896874, 639499.578441991237924 ], [ 740334.178243768634275, 639451.573086166754365 ], [ 740311.626396795734763, 639445.175852954620495 ], [ 740313.747957276296802, 639385.407894949777983 ], [ 740329.829004717757925, 639334.17751806799788 ], [ 740319.065552797866985, 639274.415911289397627 ], [ 740249.240822303923778, 639220.018285603960976 ], [ 740213.813661705120467, 639233.9040354633471 ], [ 740197.732304284116253, 639284.071981377201155 ], [ 740226.77203838666901, 639381.189808948663995 ], [ 740252.562705424265005, 639422.792475491878577 ], [ 740242.920168873621151, 639465.486332987551577 ], [ 740205.34403269761242, 639482.582872638828121 ], [ 740158.108542930567637, 639508.228776165400632 ], [ 740111.954512239783071, 639534.925704455119558 ], [ 740065.779763731407002, 639541.357339901616797 ], [ 740020.669041871209629, 639514.695380129036494 ], [ 739964.817196017946117, 639474.170869914349169 ], [ 739904.677867491845973, 639462.458588134730235 ], [ 739811.25861341773998, 639456.109539641533047 ], [ 739718.900015156134032, 639431.608947190223262 ], [ 739650.166327796294354, 639418.839421062613837 ], [ 739591.086533318273723, 639367.637107665766962 ], [ 739508.381900690030307, 639326.054552499437705 ], [ 739381.633233893080615, 639254.612647357978858 ], [ 739283.910139102838002, 639247.19484243739862 ], [ 739221.625745987636037, 639229.088550215121359 ], [ 739174.337408655323088, 639157.604554736288264 ], [ 739181.842598466435447, 639124.518333234009333 ], [ 739221.55782560503576, 639105.282553051016293 ], [ 739177.548712661373429, 639062.529140181839466 ], [ 739133.65560063754674, 639095.746133044711314 ], [ 739119.450471413671039, 639104.088157063699327 ], [ 739097.852707273908891, 639099.861106958240271 ], [ 739082.205547747318633, 639087.440493943635374 ], [ 739069.978804423240945, 639071.066734152962454 ], [ 739058.320097403018735, 639066.269735649460927 ], [ 739014.54340134235099, 639042.000026199501008 ], [ 738974.448605261277407, 639007.844673991203308 ], [ 738920.983264151029289, 638958.998710021493025 ], [ 738878.18928942119237, 638911.873448443366215 ], [ 738852.706987121724524, 638878.462701123091392 ], [ 738858.898023386835121, 638864.502513218321837 ], [ 738854.328537953551859, 638860.288218600442633 ], [ 738845.185594163602218, 638863.536314718658105 ], [ 738833.4394237883389, 638872.96180673094932 ], [ 738807.296498887822963, 638833.386650374042802 ], [ 738772.984859545249492, 638777.590592138469219 ], [ 738751.736753288074397, 638718.544205433689058 ], [ 738741.897534636198543, 638653.315391819109209 ], [ 738748.412786694592796, 638631.895192822790705 ], [ 738766.688843811978586, 638607.878370373742655 ], [ 738771.256180149852298, 638608.196729871211573 ], [ 738781.039141672314145, 638593.592526821652427 ], [ 738786.257175386766903, 638582.875780974514782 ], [ 738791.799455787986517, 638564.699059407692403 ], [ 738793.094884859281592, 638550.741647003917024 ], [ 738781.665926612680778, 638540.687411158229224 ], [ 738771.872742257430218, 638537.450098635745235 ], [ 738754.896676485426724, 638537.138837086502463 ], [ 738742.161140625015832, 638540.068066620151512 ], [ 738733.02030039508827, 638547.212128146202303 ], [ 738715.72282683767844, 638559.230770902591757 ], [ 738708.544028894044459, 638550.790056334109977 ], [ 738693.196920639486052, 638563.781576982582919 ], [ 738672.312014562310651, 638565.74156454205513 ], [ 738691.579602907178923, 638589.094888967461884 ], [ 738673.97065328003373, 638612.148485562880524 ], [ 738656.675707607064396, 638628.384065077407286 ], [ 738639.708722666488029, 638643.645491514122114 ], [ 738624.043270078254864, 638655.66327223344706 ], [ 738614.572902784915641, 638660.859622520161793 ], [ 738595.620930561330169, 638633.610273907659575 ], [ 738543.403959951363504, 638675.499607904115692 ], [ 738564.643127361428924, 638699.825638883165084 ], [ 738555.502993359579705, 638707.943762301583774 ], [ 738565.959158615092747, 638721.562311152694747 ], [ 738565.316548308474012, 638728.059567176853307 ], [ 738555.205320480745286, 638742.664070257800631 ], [ 738531.376489490969107, 638765.721421233261935 ], [ 738532.041997090447694, 638780.319648944074288 ], [ 738560.135890208999626, 638802.693718889146112 ], [ 738544.48384263261687, 638819.22727724770084 ], [ 738530.306760234874673, 638802.92140074132476 ], [ 738514.1033348091878, 638800.673006305354647 ], [ 738489.943538314895704, 638801.218406289350241 ], [ 738452.076663052779622, 638810.00643708545249 ], [ 738406.048384944326244, 638815.224409756949171 ], [ 738371.764383277855814, 638808.105847615632229 ], [ 738307.569673702470027, 638788.819317885674536 ], [ 738250.660098898690194, 638796.32412934594322 ], [ 738201.259025612613186, 638796.353733831783757 ], [ 738184.060213770251721, 638760.083353635389358 ], [ 738129.288162234472111, 638745.174647497246042 ], [ 738042.313475565402769, 638748.426024342654273 ], [ 737922.055562053225003, 638769.838576351990923 ], [ 737943.570150706334971, 638827.467208936344832 ], [ 737822.219427722971886, 638811.526735942927189 ], [ 737737.384257708094083, 638812.653091928805225 ], [ 737706.233702232362702, 638800.929471243638545 ], [ 737606.324121401528828, 638725.210036762873642 ], [ 737568.751563610159792, 638746.583834811463021 ], [ 737447.3666240851162, 638678.349671282689087 ], [ 737265.741442535654642, 638663.07104213826824 ], [ 737111.81785001757089, 638635.136311168433167 ], [ 736975.820863454486243, 638571.485714706708677 ], [ 736639.623673988273367, 638326.943940398283303 ], [ 736552.328172412002459, 638219.921178434393369 ], [ 736500.951737821102142, 638107.771780535578728 ], [ 736323.889398030587472, 638018.653441449743696 ], [ 736111.338675915263593, 637933.24737852124963 ], [ 736085.187058978131972, 637920.836587895057164 ], [ 735985.066384262870997, 637831.63376744883135 ], [ 735928.178423909004778, 637768.387965909321792 ], [ 735851.616642691660672, 637639.091979685006663 ], [ 735782.474351953016594, 637527.798461177619174 ], [ 735777.097191927488893, 637463.209886673488654 ], [ 735780.795049151405692, 637436.891231601592153 ], [ 735244.527452244306915, 637436.891231601592153 ] ] ], [ [ [ 741385.295715146348812, 637436.891231601592153 ], [ 741394.909414664842188, 637442.459147673333064 ], [ 741462.447063633007929, 637445.285212412942201 ], [ 741505.203904447844252, 637436.891231601592153 ], [ 741385.295715146348812, 637436.891231601592153 ] ] ], [ [ [ 741708.157825892791152, 637436.891231601592153 ], [ 741718.247203831211664, 637478.025353405741043 ], [ 741754.185673322179355, 637510.859862619778141 ], [ 741857.657716321642511, 637537.9552829725435 ], [ 741958.265227803844027, 637583.613344628596678 ], [ 742054.562691910075955, 637637.851313442690298 ], [ 742124.978276210953481, 637657.822721130913123 ], [ 742218.390081027522683, 637679.201955982367508 ], [ 742262.919665258959867, 637626.346055790549144 ], [ 742265.772943879128434, 637579.206604629405774 ], [ 742320.370252360473387, 637553.47438107826747 ], [ 742426.723039126605727, 637606.282481559319422 ], [ 742504.342552208690904, 637649.096687630051747 ], [ 742511.555190766928717, 637721.94307764119003 ], [ 742564.707431835937314, 637686.217737284023315 ], [ 742671.050850618397817, 637717.599647304741666 ], [ 742742.905670113977976, 637734.706138422596268 ], [ 742833.438892959035002, 637740.383962785941549 ], [ 742896.673398843966424, 637744.644290901836939 ], [ 742967.105638045701198, 637814.612571174395271 ], [ 743090.730857608257793, 637934.534057159791701 ], [ 743168.332065303111449, 637963.073263537720777 ], [ 743164.044928772607818, 638037.340604125056416 ], [ 743204.26771774305962, 637997.338198433979414 ], [ 743254.558985003153794, 637991.609813638497144 ], [ 743291.908316034940071, 637945.897520611993968 ], [ 743350.7856188446749, 637853.039667903096415 ], [ 743365.12242219352629, 637755.913696666830219 ], [ 743409.669286599266343, 637745.90436011669226 ], [ 743439.81731206283439, 637680.183948260731995 ], [ 743448.431004767306149, 637643.048157540848479 ], [ 743490.09526467800606, 637631.612202122923918 ], [ 743508.785624243784696, 637654.461300838156603 ], [ 743546.128680837107822, 637585.894221563939936 ], [ 743524.558924484532326, 637540.19075605191756 ], [ 743527.424182410119101, 637520.190057909931056 ], [ 743569.086412303382531, 637501.615455267718062 ], [ 743591.943560896674171, 637436.891231601592153 ], [ 741708.157825892791152, 637436.891231601592153 ] ] ] ] } },
{ "type": "Feature", "properties": { "cell_id": 79, "parish": "St. Catherine", "centroid_x": 740244.52745224419, "centroid_y": 652436.89123160159, "land_area_km2": 100.0, "total_buildings": 64, "damaged_buildings": 16, "Damage_Ratio": 0.25, "Dist_km": 59.5850947031511, "Delta_P": 112.67392479709918, "DeltaP_x_Dist": 6713.6864796108794, "Pop_Dens": 656.18448153409088, "ln_Pop_Dens": 6.4879647728808081, "Delta_P_c": -0.70401526620038624, "Dist_km_c": 6.5231653741171129, "DeltaP_x_Dist_c": -4.592408007328201, "hat_y_ols": 0.27719326558292667, "hat_y_frac": 0.25823905951605036, "residual_frac": -0.0082390595160503621, "abs_residual_frac": 0.0082390595160503621, "basis_risk_category": "Concordant Alignment" }, "geometry": { "type": "Polygon", "coordinates": [ [ [ 735244.527452244306915, 647436.891231601592153 ], [ 735244.527452244306915, 657436.891231601592153 ], [ 745244.527452244306915, 657436.891231601592153 ], [ 745244.527452244306915, 647436.891231601592153 ], [ 735244.527452244306915, 647436.891231601592153 ] ] ] } },
{ "type": "Feature", "properties": { "cell_id": 80, "parish": "St. Catherine", "centroid_x": 740244.52745224419, "centroid_y": 662436.89123160159, "land_area_km2": 100.0, "total_buildings": 52, "damaged_buildings": 15, "Damage_Ratio": 0.28846153846153844, "Dist_km": 66.368710352945314, "Delta_P": 114.55880041380522, "DeltaP_x_Dist": 7603.1198430447103, "Pop_Dens": 380.88642282196969, "ln_Pop_Dens": 5.9451232419419142, "Delta_P_c": 1.1808603505056539, "Dist_km_c": 13.306781023911327, "DeltaP_x_Dist_c": 15.713450103997912, "hat_y_ols": 0.25324233142779679, "hat_y_frac": 0.23809320826051952, "residual_frac": 0.050368330201018857, "abs_residual_frac": 0.050368330201018857, "basis_risk_category": "Concordant Alignment" }, "geometry": { "type": "Polygon", "coordinates": [ [ [ 735244.527452244306915, 657436.891231601592153 ], [ 735244.527452244306915, 667436.891231601592153 ], [ 745244.527452244306915, 667436.891231601592153 ], [ 745244.527452244306915, 657436.891231601592153 ], [ 735244.527452244306915, 657436.891231601592153 ] ] ] } },
{ "type": "Feature", "properties": { "cell_id": 81, "parish": "St. Catherine", "centroid_x": 740244.52745224419, "centroid_y": 672436.89123160159, "land_area_km2": 100.0, "total_buildings": 62, "damaged_buildings": 10, "Damage_Ratio": 0.16129032258064516, "Dist_km": 73.055799756647147, "Delta_P": 115.63523021034143, "DeltaP_x_Dist": 8447.8242230604992, "Pop_Dens": 181.98397549715909, "ln_Pop_Dens": 5.2093985834180367, "Delta_P_c": 2.2572901470418714, "Dist_km_c": 19.99387042761316, "DeltaP_x_Dist_c": 45.131966717483031, "hat_y_ols": 0.21908047149188659, "hat_y_frac": 0.2073569447411939, "residual_frac": -0.046066622160548798, "abs_residual_frac": 0.046066622160548798, "basis_risk_category": "Concordant Alignment" }, "geometry": { "type": "Polygon", "coordinates": [ [ [ 735244.527452244306915, 667436.891231601592153 ], [ 735244.527452244306915, 677436.891231601592153 ], [ 745244.527452244306915, 677436.891231601592153 ], [ 745244.527452244306915, 667436.891231601592153 ], [ 735244.527452244306915, 667436.891231601592153 ] ] ] } },
{ "type": "Feature", "properties": { "cell_id": 82, "parish": "St. Ann", "centroid_x": 740244.52745224419, "centroid_y": 682436.89123160159, "land_area_km2": 100.0, "total_buildings": 57, "damaged_buildings": 9, "Damage_Ratio": 0.15789473684210525, "Dist_km": 79.74288916034898, "Delta_P": 116.71166000687754, "DeltaP_x_Dist": 9306.9249676487707, "Pop_Dens": 123.67972449100378, "ln_Pop_Dens": 4.8257482451678193, "Delta_P_c": 3.3337199435779752, "Dist_km_c": 26.680959831314993, "DeltaP_x_Dist_c": 88.946847903457638, "hat_y_ols": 0.18206121603190392, "hat_y_frac": 0.18251355738707378, "residual_frac": -0.024618820544968584, "abs_residual_frac": 0.024618820544968584, "basis_risk_category": "Concordant Alignment" }, "geometry": { "type": "Polygon", "coordinates": [ [ [ 735244.527452244306915, 677436.891231601592153 ], [ 735244.527452244306915, 687436.891231601592153 ], [ 745244.527452244306915, 687436.891231601592153 ], [ 745244.527452244306915, 677436.891231601592153 ], [ 735244.527452244306915, 677436.891231601592153 ] ] ] } },
{ "type": "Feature", "properties": { "cell_id": 83, "parish": "St. Ann", "centroid_x": 740324.32419144607, "centroid_y": 691718.94491120498, "land_area_km2": 85.415151060295756, "total_buildings": 49, "damaged_buildings": 5, "Damage_Ratio": 0.10204081632653061, "Dist_km": 86.009212253856234, "Delta_P": 117.70308266712811, "DeltaP_x_Dist": 10123.549420050209, "Pop_Dens": 95.312843605324076, "ln_Pop_Dens": 4.5676016806827864, "Delta_P_c": 4.325142603828553, "Dist_km_c": 32.947282924822247, "DeltaP_x_Dist_c": 142.50169705854171, "hat_y_ols": 0.14428519420693156, "hat_y_frac": 0.16148573641059097, "residual_frac": -0.059444920084060368, "abs_residual_frac": 0.059444920084060368, "basis_risk_category": "Concordant Alignment" }, "geometry": { "type": "Polygon", "coordinates": [ [ [ 745244.527452244306915, 687436.891231601592153 ], [ 735244.527452244306915, 687436.891231601592153 ], [ 735244.527452244306915, 696325.604367092368193 ], [ 735253.771097565535456, 696321.948572914930992 ], [ 735315.110664841369726, 696302.720234739361331 ], [ 735365.185713298968039, 696281.120705886394717 ], [ 735430.267774778185412, 696250.444778570556082 ], [ 735526.162980302236974, 696224.804728034534492 ], [ 735591.779637689469382, 696202.120630584307946 ], [ 735614.826686633517966, 696206.896490161889233 ], [ 735625.026563679799438, 696226.868214488262311 ], [ 735622.357954970793799, 696247.369619646575302 ], [ 735645.38251988356933, 696279.219857005635276 ], [ 735655.900294090970419, 696314.986569815431722 ], [ 735676.276988353114575, 696338.138695827336051 ], [ 735722.353161929291673, 696338.105059958063066 ], [ 735793.349118981393985, 696332.198039953014813 ], [ 735839.682295630103908, 696307.658131546573713 ], [ 735897.004886182490736, 696299.370511596091092 ], [ 735921.643928381265141, 696284.974395963246934 ], [ 735929.935623639612459, 696267.125506600830704 ], [ 735944.132086294703186, 696262.056866380968131 ], [ 735963.152974549913779, 696266.094414766528644 ], [ 735989.142078508506529, 696263.087229519034736 ], [ 735981.352116990368813, 696243.921613222220913 ], [ 735980.278896155068651, 696235.399393185391091 ], [ 735992.861047664657235, 696218.610068588750437 ], [ 735998.237459652125835, 696216.558494299766608 ], [ 736008.926909366855398, 696212.477533069206402 ], [ 736039.733276231097989, 696208.459713290096261 ], [ 736063.313744925428182, 696205.775339096551761 ], [ 736079.123255167622119, 696210.556895125890151 ], [ 736086.642218732042238, 696235.057910426985472 ], [ 736096.293298288597725, 696241.703416491625831 ], [ 736106.465285550570115, 696237.966008821036667 ], [ 736110.483402727404609, 696227.580610611708835 ], [ 736124.670315897441469, 696223.840366292977706 ], [ 736136.195846654940397, 696221.706993763917126 ], [ 736149.060734008671716, 696231.017835981096141 ], [ 736153.422778585343622, 696228.845264500239864 ], [ 736157.626395381987095, 696226.750287650967948 ], [ 736159.500856958678924, 696217.9603239686694 ], [ 736173.423459602636285, 696213.954650219180621 ], [ 736192.178288615308702, 696215.269679849036038 ], [ 736225.667036963510327, 696209.390701088588685 ], [ 736248.701024373527616, 696195.793083045398816 ], [ 736255.115556235890836, 696182.47279766399879 ], [ 736262.083435601904057, 696174.752946577500552 ], [ 736277.346238137106411, 696168.344474663957953 ], [ 736290.743230505497195, 696168.069443213171326 ], [ 736299.055237844353542, 696178.711827236344106 ], [ 736332.532032342860475, 696170.707827755133621 ], [ 736329.84945908060763, 696157.128264999017119 ], [ 736339.210374634363689, 696141.669671509647742 ], [ 736362.786518541863188, 696132.598956095171161 ], [ 736500.694808441447094, 696049.000321488711052 ], [ 736525.070208281744272, 696034.228814974660054 ], [ 736656.85631486074999, 695988.335873826872557 ], [ 736727.432120238197967, 695968.209110646741465 ], [ 736741.620600410969928, 695950.721853688941337 ], [ 736761.248408682411537, 695883.299539527273737 ], [ 736761.330290699959733, 695863.751971195102669 ], [ 736755.61995925498195, 695840.998364936327562 ], [ 736759.891362762777135, 695829.550332215614617 ], [ 736790.320385171566159, 695781.88965227722656 ], [ 736863.254937255987898, 695748.523507552105002 ], [ 736915.423145319800824, 695739.755308322259225 ], [ 737118.548842134536244, 695703.879526581964456 ], [ 737409.76649708696641, 695591.308663457049988 ], [ 737512.25945759343449, 695563.803507867269218 ], [ 737531.782616345910355, 695576.199197240290232 ], [ 737555.898678591358475, 695566.852865559514612 ], [ 737564.349813059321605, 695547.676338701858185 ], [ 737594.348034183611162, 695533.400706486194395 ], [ 737652.908070066827349, 695505.536751936539076 ], [ 737681.949404477607459, 695532.0061046424089 ], [ 737731.505437367362902, 695467.311090196948498 ], [ 737740.610639102756977, 695479.923819248448126 ], [ 737769.306782075786032, 695478.256632070639171 ], [ 737776.148730740649626, 695470.559547592885792 ], [ 737869.719286311184987, 695365.347824252210557 ], [ 737929.331690020509996, 695346.305883681634441 ], [ 738004.167787968995981, 695254.798478164128028 ], [ 738052.346811125520617, 695198.938051817356609 ], [ 738035.150331534212455, 695155.503544162027538 ], [ 738082.598909526132047, 695114.199107314343564 ], [ 738127.228337679058313, 695110.773891486693174 ], [ 738205.236351379659027, 695054.740840629674494 ], [ 738227.028109958977439, 695061.811757205519825 ], [ 738244.319498953176662, 695070.291134124505334 ], [ 738265.894520592642948, 695086.018016570596956 ], [ 738282.924417941365391, 695099.013650310575031 ], [ 738307.702999638859183, 695118.214263706933707 ], [ 738319.491750042652711, 695130.748169634258375 ], [ 738319.349994350923225, 695141.097572261583991 ], [ 738322.217037184396759, 695147.161559777567163 ], [ 738330.613172208424658, 695158.258552993997 ], [ 738326.96827894821763, 695178.302327566430904 ], [ 738332.400802635936998, 695179.277120808954351 ], [ 738335.441817930550314, 695183.644918630248867 ], [ 738337.792382743908092, 695184.066696815076284 ], [ 738338.967430166900158, 695187.774042203091085 ], [ 738334.372905008378439, 695190.698938242974691 ], [ 738294.614178267423995, 695211.089228580938652 ], [ 738271.695719261537306, 695245.471533293835819 ], [ 738276.600352286943235, 695284.0654767525848 ], [ 738295.050004021148197, 695303.889722113730386 ], [ 738313.542251022066921, 695312.729230917990208 ], [ 738346.211837094044313, 695323.21854105964303 ], [ 738368.138271777890623, 695326.360116409370676 ], [ 738418.118695369688794, 695331.400012359139509 ], [ 738431.007857227814384, 695328.990468406816944 ], [ 738489.506257483037189, 695301.062651096843183 ], [ 738494.330821609473787, 695294.031133444514126 ], [ 738495.74311300041154, 695287.96460554166697 ], [ 738494.894518496934325, 695282.331088350270875 ], [ 738490.359246366308071, 695278.205092628137209 ], [ 738482.983824533293955, 695277.700262618018314 ], [ 738474.204982817289419, 695280.373004479915835 ], [ 738468.570385709637776, 695293.437495805788785 ], [ 738426.61595606082119, 695317.160522013669834 ], [ 738417.117986951372586, 695318.715766385779716 ], [ 738405.495246477541514, 695318.589816133026034 ], [ 738382.120373017271049, 695313.954770808690228 ], [ 738378.146031218348071, 695311.42237439926248 ], [ 738375.797620582277887, 695306.797012055292726 ], [ 738379.697859025909565, 695291.276250260532834 ], [ 738389.1655724971788, 695256.48142177471891 ], [ 738400.472194553818554, 695240.15932463738136 ], [ 738446.072790621314198, 695217.662731429561973 ], [ 738455.716277355095372, 695194.003040150040761 ], [ 738473.600048311753199, 695150.12689445563592 ], [ 738478.182989540859126, 695145.419963012100197 ], [ 738588.797187993768603, 695158.648837602348067 ], [ 738650.00439340795856, 695190.845598841784522 ], [ 738701.277020880952477, 695237.493053271085955 ], [ 738780.570866999798454, 695358.329770610900596 ], [ 738809.029427200322971, 695439.702345201745629 ], [ 738810.549021551501937, 695491.857647864264436 ], [ 738808.454141420545056, 695542.410044996533543 ], [ 738787.459853596752509, 695616.6604875754565 ], [ 738772.470669298549183, 695641.773112032329664 ], [ 738594.744058171054348, 695609.167469475069083 ], [ 738594.17208470555488, 695624.885499005089514 ], [ 738686.869517674203962, 695648.098368106875569 ], [ 738788.536492246435955, 695670.15538623125758 ], [ 738804.440441000391729, 695692.693440241971985 ], [ 738799.012379190884531, 695753.010449172230437 ], [ 738775.406335091684014, 695749.537287283339538 ], [ 738764.282192148384638, 695752.454759460524656 ], [ 738761.171834185253829, 695763.890617688186467 ], [ 738768.868526665028185, 695772.221012936090119 ], [ 738801.933329303166829, 695761.376794781768695 ], [ 738851.334926053415984, 695772.594523238250986 ], [ 738955.083256067475304, 695777.19572242256254 ], [ 739029.738875947194174, 695772.892284892033786 ], [ 739053.724873905768618, 695737.934655471122824 ], [ 739134.772509911563247, 695694.654794716392644 ], [ 739279.262799698510207, 695679.36665701190941 ], [ 739371.703674210817553, 695679.593007618328556 ], [ 739444.578483123099431, 695663.76949611667078 ], [ 739549.965007977443747, 695688.274667395511642 ], [ 739673.58119915437419, 695679.984997949330136 ], [ 739722.693857180420309, 695704.930388331296854 ], [ 739742.376234553055838, 695741.845597753068432 ], [ 739723.944462971179746, 695772.670805652625859 ], [ 739759.435716417385265, 695834.615387603756972 ], [ 739932.867624205071479, 695844.697728135390207 ], [ 740062.262596632703207, 695815.830631374381483 ], [ 740151.98645158240106, 695814.158207716885954 ], [ 740179.541607685154304, 695813.303146060090512 ], [ 740213.724997542798519, 695755.960705420933664 ], [ 740217.254434807226062, 695756.866584482137114 ], [ 740268.093093918520026, 695769.924588889814913 ], [ 740283.283015724737197, 695805.027294555096887 ], [ 740308.128081943490542, 695814.888360736193135 ], [ 740462.288943331339397, 695783.742566874134354 ], [ 740666.527901924564503, 695721.182941650855355 ], [ 740686.673953075660393, 695737.079222809989005 ], [ 740724.331616573152132, 695716.94934271229431 ], [ 740728.08330297737848, 695740.989005402778275 ], [ 740778.581393150496297, 695727.007410459569655 ], [ 740802.377205386408605, 695707.791852419613861 ], [ 740804.515608960995451, 695694.02125928667374 ], [ 740818.957766861887649, 695691.103390876436606 ], [ 740825.397276618285105, 695701.571460349950939 ], [ 740817.797050227294676, 695716.905311739305034 ], [ 740827.248991819680668, 695729.884588779881597 ], [ 740865.680384552688338, 695737.271660707890987 ], [ 740872.166790021932684, 695757.768060056492686 ], [ 740887.898785480996594, 695756.664924813550897 ], [ 740903.878754527657293, 695720.728165586013347 ], [ 740925.124114419682883, 695715.22818677010946 ], [ 740951.770044215838425, 695712.780725283082575 ], [ 740997.148440537392162, 695708.620087051647715 ], [ 741001.844587331172079, 695719.310392148094252 ], [ 741079.940076010650955, 695703.457359664374962 ], [ 741116.896017015096731, 695695.946988835115917 ], [ 741167.95318687451072, 695702.509840919170529 ], [ 741257.560099571477622, 695697.865026558632962 ], [ 741306.84216031129472, 695680.631109948502854 ], [ 741337.789816934382543, 695681.181910414714366 ], [ 741416.702669827034697, 695648.903760486398824 ], [ 741473.512567810015753, 695666.655446061398834 ], [ 741542.972778019611724, 695691.541208652430214 ], [ 741603.65762677101884, 695703.51368627208285 ], [ 741635.78639847273007, 695723.623024042346515 ], [ 741653.233933761483058, 695756.246411890722811 ], [ 741651.313295198604465, 695811.325595900416374 ], [ 741657.574693470727652, 695851.281312664505094 ], [ 741679.030310056172311, 695843.125547304283828 ], [ 741691.413526479620486, 695818.514339160523377 ], [ 741777.574582927394658, 695861.834494120557792 ], [ 741831.63377112231683, 695898.527107069501653 ], [ 741817.216356793651357, 695935.381180408759974 ], [ 741832.048637194791809, 695955.929765351233073 ], [ 741852.738884884747677, 695962.130750613287091 ], [ 741887.639343464514241, 695941.240496765938587 ], [ 741951.057846128940582, 695922.91760013520252 ], [ 742043.488457117578946, 695900.808642048039474 ], [ 742060.994201013119891, 695896.628600138938054 ], [ 742134.501165837515146, 695899.288668997352943 ], [ 742215.735643761814572, 695911.952142301946878 ], [ 742303.175117815262638, 695932.295265650027432 ], [ 742366.243352936115116, 695963.030802881228738 ], [ 742419.656129794777371, 696025.681653497042134 ], [ 742432.037954856292345, 696022.710425553610548 ], [ 742422.944062578608282, 696030.871652869042009 ], [ 742445.491618509171531, 696086.72722672438249 ], [ 742451.508415226242505, 696126.982171774026938 ], [ 742471.164171204552986, 696164.099401771090925 ], [ 742410.709921162459068, 696224.126762450207025 ], [ 742370.557586925686337, 696297.373633951996453 ], [ 742430.756692624883726, 696343.562586583895609 ], [ 742445.544464294682257, 696388.153140718699433 ], [ 742513.372346637421288, 696381.59649941616226 ], [ 742568.078561519971117, 696376.683251634938642 ], [ 742627.637403398402967, 696239.473850219626911 ], [ 742768.605244820704684, 696216.608481945702806 ], [ 742844.03792464081198, 696288.284558902378194 ], [ 742942.413605419569649, 696346.902523424243554 ], [ 743109.62552874814719, 696353.362528655328788 ], [ 743342.422904400038533, 696376.094860202632844 ], [ 743552.277052713907324, 696447.71739651018288 ], [ 743680.132736758794636, 696424.862897530896589 ], [ 743876.838427133974619, 696418.280892062466592 ], [ 743945.676429419429041, 696362.860067463945597 ], [ 744106.323773096082732, 696359.556845342041925 ], [ 744217.838783168932423, 696489.870010280050337 ], [ 744227.70400279131718, 696587.637991110910662 ], [ 744322.829949909122661, 696753.808575653005391 ], [ 744388.394356354372576, 696740.750608206144534 ], [ 744430.994352147332393, 696669.045676997629926 ], [ 744465.99693346908316, 696667.79604933608789 ], [ 744547.959131434792653, 696692.722194995265454 ], [ 744607.814929503947496, 696704.648888804018497 ], [ 744668.290880371700041, 696705.086157365702093 ], [ 744732.220728839281946, 696701.969590991153382 ], [ 744785.227857667021453, 696745.278788014664315 ], [ 744896.003430138574913, 696861.295188546646386 ], [ 745038.556437317747623, 696930.615844783838838 ], [ 745165.284449936938472, 696924.894779540016316 ], [ 745244.527452244306915, 696896.135850107180886 ], [ 745244.527452244306915, 687436.891231601592153 ] ] ] } },
{ "type": "Feature", "properties": { "cell_id": 84, "parish": "St. Catherine", "centroid_x": 750988.17728129402, "centroid_y": 635156.44763581129, "land_area_km2": 38.657851085689856, "total_buildings": 23, "damaged_buildings": 6, "Damage_Ratio": 0.2608695652173913, "Dist_km": 54.235564586696441, "Delta_P": 109.66082168641901, "DeltaP_x_Dist": 5947.51657720398, "Pop_Dens": 1101.6062677556818, "ln_Pop_Dens": 7.0054319906629905, "Delta_P_c": -3.7171183768805633, "Dist_km_c": 1.173635257662454, "DeltaP_x_Dist_c": -4.3625411840120627, "hat_y_ols": 0.27702428319421596, "hat_y_frac": 0.25479624904737486, "residual_frac": 0.0060733161700164406, "abs_residual_frac": 0.0060733161700164406, "basis_risk_category": "Concordant Alignment" }, "geometry": { "type": "MultiPolygon", "coordinates": [ [ [ [ 755244.527452244306915, 637436.891231601592153 ], [ 755244.527452244306915, 632184.345175996888429 ], [ 755218.942572443280369, 632180.521923744585365 ], [ 755177.796104328939691, 632168.535573310451582 ], [ 755125.603476808406413, 632159.545826026471332 ], [ 755054.341688798624091, 632148.559082293650135 ], [ 755004.167550400132313, 632121.606976082432084 ], [ 754952.979721768409945, 632120.597898733452894 ], [ 754883.725092552485876, 632093.641301237628795 ], [ 754802.437860349891707, 632071.673626816249453 ], [ 754746.226133355987258, 632067.675528327352367 ], [ 754700.064781119348481, 632057.681190237402916 ], [ 754655.905159054673277, 632054.682346842135303 ], [ 754615.743956308811903, 632087.599873594590463 ], [ 754587.63548386702314, 632119.513113713357598 ], [ 754539.457148837624118, 632122.490259805344976 ], [ 754487.259324006270617, 632134.453740146942437 ], [ 754444.106404479243793, 632133.447824230301194 ], [ 754426.027559886570089, 632158.379721956676804 ], [ 754411.978367256000638, 632176.339764046249911 ], [ 754394.914643324795179, 632165.356584615423344 ], [ 754383.867541311774403, 632173.334072981961071 ], [ 754353.766756276716478, 632157.367470913450234 ], [ 754324.65684766753111, 632166.337110499967821 ], [ 754241.346224732813425, 632186.274378304951824 ], [ 754225.283419076236896, 632203.226940740947612 ], [ 754196.176831873133779, 632197.232971134479158 ], [ 754168.072368626715615, 632214.194081065128557 ], [ 754121.895863845362328, 632226.148742160061374 ], [ 754068.698238774319179, 632257.061369583476335 ], [ 754016.501668845536187, 632266.037768080946989 ], [ 753982.376630818238482, 632282.986846710788086 ], [ 753920.138741798466071, 632307.91031329438556 ], [ 753870.950820809346624, 632326.859877003123984 ], [ 753805.713600256247446, 632350.787004860932939 ], [ 753759.535346185788512, 632374.717986028059386 ], [ 753719.387655001948588, 632403.641839491901919 ], [ 753709.344759481493384, 632428.575921918731183 ], [ 753720.374234142364003, 632455.517277478589676 ], [ 753737.435428848490119, 632480.456495575024746 ], [ 753722.38123568193987, 632492.429107614792883 ], [ 753696.286995822098106, 632477.460380378644913 ], [ 753677.218621834879741, 632472.465180033352226 ], [ 753658.145038531743921, 632495.405379654373974 ], [ 753646.0983251624275, 632523.33852389047388 ], [ 753659.128244755906053, 632566.240131569909863 ], [ 753680.204722429392859, 632602.159407868748531 ], [ 753704.280133058084175, 632642.063717147451825 ], [ 753713.318610012414865, 632659.02144873002544 ], [ 753696.249097034567967, 632678.973658615141176 ], [ 753674.167018807958812, 632692.93721065192949 ], [ 753657.101846443139948, 632689.934626251575537 ], [ 753635.0211000519339, 632696.914376225555316 ], [ 753613.947536054765806, 632702.898224998498335 ], [ 753597.88551136571914, 632720.847415669122711 ], [ 753611.925684823771007, 632745.797043187310919 ], [ 753598.866732304450125, 632803.646575058810413 ], [ 753562.739269352867268, 632822.599310425110161 ], [ 753533.625684444326907, 632859.505511071882211 ], [ 753525.583385761128739, 632902.392192023107782 ], [ 753527.582435776712373, 632926.332425970584154 ], [ 753473.375380810233764, 632987.174105677288026 ], [ 753438.238811821094714, 633040.039304835605435 ], [ 753423.176020310027525, 633104.883527064695954 ], [ 753430.192593439249322, 633167.728313455008902 ], [ 753428.164230821304955, 633250.526957789901644 ], [ 753419.11850473494269, 633336.312718309578486 ], [ 753408.074753334396519, 633392.170521669206209 ], [ 753395.021653624717146, 633422.095880898064934 ], [ 753399.031076940940693, 633466.988002538215369 ], [ 753391.996778109576553, 633506.886590841808356 ], [ 753312.697166083846241, 633539.789019060088322 ], [ 753248.472203966928646, 633495.882979444693774 ], [ 753155.128635648405179, 633594.626706256181933 ], [ 753160.139560080482624, 633610.587433764827438 ], [ 753120.993353304569609, 633628.544391799136065 ], [ 753011.593409825465642, 633656.451653412659653 ], [ 752929.298262145952322, 633670.406914111343212 ], [ 752882.183450306765735, 633676.531568781705573 ], [ 752815.884122544550337, 633681.358633017749526 ], [ 752742.622459369129501, 633676.367713867803104 ], [ 752700.070689080399461, 633644.132074540597387 ], [ 752641.263343476341106, 633661.390018794103526 ], [ 752550.940293793799356, 633628.462130072060972 ], [ 752480.691978080896661, 633596.522224548622034 ], [ 752416.465341714443639, 633552.629970595706254 ], [ 752358.258514875196852, 633511.726983833010308 ], [ 752304.069676939514466, 633461.837500939960591 ], [ 752267.941556745907292, 633415.945758835528977 ], [ 752226.796554445754737, 633397.988909958628938 ], [ 752178.623371090274304, 633386.008036284707487 ], [ 752142.502155393478461, 633370.044144805870019 ], [ 752094.331083723460324, 633337.123000373714603 ], [ 752066.225129776867107, 633300.208560007740743 ], [ 752008.014482114231214, 633282.250383485108614 ], [ 751967.87681716773659, 633255.307041814317927 ], [ 751924.719539026264101, 633214.40685823711101 ], [ 751893.613892194000073, 633172.511816371348687 ], [ 751857.48626181029249, 633105.669292619568296 ], [ 751860.499667105497792, 633072.753630168037489 ], [ 751866.534171713632531, 633037.834964780136943 ], [ 751859.510381198022515, 632997.934505270211957 ], [ 751837.434723488986492, 632961.020970045705326 ], [ 751829.403595841722563, 632924.108762608608231 ], [ 751832.418842473067343, 632871.237669618334621 ], [ 751850.493365831091069, 632850.287822649348527 ], [ 751872.572354584699497, 632853.289315654081292 ], [ 751879.604184312978759, 632809.394684010883793 ], [ 751886.626594161149114, 632753.535652325837873 ], [ 751930.796058283536695, 632752.543830781825818 ], [ 751974.959539382020012, 632705.653516909456812 ], [ 752049.236367056146264, 632668.749667732859962 ], [ 752043.219283846905455, 632633.840878621092997 ], [ 752020.134009942994453, 632621.863022453850135 ], [ 752005.074137334595434, 632596.925497764488682 ], [ 751967.944340417976491, 632580.961830758140422 ], [ 751919.767241865512915, 632586.944800493540242 ], [ 751889.654490609304048, 632570.970900258631445 ], [ 751856.541444155736826, 632559.999454074306414 ], [ 751826.426189310383052, 632569.968811558792368 ], [ 751790.290860650362447, 632572.964887984562665 ], [ 751769.217816451215185, 632577.943535357713699 ], [ 751747.138235949678347, 632577.941560151753947 ], [ 751721.039198027574457, 632601.890196348074824 ], [ 751686.915781987714581, 632629.81155382108409 ], [ 751658.80325134890154, 632649.764587958226912 ], [ 751638.736144221038558, 632668.711152613861486 ], [ 751643.747618114342913, 632695.650844739750028 ], [ 751665.824783005286008, 632722.591977588832378 ], [ 751601.584366351366043, 632790.421811815351248 ], [ 751539.359673315309919, 632841.284920789650641 ], [ 751491.181678191991523, 632869.216593471122906 ], [ 751435.976204020786099, 632897.147869916632771 ], [ 751353.679203317617066, 632908.11032129288651 ], [ 751278.400341047090478, 632903.113656018278562 ], [ 751185.060115634580143, 632888.144000938278623 ], [ 751117.816807127208449, 632864.200186869478785 ], [ 751047.56327095371671, 632835.264818286988884 ], [ 750991.364975600503385, 632803.342071485938504 ], [ 750937.170571593684144, 632756.455777188530192 ], [ 750845.834856739733368, 632692.611973795574158 ], [ 750762.533170961076394, 632630.750061397789977 ], [ 750660.331076674861833, 632576.723934091394767 ], [ 750629.454118043067865, 632559.977186097879894 ], [ 750649.107814876944758, 632515.340979674598202 ], [ 750606.995764465304092, 632467.902610300458036 ], [ 750623.84033145965077, 632428.833448089775629 ], [ 750590.154197020805441, 632409.308631059597246 ], [ 750545.229910041205585, 632465.111688727512956 ], [ 750489.081251528812572, 632493.012389487004839 ], [ 750430.134616547264159, 632509.745677372789942 ], [ 750357.14379298966378, 632493.009549082955346 ], [ 750345.908543765544891, 632453.939657992101274 ], [ 750295.379114296287298, 632414.880212139571086 ], [ 750219.57754781562835, 632512.542376043274999 ], [ 750126.944454118493013, 632559.967516178032383 ], [ 750143.787314216373488, 632612.982880378724076 ], [ 750118.516974884085357, 632652.052404937683605 ], [ 750093.246762540191412, 632685.532672203611583 ], [ 750084.830251413863152, 632741.336996959173121 ], [ 750014.648934660363011, 632738.547707949299365 ], [ 749944.467850269982591, 632825.043439574656077 ], [ 749922.007277078228071, 632905.960954990470782 ], [ 749871.478915426763706, 632981.300439408631064 ], [ 749823.748319313046522, 632953.398624508758076 ], [ 749756.377506211632863, 633020.360161644290201 ], [ 749753.56985694274772, 633120.81249501160346 ], [ 749714.277781890355982, 633165.449886185582727 ], [ 749660.940514129120857, 633154.294286079704762 ], [ 749646.897218594327569, 633218.466245600138791 ], [ 749500.923841150710359, 633360.769470384228043 ], [ 749458.821891570696607, 633330.079282042221166 ], [ 749374.601815137662925, 633438.901433056569658 ], [ 749340.9183226802852, 633483.539400319219567 ], [ 749326.887002693023533, 633550.5117794360267 ], [ 749296.013336382457055, 633614.684586457326077 ], [ 749253.900481524411589, 633570.038202684489079 ], [ 749251.08909954293631, 633503.077473290613852 ], [ 749172.496225319104269, 633542.139268338796683 ], [ 749192.151021366938949, 633628.634144654148258 ], [ 749166.883642854983918, 633662.115619613905437 ], [ 749127.580410774913616, 633639.79335566458758 ], [ 749071.436857307911851, 633662.119897611206397 ], [ 748984.419839347014204, 633726.295930834952742 ], [ 748908.626591554959305, 633765.369709162390791 ], [ 748841.25954147730954, 633796.064875354873948 ], [ 748827.228648137534037, 633837.91346954589244 ], [ 748801.957738316385075, 633798.856344873202033 ], [ 748782.302951143588871, 633737.474934125551954 ], [ 748737.39456411881838, 633748.634219335042872 ], [ 748731.77479402651079, 633715.154159580939449 ], [ 748661.598852893570438, 633743.06100947340019 ], [ 748633.529474024893716, 633706.793406848446466 ], [ 748563.349766959669068, 633681.685329164145514 ], [ 748495.973864968167618, 633731.916535778902471 ], [ 748465.096659205621108, 633712.384065620950423 ], [ 748431.41592391114682, 633759.812710836529732 ], [ 748366.857239921810105, 633776.563714819261804 ], [ 748293.871785627910867, 633787.726367095136084 ], [ 748229.299192085396498, 633765.41917603474576 ], [ 748164.737050171359442, 633743.101128510781564 ], [ 748088.94278239342384, 633754.264804163598455 ], [ 747990.695672100991942, 633729.16152018296998 ], [ 747942.967727538780309, 633734.755751488613896 ], [ 747813.831225267262198, 633684.5435265742708 ], [ 747718.400655286968686, 633731.991427295841277 ], [ 747693.127731618122198, 633695.713775512762368 ], [ 747625.755937495268881, 633673.408897287794389 ], [ 747617.334902755799703, 633718.046788685838692 ], [ 747493.821496179676615, 633718.062151601887308 ], [ 747426.446628986741416, 633673.433986778603867 ], [ 747350.655897126533091, 633709.713591858511791 ], [ 747305.741757527808659, 633673.450164132169448 ], [ 747176.610038976068608, 633670.679178946651518 ], [ 746842.514975927304476, 633441.934241668554023 ], [ 746817.250211959239095, 633402.87967566610314 ], [ 746704.951220768271014, 633352.672025500563905 ], [ 746631.958441867842339, 633324.782208577613346 ], [ 746623.533337066881359, 633271.768386298208497 ], [ 746556.150230802828446, 633260.623629878740758 ], [ 746474.735357607831247, 633202.044574683764949 ], [ 746396.117779277847148, 633140.676233263337053 ], [ 746354.021377648343332, 633168.575117992819287 ], [ 746303.479975928203203, 633154.638999150367454 ], [ 746283.844750914722681, 633185.334002521587536 ], [ 746261.370469157351181, 633112.799216807470657 ], [ 746205.214118733536452, 633059.794717312790453 ], [ 746154.668736235937104, 632973.308871579589322 ], [ 746092.903836122713983, 632970.520873841014691 ], [ 746053.590128681855276, 632920.313649708870798 ], [ 745977.805056494427845, 632934.274572164518759 ], [ 745845.852294246084057, 632898.032500367611647 ], [ 745730.760217930190265, 632945.494199463748373 ], [ 745716.742029259330593, 633018.036292073898949 ], [ 745683.074705174425617, 633101.750219328096136 ], [ 745643.787424662616104, 633174.30900446861051 ], [ 745649.420021503232419, 633241.26858336746227 ], [ 745722.416933782864362, 633280.311198114417493 ], [ 745772.961629958008416, 633358.428609025431797 ], [ 745795.443403377314098, 633458.865036437171511 ], [ 745831.945490895188414, 633497.926971751730889 ], [ 745820.16057999827899, 633555.382980006979778 ], [ 745792.676968562649563, 633656.970099406666122 ], [ 745694.452516091987491, 633799.291468927054666 ], [ 745627.107363467570394, 633905.325838177814148 ], [ 745562.574226583587006, 634022.527330238488503 ], [ 745560.654840852599591, 634065.260964414803311 ], [ 745593.467591503285803, 634103.426802070927806 ], [ 745629.457805871148594, 634132.040381512022577 ], [ 745633.411952347611077, 634135.182789121172391 ], [ 745649.620758985751309, 634148.06224223668687 ], [ 745717.001682313624769, 634209.419007099582814 ], [ 745593.505753062432632, 634273.618059346801601 ], [ 745644.042842321447097, 634326.622088845469989 ], [ 745702.994210569304414, 634326.609110312769189 ], [ 745778.796301703783683, 634368.440456445678137 ], [ 745885.476774456328712, 634429.800471615162678 ], [ 745921.984983394388109, 634507.9101883249823 ], [ 745910.768777446239255, 634597.197373448288999 ], [ 745840.640736541594379, 634817.61853011243511 ], [ 745764.871775745879859, 634920.865156129701063 ], [ 745689.11176003923174, 635012.944551261840388 ], [ 745630.166794633027166, 635032.492442061309703 ], [ 745602.119277113582939, 635158.042074406053871 ], [ 745587.567699737614021, 635205.991552468971349 ], [ 745580.548304608091712, 635238.87591173639521 ], [ 745587.347655751742423, 635264.430204890901223 ], [ 745627.199050433351658, 635269.988459048210643 ], [ 745653.657670331886038, 635244.249681302113459 ], [ 745663.70110564189963, 635178.537238784367219 ], [ 745693.886549538350664, 635182.813884911010973 ], [ 745689.586751350201666, 635245.669528773403727 ], [ 745714.023045309004374, 635277.086001334479079 ], [ 745764.321081993519329, 635267.080765951075591 ], [ 745813.182901244843379, 635231.365193514153361 ], [ 745870.656359611195512, 635171.353854281362146 ], [ 745928.140530491014943, 635161.347530130879022 ], [ 746014.352963346173055, 635129.896972044254653 ], [ 746058.901400646660477, 635091.327366397483274 ], [ 746050.26098256430123, 635025.618883341201581 ], [ 746015.764242909615859, 634981.343116281321272 ], [ 745985.563675572630018, 634904.205892339465208 ], [ 745988.437468155869283, 634859.933645417680964 ], [ 746038.721737471176311, 634775.64127504802309 ], [ 746054.508064774912782, 634694.211455092416145 ], [ 746119.175169874215499, 634661.349010023986921 ], [ 746156.544200208503753, 634649.908511056913994 ], [ 746203.359390963916667, 634706.788487366749905 ], [ 746241.344527726178057, 634702.752464729244821 ], [ 746331.901900662225671, 634768.43449086137116 ], [ 746390.845963149797171, 634851.277985036955215 ], [ 746425.347022417001426, 634922.692934355814941 ], [ 746436.873732528765686, 635072.68323420744855 ], [ 746412.502490003826097, 635392.650084576802328 ], [ 746435.535454344935715, 635641.19814787094947 ], [ 746411.121374812442809, 635722.61821067542769 ], [ 746448.495269852806814, 635748.322199202026241 ], [ 746503.098133871564642, 635754.023453361005522 ], [ 746537.592445900663733, 635738.300898301880807 ], [ 746597.949634981923737, 635741.156947405892424 ], [ 746623.820549245690927, 635745.435770605225116 ], [ 746646.794853252940811, 635668.299501749686897 ], [ 746603.660277306800708, 635546.891833260888234 ], [ 746753.099922699620947, 635376.885480205761269 ], [ 746797.643537242431194, 635368.30053432751447 ], [ 746816.31901075411588, 635309.737146971630864 ], [ 746816.305818629451096, 635228.310481423861347 ], [ 746823.479109843727201, 635151.177008239319548 ], [ 746853.652221864904277, 635079.750889747287147 ], [ 746888.137399515020661, 635064.028957713744603 ], [ 746903.957418551202863, 635108.309191509266384 ], [ 746938.444589986815117, 635105.448265877668746 ], [ 746975.803800834226422, 635032.593457450158894 ], [ 746925.495162383071147, 634982.607488886453211 ], [ 746842.110793995321728, 634818.350716561777517 ], [ 746850.732858495903201, 634785.488694952102378 ], [ 746813.356501311645843, 634752.645150836324319 ], [ 746728.550318119931035, 634654.088245102902874 ], [ 746704.084867765777744, 634506.966564166592434 ], [ 746745.773236898938194, 634525.531574084889144 ], [ 746778.838290555519052, 634569.808846020489 ], [ 746837.761499831918627, 634596.937799010775052 ], [ 746906.753847398096696, 634626.920863194041885 ], [ 746934.065467286971398, 634685.487981689511798 ], [ 746961.383325137780048, 634716.90554599754978 ], [ 746939.838388241711073, 634799.763294658972882 ], [ 746932.663397302501835, 634869.757905414444394 ], [ 746942.731969367945567, 634936.894309098250233 ], [ 747011.726438872981817, 634989.732992391800508 ], [ 747036.161584525252692, 635025.445455728913657 ], [ 746971.514398622908629, 635189.725326080108061 ], [ 746997.388795155799016, 635212.576603864901699 ], [ 746977.298108794144355, 635445.415468049701303 ], [ 747014.682640444487333, 635542.541807599365711 ], [ 747123.931045462959446, 635695.362414394156076 ], [ 747110.997977122897282, 635745.358106736908667 ], [ 747126.81903353089001, 635803.916154281934723 ], [ 747188.622188021894544, 635841.051156993955374 ], [ 747119.645209306268953, 635883.905068902648054 ], [ 747112.469345534569584, 635949.61637124128174 ], [ 747099.552075539832003, 636105.310733581194654 ], [ 747076.355314647546038, 636262.85498855879996 ], [ 747001.141559389536269, 636468.519424363505095 ], [ 746963.563822606694885, 636687.526240570354275 ], [ 746821.178351656650193, 636914.563013284117915 ], [ 746778.230135158170015, 637130.892673633759841 ], [ 746689.576863733818755, 637285.814156601787545 ], [ 746613.608251996804029, 637436.891231601592153 ], [ 755244.527452244306915, 637436.891231601592153 ] ] ], [ [ [ 745244.527452244306915, 635968.268803124316037 ], [ 745251.427371987141669, 635955.689020765479654 ], [ 745249.974984544795007, 635909.978855271823704 ], [ 745244.527452244306915, 635910.99527578568086 ], [ 745244.527452244306915, 635968.268803124316037 ] ] ], [ [ [ 745244.527452244306915, 635721.526128851110116 ], [ 745244.958625494735315, 635720.497262235963717 ], [ 745298.804197876830585, 635748.563620454049669 ], [ 745298.816500049317256, 635799.985176892834716 ], [ 745310.321295538102277, 635824.265446284436621 ], [ 745271.513641600031406, 635835.696840790216811 ], [ 745260.032842563115992, 635867.13250286388211 ], [ 745280.152533735963516, 635885.688564012758434 ], [ 745320.457011434598826, 635885.103392608114518 ], [ 745350.564353901543655, 635877.105206669773906 ], [ 745382.61750734958332, 635805.842372860526666 ], [ 745423.834639059612527, 635764.239484974648803 ], [ 745474.110225113458, 635662.812487904680893 ], [ 745486.5026990105398, 635630.347428738023154 ], [ 745466.576467738370411, 635623.744467600947246 ], [ 745455.39317188016139, 635522.840829925728031 ], [ 745450.879818881279789, 635483.650373324402608 ], [ 745443.871157891233452, 635424.283681600471027 ], [ 745425.684360910905525, 635333.176804504706524 ], [ 745412.230905458214693, 635315.725834410754032 ], [ 745409.542012997088023, 635283.651636972208507 ], [ 745400.040736351511441, 635216.681890869513154 ], [ 745400.020489134825766, 635130.186125203617848 ], [ 745411.227381041157059, 635057.644381059915759 ], [ 745363.501486697467044, 635010.229563438566402 ], [ 745303.633663066895679, 634980.836327598197386 ], [ 745262.429204096784815, 634948.882077814079821 ], [ 745244.527452244306915, 634931.691934116650373 ], [ 745244.527452244306915, 635721.526128851110116 ] ] ] ] } },
{ "type": "Feature", "properties": { "cell_id": 85, "parish": "St. Catherine", "centroid_x": 750287.16749386047, "centroid_y": 642480.48281509837, "land_area_km2": 99.058803258722619, "total_buildings": 57, "damaged_buildings": 15, "Damage_Ratio": 0.26315789473684209, "Dist_km": 59.124744215651532, "Delta_P": 110.50465419063482, "DeltaP_x_Dist": 6533.5594136603095, "Pop_Dens": 1774.411328125, "ln_Pop_Dens": 7.4817874092182342, "Delta_P_c": -2.8732858726647379, "Dist_km_c": 6.0628148866175451, "DeltaP_x_Dist_c": -17.420200362299656, "hat_y_ols": 0.26342376776281706, "hat_y_frac": 0.24783944717948247, "residual_frac": 0.015318447557359616, "abs_residual_frac": 0.015318447557359616, "basis_risk_category": "Concordant Alignment" }, "geometry": { "type": "Polygon", "coordinates": [ [ [ 745244.527452244306915, 647436.891231601592153 ], [ 755244.527452244306915, 647436.891231601592153 ], [ 755244.527452244306915, 637436.891231601592153 ], [ 746613.608251996804029, 637436.891231601592153 ], [ 746606.310247581801377, 637451.404609365737997 ], [ 746571.417076486744918, 637654.385476633906364 ], [ 746533.830851644626819, 637785.24824786093086 ], [ 746450.534393469337374, 637825.317971901618876 ], [ 746337.683266217121854, 637809.312313923495822 ], [ 746208.727709379163571, 637865.429064299329184 ], [ 746077.088175558717921, 637956.245174973038957 ], [ 745926.642497927183285, 638057.757688795565628 ], [ 745811.129122619284317, 638175.29025512188673 ], [ 745730.55249660089612, 638282.124259292148054 ], [ 745631.174031142727472, 638418.348149242461659 ], [ 745585.467259318451397, 638452.11557812418323 ], [ 745568.427830982836895, 638499.578735592658632 ], [ 745502.228562572854571, 638538.552924197050743 ], [ 745413.566142316209152, 638538.573421015287749 ], [ 745397.436704671941698, 638487.830692076240666 ], [ 745365.183995366096497, 638458.463964297203347 ], [ 745303.386459690285847, 638469.159200171590783 ], [ 745308.771748873172328, 638522.571787118562497 ], [ 745338.346648750710301, 638565.298061545006931 ], [ 745343.727383814635687, 638600.005844193627127 ], [ 745265.818606630549766, 638634.744589561596513 ], [ 745244.527452244306915, 638654.100641303346492 ], [ 745244.527452244306915, 647436.891231601592153 ] ] ] } },
{ "type": "Feature", "properties": { "cell_id": 86, "parish": "St. Catherine", "centroid_x": 750244.52745224419, "centroid_y": 652436.89123160159, "land_area_km2": 100.0, "total_buildings": 61, "damaged_buildings": 9, "Damage_Ratio": 0.14754098360655737, "Dist_km": 66.390702339609405, "Delta_P": 111.54940571170948, "DeltaP_x_Dist": 7405.8433907664294, "Pop_Dens": 1931.530604338843, "ln_Pop_Dens": 7.5665856169927599, "Delta_P_c": -1.8285343515900792, "Dist_km_c": 13.328773010575418, "DeltaP_x_Dist_c": -24.37211931438387, "hat_y_ols": 0.23668813518274012, "hat_y_frac": 0.22616607385244128, "residual_frac": -0.078625090245883988, "abs_residual_frac": 0.078625090245883988, "basis_risk_category": "Concordant Alignment" }, "geometry": { "type": "Polygon", "coordinates": [ [ [ 745244.527452244306915, 647436.891231601592153 ], [ 745244.527452244306915, 657436.891231601592153 ], [ 755244.527452244306915, 657436.891231601592153 ], [ 755244.527452244306915, 647436.891231601592153 ], [ 745244.527452244306915, 647436.891231601592153 ] ] ] } },
{ "type": "Feature", "properties": { "cell_id": 87, "parish": "St. Catherine", "centroid_x": 750244.52745224419, "centroid_y": 662436.89123160159, "land_area_km2": 100.0, "total_buildings": 53, "damaged_buildings": 10, "Damage_Ratio": 0.18867924528301888, "Dist_km": 73.717618791881833, "Delta_P": 112.59391546212407, "DeltaP_x_Dist": 8300.1553383222326, "Pop_Dens": 992.11131198347107, "ln_Pop_Dens": 6.9008427544229036, "Delta_P_c": -0.78402460117548856, "Dist_km_c": 20.655689462847846, "DeltaP_x_Dist_c": -16.194568693114025, "hat_y_ols": 0.20423900219245478, "hat_y_frac": 0.19575030153762241, "residual_frac": -0.0070710562546036082, "abs_residual_frac": 0.0070710562546036082, "basis_risk_category": "Concordant Alignment" }, "geometry": { "type": "Polygon", "coordinates": [ [ [ 745244.527452244306915, 657436.891231601592153 ], [ 745244.527452244306915, 667436.891231601592153 ], [ 755244.527452244306915, 667436.891231601592153 ], [ 755244.527452244306915, 657436.891231601592153 ], [ 745244.527452244306915, 657436.891231601592153 ] ] ] } },
{ "type": "Feature", "properties": { "cell_id": 88, "parish": "St. Catherine", "centroid_x": 750244.52745224419, "centroid_y": 672436.89123160159, "land_area_km2": 100.0, "total_buildings": 58, "damaged_buildings": 11, "Damage_Ratio": 0.18965517241379309, "Dist_km": 80.491042544001061, "Delta_P": 114.66711356746748, "DeltaP_x_Dist": 9229.6755165568266, "Pop_Dens": 306.74683626033055, "ln_Pop_Dens": 5.7292774847853378, "Delta_P_c": 1.2891735041679198, "Dist_km_c": 27.429113214967074, "DeltaP_x_Dist_c": 35.360885999557702, "hat_y_ols": 0.17305334777511527, "hat_y_frac": 0.17253288810178208, "residual_frac": 0.017122284312011016, "abs_residual_frac": 0.017122284312011016, "basis_risk_category": "Concordant Alignment" }, "geometry": { "type": "Polygon", "coordinates": [ [ [ 745244.527452244306915, 667436.891231601592153 ], [ 745244.527452244306915, 677436.891231601592153 ], [ 755244.527452244306915, 677436.891231601592153 ], [ 755244.527452244306915, 667436.891231601592153 ], [ 745244.527452244306915, 667436.891231601592153 ] ] ] } },
{ "type": "Feature", "properties": { "cell_id": 89, "parish": "St. Mary", "centroid_x": 750244.52745224419, "centroid_y": 682436.89123160159, "land_area_km2": 100.0, "total_buildings": 51, "damaged_buildings": 13, "Damage_Ratio": 0.25490196078431371, "Dist_km": 87.178131947702909, "Delta_P": 115.74354336400359, "DeltaP_x_Dist": 10090.305895481777, "Pop_Dens": 127.13584710743801, "ln_Pop_Dens": 4.8530910066599233, "Delta_P_c": 2.3656033007040378, "Dist_km_c": 34.116202618668922, "DeltaP_x_Dist_c": 80.705401522210934, "hat_y_ols": 0.13460460537146246, "hat_y_frac": 0.14643696883317839, "residual_frac": 0.10846499195113532, "abs_residual_frac": 0.10846499195113532, "basis_risk_category": "Severe Under-Coverage" }, "geometry": { "type": "Polygon", "coordinates": [ [ [ 745244.527452244306915, 677436.891231601592153 ], [ 745244.527452244306915, 687436.891231601592153 ], [ 755244.527452244306915, 687436.891231601592153 ], [ 755244.527452244306915, 677436.891231601592153 ], [ 745244.527452244306915, 677436.891231601592153 ] ] ] } },
{ "type": "Feature", "properties": { "cell_id": 90, "parish": "St. Mary", "centroid_x": 750006.01239048061, "centroid_y": 691517.30084882351, "land_area_km2": 81.008313857899651, "total_buildings": 35, "damaged_buildings": 5, "Damage_Ratio": 0.14285714285714285, "Dist_km": 93.072941301697313, "Delta_P": 116.74407675176371, "DeltaP_x_Dist": 10865.71460283775, "Pop_Dens": 97.688734117445051, "ln_Pop_Dens": 4.5919707972442696, "Delta_P_c": 3.3661366884641524, "Dist_km_c": 40.01101197266334, "DeltaP_x_Dist_c": 134.68253534376052, "hat_y_ols": 0.098803431540321021, "hat_y_frac": 0.13008279497111647, "residual_frac": 0.012774347886026327, "abs_residual_frac": 0.012774347886026327, "basis_risk_category": "Concordant Alignment" }, "geometry": { "type": "Polygon", "coordinates": [ [ [ 755244.527452244306915, 687436.891231601592153 ], [ 745244.527452244306915, 687436.891231601592153 ], [ 745244.527452244306915, 696896.135850107180886 ], [ 745430.987067112349905, 696828.465787768131122 ], [ 745552.272019005962647, 696717.638930233428255 ], [ 745683.32322443893645, 696713.990108253783546 ], [ 745795.358344655716792, 696618.497141578700393 ], [ 745918.643407298950478, 696557.836065042065457 ], [ 746307.631659379112534, 696626.352369863423519 ], [ 746483.717793413088657, 696530.851390301133506 ], [ 746795.859752454445697, 696387.589478862006217 ], [ 747052.004663402913138, 696427.319517276249826 ], [ 747252.125604725326411, 696506.853090087533928 ], [ 747460.231560901855119, 696498.866523119970225 ], [ 747716.366614136029966, 696387.460545967565849 ], [ 747820.408376979990862, 696323.791934700217098 ], [ 747788.379599958076142, 696188.54569351032842 ], [ 747980.451936414581724, 695886.180451641208492 ], [ 748282.38330621435307, 695575.859947368153371 ], [ 748479.227575445198454, 695455.51479356631171 ], [ 748855.19302281877026, 695388.633699561585672 ], [ 749001.322910461458378, 695424.9424176273169 ], [ 749027.414352990104817, 695505.333763704635203 ], [ 749066.553123909863643, 695557.200240665813908 ], [ 749056.116986707784235, 695619.451660229125991 ], [ 749024.814502907218412, 695705.037152119213715 ], [ 749071.781785652390681, 695749.121905307169072 ], [ 749156.972712225513533, 695718.601368979550898 ], [ 749239.78064490086399, 695807.24801528675016 ], [ 749379.923516106558964, 695750.249815150396898 ], [ 749571.280393397784792, 695715.876065021613613 ], [ 749729.787442206288688, 695687.400363349821419 ], [ 749908.64744712645188, 695655.269906118628569 ], [ 750513.8125717821531, 695477.98750294058118 ], [ 750806.840974406804889, 695421.00415572989732 ], [ 751233.672131430124864, 695142.424917599651963 ], [ 751306.484980841865763, 695119.926793134654872 ], [ 751339.692462324979715, 695148.741089745424688 ], [ 751352.139333383529447, 695149.483553637983277 ], [ 751361.406807773862965, 695135.626073243096471 ], [ 751332.076247544377111, 695119.651796800666489 ], [ 751337.202706018928438, 695092.267967305378988 ], [ 751357.266828937688842, 695107.422516117570922 ], [ 751391.331665634759702, 695114.409310333430767 ], [ 751437.813062795554288, 695103.089297477272339 ], [ 751527.71437702619005, 695047.718964439467527 ], [ 751652.937182601890527, 695015.242244982044213 ], [ 751706.468181610223837, 694986.213412906392477 ], [ 751767.657834042329341, 694979.765737197478302 ], [ 751976.723972721141763, 694954.681714654085226 ], [ 752014.181273239664733, 694955.316450509359129 ], [ 752040.270262967795134, 694946.552673673024401 ], [ 752052.081955086556263, 694959.758965945802629 ], [ 752066.769309766124934, 694957.225758446729742 ], [ 752064.562381667201407, 694943.765885185915977 ], [ 752074.844747315277345, 694930.584050841280259 ], [ 752167.807764709694311, 694921.44023343664594 ], [ 752179.081492729135789, 694925.780446980148554 ], [ 752299.373108012368903, 694881.330897485371679 ], [ 752394.765086033381522, 694885.493118796613999 ], [ 752428.610526183270849, 694872.480397837003693 ], [ 752445.120322730857879, 694915.152606365387328 ], [ 752483.981398232746869, 694928.406827965285629 ], [ 752498.063035048311576, 694953.479412319720723 ], [ 752608.038322285632603, 695019.917517982888967 ], [ 752693.35086843976751, 695013.332065017428249 ], [ 752752.486274756724015, 695039.905368426349014 ], [ 752834.954945536679588, 695043.868684992310591 ], [ 753100.205077780177817, 695001.559692234615795 ], [ 753137.703900472377427, 695006.048519908916205 ], [ 753177.835309485089965, 695000.587008810834959 ], [ 753216.378611599677242, 695014.58424265938811 ], [ 753274.018301348551176, 695008.860159903299063 ], [ 753291.20293194334954, 694985.341872196178883 ], [ 753310.392153630033135, 694979.79964439116884 ], [ 753351.852356048184447, 694989.857150030671619 ], [ 753383.844401165610179, 695004.395963744726032 ], [ 753522.551014147000387, 694983.46720360708423 ], [ 753836.653460177243687, 694983.946811918518506 ], [ 753884.523982053156942, 694956.372835536487401 ], [ 753954.820729581872001, 694906.643788841087371 ], [ 753980.073368358542211, 694910.423357635037974 ], [ 754000.250413213740103, 694880.929162349784747 ], [ 754056.978471790440381, 694841.336727338493802 ], [ 754068.997646486153826, 694815.936368137015961 ], [ 754141.872164246393368, 694772.794466106104665 ], [ 754188.526495261117816, 694754.596243058214895 ], [ 754193.062929760548286, 694738.403589924681 ], [ 754212.137363247107714, 694728.467918438371271 ], [ 754245.612609387375414, 694723.992288914392702 ], [ 754319.385845964774489, 694681.559651726158336 ], [ 754363.273174704518169, 694611.36012661375571 ], [ 754404.276090396917425, 694541.514262001728639 ], [ 754418.885022457689047, 694467.788451810833067 ], [ 754507.49293273431249, 694434.42522058414761 ], [ 754633.365192933590151, 694418.736928730853833 ], [ 754737.402189474669285, 694423.609931217739359 ], [ 754865.306380965746939, 694438.794425354455598 ], [ 754886.194162524887361, 694447.820672911242582 ], [ 754904.610666805994697, 694451.621863537584431 ], [ 754921.774616772774607, 694478.102671928470954 ], [ 754922.087290623923764, 694495.303623849409632 ], [ 754907.663138717180118, 694498.808806469896808 ], [ 754912.785253647016361, 694509.325425015995279 ], [ 754938.758094681426883, 694507.738051760359667 ], [ 754950.622172095580027, 694516.031557574984618 ], [ 754955.741518390714191, 694537.384516893187538 ], [ 754949.651846384280361, 694550.765125675708987 ], [ 754952.208045300911181, 694554.274573187809438 ], [ 754958.951791631290689, 694545.033852256485261 ], [ 755011.848373524378985, 694541.859505612286739 ], [ 755018.210157105466351, 694538.872565031633712 ], [ 755009.005223466083407, 694627.52003069058992 ], [ 755019.400533638196066, 694635.547554115648381 ], [ 755028.901866147527471, 694627.30375228158664 ], [ 755025.132722831331193, 694615.326369356364012 ], [ 755020.689285519300029, 694595.689221881213598 ], [ 755028.945546987117268, 694539.46196277521085 ], [ 755040.065125096240081, 694525.296789305284619 ], [ 755064.117080972413532, 694515.097582078771666 ], [ 755139.520073824212886, 694513.124838332063518 ], [ 755152.282278390484862, 694521.175188983324915 ], [ 755175.025064414017834, 694587.151080075185746 ], [ 755220.850559528800659, 694670.976012839353643 ], [ 755244.527452244306915, 694710.071672382415272 ], [ 755244.527452244306915, 687436.891231601592153 ] ] ] } },
{ "type": "Feature", "properties": { "cell_id": 91, "parish": "St. Catherine", "centroid_x": 759230.13395354862, "centroid_y": 642973.52758110571, "land_area_km2": 76.726722199478715, "total_buildings": 43, "damaged_buildings": 8, "Damage_Ratio": 0.18604651162790697, "Dist_km": 65.572226079492538, "Delta_P": 109.55049955079153, "DeltaP_x_Dist": 7183.4701236658475, "Pop_Dens": 2819.0825407608695, "ln_Pop_Dens": 7.9445214332771661, "Delta_P_c": -3.8274405125080477, "Dist_km_c": 12.510296750458551, "DeltaP_x_Dist_c": -47.882416606202838, "hat_y_ols": 0.22790365158111039, "hat_y_frac": 0.21349297763659533, "residual_frac": -0.027446466008688442, "abs_residual_frac": 0.027446466008688442, "basis_risk_category": "Concordant Alignment" }, "geometry": { "type": "Polygon", "coordinates": [ [ [ 755244.527452244306915, 637436.891231601592153 ], [ 755244.527452244306915, 647436.891231601592153 ], [ 765244.527452244306915, 647436.891231601592153 ], [ 765244.527452244306915, 645987.200657944078557 ], [ 765093.546917708939873, 645924.058330325875431 ], [ 764963.553969910717569, 645853.621708150603808 ], [ 764850.724295935127884, 645792.031186173087917 ], [ 764763.727218597545289, 645733.836457571131177 ], [ 764693.03446489921771, 645700.667988073430024 ], [ 764625.064333862741478, 645666.82665329775773 ], [ 764597.119056570110843, 645640.154120811959729 ], [ 764591.455874143517576, 645606.259698478970677 ], [ 764488.087702697142959, 645538.402750429464504 ], [ 764252.934811790473759, 645393.638371598906815 ], [ 764085.995209570159204, 645222.949044311535545 ], [ 763969.052451749099419, 645052.296656495658681 ], [ 763769.096914530731738, 644944.840198398451321 ], [ 763625.972159109194763, 644837.414062292198651 ], [ 763579.406666397233494, 644787.686530284001492 ], [ 763620.384242304833606, 644707.505171573604457 ], [ 763613.566817970946431, 644700.72683484677691 ], [ 763565.775423932820559, 644784.27923742798157 ], [ 763536.210741442278959, 644797.817129762028344 ], [ 763524.853462342754938, 644784.251016356050968 ], [ 763527.154357010615058, 644750.373479466652498 ], [ 763545.378161516156979, 644699.550756367389113 ], [ 763523.77519735659007, 644704.051610371563584 ], [ 763405.642397334333509, 644604.557938852580264 ], [ 763409.492271043127403, 644566.984741919091903 ], [ 763372.32204367290251, 644517.175584941054694 ], [ 763329.144218806177378, 644453.084717437275685 ], [ 763308.602841894491576, 644375.78302746929694 ], [ 763309.932692820206285, 644320.5325347695034 ], [ 763322.884141782764345, 644280.287046162644401 ], [ 763349.145877578877844, 644248.772182310116477 ], [ 763372.041058624512516, 644245.246000066981651 ], [ 763446.429713992984034, 644291.162521748337895 ], [ 763431.19978476932738, 644270.344285990227945 ], [ 763363.106422334676608, 644220.314813755918294 ], [ 763354.246836765902117, 644194.033388719893992 ], [ 763421.473648997955024, 644117.090300193056464 ], [ 763524.616992476745509, 643958.42400939099025 ], [ 763527.767485475749709, 643875.493775683455169 ], [ 763510.870375236030668, 643829.273315443075262 ], [ 763546.568969156825915, 643802.347364308894612 ], [ 763569.638060944504105, 643762.573889747145586 ], [ 763541.12814281298779, 643749.848170901765116 ], [ 763543.187148506985977, 643698.250657289405353 ], [ 763516.753472415730357, 643654.81275679229293 ], [ 763578.11611686157994, 643589.708940227632411 ], [ 763611.634036170435138, 643545.8254580803914 ], [ 763623.240956563735381, 643460.067724761902355 ], [ 763567.111021875403821, 643433.388248354312964 ], [ 763509.465613984619267, 643391.843594249105081 ], [ 763500.836079618427902, 643292.624297667294741 ], [ 763531.731106885010377, 643227.37768863257952 ], [ 763514.439291589311324, 643184.311350443051197 ], [ 763494.959317696047947, 643164.928997102193534 ], [ 763505.818147994810715, 643119.015422506723553 ], [ 763482.035850543528795, 643070.211443033767864 ], [ 763495.040153904003091, 643047.265389413805678 ], [ 763478.451277699321508, 643029.312809932045639 ], [ 763453.915954480646178, 643027.868221011594869 ], [ 763420.730411108816043, 642987.657698401017115 ], [ 763374.591618026490323, 642910.858750482671894 ], [ 763337.085161060211249, 642867.789893925888464 ], [ 763339.998985441634431, 642820.432008665404283 ], [ 763284.438380508916453, 642794.572771175764501 ], [ 763055.130656465655193, 642432.086810533073731 ], [ 762965.717921877396293, 642279.20105327561032 ], [ 762946.981536307604983, 642222.50962266465649 ], [ 762868.389950924087316, 642093.30585231364239 ], [ 762868.420032727182843, 642047.384871960617602 ], [ 762906.726364708505571, 641973.509182400885038 ], [ 762927.03242397820577, 641835.040132884285413 ], [ 762952.397586561390199, 641672.900075717712753 ], [ 762979.517526857904159, 641485.382388691650704 ], [ 763100.521997765521519, 641234.341707317042165 ], [ 763136.315521544544026, 641103.343085799831897 ], [ 763132.639914581319317, 641006.805879342602566 ], [ 763111.281033460050821, 640988.905789731885307 ], [ 763107.951248310273513, 640929.645712768775411 ], [ 763094.485513234627433, 640880.439654715824872 ], [ 763096.769010728923604, 640824.536917904159054 ], [ 763030.421374807716347, 640790.956885107094422 ], [ 763004.564276163931936, 640765.217817161232233 ], [ 762969.678311638417654, 640789.798825469566509 ], [ 762870.616018507746048, 640894.835008838563226 ], [ 762791.907340187579393, 640838.879341450170614 ], [ 762719.970434588729404, 640763.913623686181381 ], [ 762641.300371803110465, 640646.465020798961632 ], [ 762553.327606773818843, 640726.142173167550936 ], [ 762524.213347913231701, 640755.951736488263123 ], [ 762526.873561380663887, 640854.480395136401057 ], [ 762525.000661794096231, 640950.283452361589298 ], [ 762488.668071620399132, 640968.555658374680206 ], [ 762338.463317120680586, 641111.060339940828271 ], [ 762282.96135692007374, 641167.97021637193393 ], [ 762226.282299483777024, 641261.093888680334203 ], [ 762188.261933458852582, 641354.1075503496686 ], [ 762160.043031652923673, 641394.764824453974143 ], [ 762079.06785511772614, 641457.990411101607606 ], [ 762034.46560193807818, 641539.312567254644819 ], [ 761965.321536139701493, 641592.595780434436165 ], [ 761890.753146611503325, 641593.458076108130626 ], [ 761808.939669103710912, 641538.268129673204385 ], [ 761716.13407706154976, 641615.046365758171305 ], [ 761679.761910975677893, 641614.117133782943711 ], [ 761506.375656673568301, 641467.142935978248715 ], [ 761466.592372730956413, 641464.861809800495394 ], [ 761370.044959727325477, 641345.039271764457226 ], [ 761248.52566262264736, 641147.251258125877939 ], [ 761149.062479359679855, 640951.269539527245797 ], [ 761073.669910900993273, 640793.497426691115834 ], [ 761022.8356547227595, 640618.561917290440761 ], [ 760990.846945709432475, 640487.255905706435442 ], [ 760974.940516077796929, 640472.559836912783794 ], [ 760973.818776802974753, 640451.087377811898477 ], [ 760993.166736296843737, 640412.681324201170355 ], [ 760985.724776569753885, 640305.782860553008504 ], [ 760995.794937361264601, 640184.660813959315419 ], [ 761042.223451700876467, 640113.276425017043948 ], [ 761077.698399503948167, 640094.314858009340242 ], [ 761124.97944527072832, 640108.807388470158912 ], [ 761187.780256877536885, 640035.628548656473868 ], [ 761235.983469445258379, 640031.129265572526492 ], [ 761537.909203892806545, 640037.635130898328498 ], [ 761583.387218758929521, 640036.754320121370256 ], [ 761707.038356282166205, 640094.679799834033474 ], [ 761742.50533372128848, 640090.185241973260418 ], [ 761792.250438550836407, 640076.523980759084225 ], [ 761810.777342380140908, 639997.122554887784645 ], [ 761952.624309178208932, 640032.459768272819929 ], [ 762018.10681124322582, 640032.49971668550279 ], [ 762086.290766122983769, 640067.792972605559044 ], [ 762119.001289364765398, 640117.530365795595571 ], [ 762225.270719213876873, 640332.735087350592948 ], [ 762320.267822425113991, 640406.839048588648438 ], [ 762445.231479741865769, 640526.684158883872442 ], [ 762436.121139163034968, 640557.18167642026674 ], [ 762466.782144177821465, 640611.445163401192985 ], [ 762498.60905730293598, 640614.852180786198005 ], [ 762542.919242891133763, 640648.770504601881839 ], [ 762538.926241668639705, 640662.990280242753215 ], [ 762547.904411484254524, 640673.709795070579275 ], [ 762615.45908354932908, 640595.015615131007507 ], [ 762578.180267383693717, 640617.160828726598993 ], [ 762540.692181594436988, 640585.5046429077629 ], [ 762457.776419116882607, 640476.974852991523221 ], [ 762436.174779148306698, 640472.445440943120047 ], [ 762337.362382858176716, 640333.402829424594529 ], [ 762261.277978998841718, 640209.062074790126644 ], [ 762226.100405948353, 640106.218868333729915 ], [ 762182.962843633024022, 640006.76865576650016 ], [ 762072.57953081629239, 639861.190160047030076 ], [ 761920.791669546160847, 639722.449262101086788 ], [ 761758.883711163070984, 639581.4677658068249 ], [ 761531.729851679177955, 639409.137990945484489 ], [ 761428.297807704424486, 639303.96526324248407 ], [ 761411.439387113670819, 639267.05493150674738 ], [ 761421.583734357845969, 639242.467850235989317 ], [ 761380.010041870176792, 639158.581902023754083 ], [ 761350.823946461896412, 639036.684810060658492 ], [ 761338.517305159475654, 638933.801164456177503 ], [ 761335.198964868322946, 638826.451268229284324 ], [ 761338.623782523209229, 638749.298616720363498 ], [ 761352.149004019331187, 638705.698734795907512 ], [ 761369.02589659334626, 638693.400941931526177 ], [ 761382.516239612014033, 638710.187752791913226 ], [ 761392.649169836076908, 638705.722177218645811 ], [ 761386.203004903974943, 638693.366617221618071 ], [ 761395.431820386904292, 638676.515492270700634 ], [ 761403.56030611298047, 638656.730728620314039 ], [ 761399.147076866589487, 638628.881226690020412 ], [ 761392.895089475554414, 638610.560157396597788 ], [ 761365.238919202354737, 638608.706861808081158 ], [ 761302.953695925069042, 638587.055242126923986 ], [ 761178.012583786388859, 638542.645591301145032 ], [ 761133.22476730204653, 638534.961146483197808 ], [ 761051.574587822891772, 638520.958376369788311 ], [ 760983.748866975773126, 638514.323849692009389 ], [ 760943.934657357516699, 638499.647679299581796 ], [ 760923.304713829886168, 638477.278959642513655 ], [ 760904.530746769160032, 638432.941431112354621 ], [ 760868.061934990924783, 638385.284812122583389 ], [ 760902.003699999651872, 638327.407225342700258 ], [ 760912.71723286039196, 638288.941016836790368 ], [ 760899.845911838812754, 638243.865225640358403 ], [ 760887.32731210871134, 638212.347864060662687 ], [ 760963.292597543215379, 638161.820695232483558 ], [ 761017.147570614819415, 638121.17614758585114 ], [ 761035.596170984208584, 638084.54055938415695 ], [ 761042.621122447773814, 638048.274875545292161 ], [ 761029.368149759364314, 638022.611953282379545 ], [ 761033.06884945218917, 637999.537382397684269 ], [ 761028.27993937546853, 637979.014738984638825 ], [ 761004.963807021966204, 637927.192654710379429 ], [ 760978.098017797688954, 637893.486827596207149 ], [ 760950.073172380565666, 637866.753191632218659 ], [ 760939.571008579456247, 637829.570145136211067 ], [ 760896.347586628980935, 637787.731466821744107 ], [ 760840.274177463026717, 637737.750858822371811 ], [ 760806.403143568546511, 637704.041407137177885 ], [ 760750.315920091699809, 637678.454778771381825 ], [ 760709.438803706783801, 637627.320735065964982 ], [ 760672.065991251613013, 637581.999346466851421 ], [ 760626.49373741610907, 637570.353316351654939 ], [ 760579.749513757997192, 637550.582897644606419 ], [ 760545.889555323286913, 637494.804446260910481 ], [ 760516.695959673728794, 637451.812014817958698 ], [ 760510.817716772318818, 637436.891231601592153 ], [ 755244.527452244306915, 637436.891231601592153 ] ] ] } },
{ "type": "Feature", "properties": { "cell_id": 92, "parish": "St. Catherine", "centroid_x": 760244.52745224419, "centroid_y": 652436.89123160159, "land_area_km2": 100.0, "total_buildings": 58, "damaged_buildings": 10, "Damage_Ratio": 0.17241379310344829, "Dist_km": 73.196309976067667, "Delta_P": 110.42488662631979, "DeltaP_x_Dist": 8082.6942305722323, "Pop_Dens": 2932.7711776859505, "ln_Pop_Dens": 7.9840439657794686, "Delta_P_c": -2.9530534369797579, "Dist_km_c": 20.13438064703368, "DeltaP_x_Dist_c": -59.457901971181528, "hat_y_ols": 0.19861155698238334, "hat_y_frac": 0.19054939151496994, "residual_frac": -0.018135598411521653, "abs_residual_frac": 0.018135598411521653, "basis_risk_category": "Concordant Alignment" }, "geometry": { "type": "Polygon", "coordinates": [ [ [ 755244.527452244306915, 647436.891231601592153 ], [ 755244.527452244306915, 657436.891231601592153 ], [ 765244.527452244306915, 657436.891231601592153 ], [ 765244.527452244306915, 647436.891231601592153 ], [ 755244.527452244306915, 647436.891231601592153 ] ] ] } },
{ "type": "Feature", "properties": { "cell_id": 93, "parish": "St. Catherine", "centroid_x": 760244.52745224419, "centroid_y": 662436.89123160159, "land_area_km2": 100.0, "total_buildings": 51, "damaged_buildings": 8, "Damage_Ratio": 0.15686274509803921, "Dist_km": 80.523226428340109, "Delta_P": 111.46939637673427, "DeltaP_x_Dist": 8975.8754442741683, "Pop_Dens": 1529.2951962809918, "ln_Pop_Dens": 7.3332159345219416, "Delta_P_c": -1.908543686565281, "Dist_km_c": 27.461297099306123, "DeltaP_x_Dist_c": -52.411085203774164, "hat_y_ols": 0.16647728915564886, "hat_y_frac": 0.16412647269882569, "residual_frac": -0.0072637276007864737, "abs_residual_frac": 0.0072637276007864737, "basis_risk_category": "Concordant Alignment" }, "geometry": { "type": "Polygon", "coordinates": [ [ [ 755244.527452244306915, 657436.891231601592153 ], [ 755244.527452244306915, 667436.891231601592153 ], [ 765244.527452244306915, 667436.891231601592153 ], [ 765244.527452244306915, 657436.891231601592153 ], [ 755244.527452244306915, 657436.891231601592153 ] ] ] } },
{ "type": "Feature", "properties": { "cell_id": 94, "parish": "St. Mary", "centroid_x": 760244.52745224419, "centroid_y": 672436.89123160159, "land_area_km2": 100.0, "total_buildings": 48, "damaged_buildings": 9, "Damage_Ratio": 0.1875, "Dist_km": 87.850142880612566, "Delta_P": 112.51390612714886, "DeltaP_x_Dist": 9884.362729325856, "Pop_Dens": 454.20338326446279, "ln_Pop_Dens": 6.1207443152635488, "Delta_P_c": -0.86403393615070456, "Dist_km_c": 34.788213551578579, "DeltaP_x_Dist_c": -30.058197086621721, "hat_y_ols": 0.12931657744508515, "hat_y_frac": 0.13506195939951157, "residual_frac": 0.052438040600488428, "abs_residual_frac": 0.052438040600488428, "basis_risk_category": "Concordant Alignment" }, "geometry": { "type": "Polygon", "coordinates": [ [ [ 755244.527452244306915, 667436.891231601592153 ], [ 755244.527452244306915, 677436.891231601592153 ], [ 765244.527452244306915, 677436.891231601592153 ], [ 765244.527452244306915, 667436.891231601592153 ], [ 755244.527452244306915, 667436.891231601592153 ] ] ] } },
{ "type": "Feature", "properties": { "cell_id": 95, "parish": "St. Mary", "centroid_x": 760244.52745224419, "centroid_y": 682436.89123160159, "land_area_km2": 100.0, "total_buildings": 45, "damaged_buildings": 5, "Damage_Ratio": 0.1111111111111111, "Dist_km": 94.613374735056851, "Delta_P": 114.77542672112963, "DeltaP_x_Dist": 10859.290458742296, "Pop_Dens": 138.28095945247935, "ln_Pop_Dens": 4.9364931840955935, "Delta_P_c": 1.397486657830072, "Dist_km_c": 41.55144540602285, "DeltaP_x_Dist_c": 58.067590568471573, "hat_y_ols": 0.090872483761806816, "hat_y_frac": 0.11755489001285806, "residual_frac": -0.0064437789017469521, "abs_residual_frac": 0.0064437789017469521, "basis_risk_category": "Concordant Alignment" }, "geometry": { "type": "Polygon", "coordinates": [ [ [ 755244.527452244306915, 677436.891231601592153 ], [ 755244.527452244306915, 687436.891231601592153 ], [ 765244.527452244306915, 687436.891231601592153 ], [ 765244.527452244306915, 677436.891231601592153 ], [ 755244.527452244306915, 677436.891231601592153 ] ] ] } },
{ "type": "Feature", "properties": { "cell_id": 96, "parish": "St. Mary", "centroid_x": 759284.67207911669, "centroid_y": 691139.88146636332, "land_area_km2": 63.955845556523556, "total_buildings": 41, "damaged_buildings": 8, "Damage_Ratio": 0.1951219512195122, "Dist_km": 99.719466339001499, "Delta_P": 115.80516771804344, "DeltaP_x_Dist": 11548.029524141855, "Pop_Dens": 100.90182247677365, "ln_Pop_Dens": 4.6240098250223634, "Delta_P_c": 2.4272276547438736, "Dist_km_c": 46.657537009967513, "DeltaP_x_Dist_c": 113.24846413282893, "hat_y_ols": 0.059189312695508658, "hat_y_frac": 0.10584859400855148, "residual_frac": 0.089273357210960719, "abs_residual_frac": 0.089273357210960719, "basis_risk_category": "Concordant Alignment" }, "geometry": { "type": "Polygon", "coordinates": [ [ [ 765244.527452244306915, 687436.891231601592153 ], [ 755244.527452244306915, 687436.891231601592153 ], [ 755244.527452244306915, 694710.071672382415272 ], [ 755288.793965525459498, 694783.165238890214823 ], [ 755356.736919076531194, 694855.518180175917223 ], [ 755374.365789356874302, 694878.468592929071747 ], [ 755351.59963720291853, 694901.728941282490268 ], [ 755283.922596784192137, 694980.099695863784291 ], [ 755285.846416982472874, 695016.427966467221268 ], [ 755304.113857783959247, 695022.166534450137988 ], [ 755315.337686959770508, 695012.927140750922263 ], [ 755333.931979011395015, 695021.222714574192651 ], [ 755335.534311969764531, 695034.926307304180227 ], [ 755377.840169819188304, 695077.962246391689405 ], [ 755386.173826200189069, 695089.110804037307389 ], [ 755395.461498485179618, 695089.113359699607827 ], [ 755398.030836951802485, 695082.738446278264746 ], [ 755395.793964367709123, 695071.270567163126543 ], [ 755408.942704990739003, 695055.335140767041594 ], [ 755407.021062161307782, 695050.242968731909059 ], [ 755395.153901569079608, 695055.02141263068188 ], [ 755390.348824255517684, 695045.777653665980324 ], [ 755400.93165717262309, 695023.786891264840961 ], [ 755448.396406098501757, 694981.096661821240559 ], [ 755483.982068434124812, 694986.209300316288136 ], [ 755531.429544536396861, 695005.659425362246111 ], [ 755553.234349779784679, 694982.089082482038066 ], [ 755592.656632147263736, 695020.342948420438915 ], [ 755607.71183767542243, 695063.039558896329254 ], [ 755631.426163293421268, 695086.633945377892815 ], [ 755648.088572215521708, 695124.881402135128155 ], [ 755641.66206698177848, 695169.48676701169461 ], [ 755560.458034230745398, 695255.445909314439632 ], [ 755443.854835898382589, 695164.339159860741347 ], [ 755375.230269313091412, 695232.194027350866236 ], [ 755355.676158934715204, 695218.485509989433922 ], [ 755337.723384545533918, 695221.978347970871255 ], [ 755327.140557964565232, 695244.600074526853859 ], [ 755340.59264288470149, 695278.064691614126787 ], [ 755373.292292873957194, 695286.685152649064548 ], [ 755456.719124536961317, 695372.934104902553372 ], [ 755463.735148598672822, 695372.283001556177624 ], [ 755470.551624035229906, 695367.315015611704439 ], [ 755470.712179238907993, 695359.92110661091283 ], [ 755466.297921156510711, 695351.518660561647266 ], [ 755476.685457192710601, 695347.514658669941127 ], [ 755488.306139110471122, 695354.524456614046358 ], [ 755494.969980221590959, 695366.3920708039077 ], [ 755495.970573372091167, 695377.726795888738707 ], [ 755475.13558895024471, 695373.370926130679436 ], [ 755470.970565192168579, 695380.564478307613172 ], [ 755470.746975584886968, 695386.663321155589074 ], [ 755614.307710955967195, 695533.38761330395937 ], [ 755680.670717171858996, 695539.15144982887432 ], [ 755716.56707994826138, 695562.096439958550036 ], [ 755735.482136940700002, 695555.095419598277658 ], [ 755706.963970350218005, 695521.30512209108565 ], [ 755724.277786629274487, 695498.054631874663755 ], [ 755772.377791478531435, 695485.317492296686396 ], [ 755820.147186464397237, 695483.106797754880972 ], [ 755835.407515472150408, 695508.270711237797514 ], [ 755833.542403285042383, 695526.755046352627687 ], [ 755824.229041627724655, 695542.779893582570367 ], [ 755821.129558646469377, 695555.109612750122324 ], [ 755839.741303053684533, 695537.858896681456827 ], [ 755845.325637044850737, 695519.364602296613157 ], [ 755880.722018114407547, 695517.858770447550341 ], [ 755944.542881505331025, 695509.53215945372358 ], [ 756053.263646630803123, 695587.32375356182456 ], [ 756153.320626507047564, 695594.361474985256791 ], [ 756219.812567292829044, 695692.064630123437382 ], [ 756232.56906088499818, 695747.468035738915205 ], [ 756444.76718996767886, 695861.822090300032869 ], [ 756669.738394398591481, 695909.360429964028299 ], [ 756899.33599425770808, 695897.740216908277944 ], [ 757117.127548808697611, 695956.327840498532169 ], [ 757281.963535706629045, 695927.133562585804611 ], [ 757493.855096868239343, 696020.833446060772985 ], [ 757735.203571177669801, 696056.037518776371144 ], [ 758282.718261927366257, 695950.941645186161622 ], [ 758571.157496588188224, 695986.164909575483762 ], [ 758936.165596171864308, 695927.818293009651825 ], [ 759195.214199521113187, 695886.983588010305539 ], [ 759725.142251175828278, 695647.32317875768058 ], [ 759877.598961109528318, 695665.098467191681266 ], [ 759925.272613815963268, 695705.944302400574088 ], [ 760101.823424861649983, 695817.209605789976195 ], [ 760308.564820248284377, 695755.874372817459516 ], [ 760640.684529665159062, 695670.368351994082332 ], [ 760682.803260778891854, 695664.54694720369298 ], [ 760717.06606814917177, 695707.412992421421222 ], [ 760756.245172670460306, 695724.95637902605813 ], [ 760870.867936049122363, 695697.757188389543444 ], [ 761152.860734157031402, 695566.628653011401184 ], [ 761152.877193485503085, 695537.71695991512388 ], [ 761177.131130414432846, 695528.776124726166017 ], [ 761200.682617236394435, 695528.789575815433636 ], [ 761214.529835242428817, 695537.065890059689991 ], [ 761236.69836138212122, 695535.00872751895804 ], [ 761248.477512316894718, 695519.873371266992763 ], [ 761241.571043956791982, 695495.075299881165847 ], [ 761246.412624290911481, 695490.94941723102238 ], [ 761254.729620824800804, 695488.198062982875854 ], [ 761265.10844102979172, 695501.287346968892962 ], [ 761268.576449990621768, 695497.160679950495251 ], [ 761295.615046998136677, 695459.996161601156928 ], [ 761324.713139686384238, 695442.800981979700737 ], [ 761347.586313852574676, 695428.35836970154196 ], [ 761386.376089970697649, 695424.938480836804956 ], [ 761448.04870271391701, 695372.652227060170844 ], [ 761488.909618156030774, 695387.131993309245445 ], [ 761517.313505350495689, 695383.020010648178868 ], [ 761565.813988793408498, 695361.010613415623084 ], [ 761579.684776719659567, 695329.350987059180625 ], [ 761639.274576086550951, 695298.404746856656857 ], [ 761644.83288721065037, 695261.914240354555659 ], [ 761660.789084755931981, 695224.057394236326218 ], [ 761685.046513862907887, 695210.302271239459515 ], [ 761721.749898234033026, 695215.836455413722433 ], [ 761764.72057819715701, 695183.497068337863311 ], [ 761857.600544823682867, 695072.710208435542881 ], [ 761848.636048559681512, 695010.044379676692188 ], [ 761878.450195857556537, 694963.938802192802541 ], [ 761879.16372068063356, 694919.874401514884084 ], [ 761889.569288178579882, 694906.111145905451849 ], [ 761902.045445464667864, 694893.035418619867414 ], [ 761904.139028945355676, 694855.856646753381938 ], [ 761874.358040098566562, 694846.883928323397413 ], [ 761865.370553027838469, 694822.095478793373331 ], [ 761856.394296905607916, 694778.711488468456082 ], [ 761866.819386423216201, 694715.371168893063441 ], [ 761859.214774088119157, 694692.653428345103748 ], [ 761840.516839287127368, 694685.060005126753822 ], [ 761837.757177643245086, 694670.602512054378167 ], [ 761832.922580350539647, 694645.130331948283128 ], [ 761850.25885141082108, 694615.531829389976338 ], [ 761841.272478397702798, 694588.673542151693255 ], [ 761829.496707891696133, 694579.025523667922243 ], [ 761809.408628913108259, 694581.083265948458575 ], [ 761805.265970302629285, 694564.555085763568059 ], [ 761808.759991211118177, 694517.736269345739856 ], [ 761792.847693668212742, 694481.232933712075464 ], [ 761821.274149581906386, 694442.000192103907466 ], [ 761830.292211721069179, 694416.536387958447449 ], [ 761826.845509025617503, 694384.855479441233911 ], [ 761835.171374633326195, 694368.334830353036523 ], [ 761853.205128162750043, 694321.535898049478419 ], [ 761873.300990857649595, 694307.081183072645217 ], [ 761877.478424446191639, 694283.673265857505612 ], [ 761895.485185533761978, 694281.62539940548595 ], [ 761899.642887465539388, 694273.359553090296686 ], [ 761931.519356563338079, 694260.992986681987531 ], [ 761971.042604433838278, 694202.485446072299965 ], [ 761965.5098255405901, 694178.385358247207478 ], [ 761950.978903815732338, 694163.920678638620302 ], [ 761921.878269661683589, 694163.902949076029472 ], [ 761876.86909648834262, 694138.395310490741394 ], [ 761834.631191723397933, 694108.074537212494761 ], [ 761828.414294916321523, 694079.148097866796888 ], [ 761737.006822972092777, 694035.028372083092108 ], [ 761715.923443928360939, 693986.545636029564776 ], [ 761675.42821320402436, 693903.483606737689115 ], [ 761640.106202702736482, 693898.63660951051861 ], [ 761617.250619231141172, 693880.03859403624665 ], [ 761592.317787499632686, 693871.755461654160172 ], [ 761524.453031357377768, 693843.490086210775189 ], [ 761498.147165134432726, 693815.935556214419194 ], [ 761465.612406664760783, 693778.736528127454221 ], [ 761464.311170434928499, 693745.197429343592376 ], [ 761443.467211956856772, 693737.403907114872709 ], [ 761406.09161933301948, 693683.676503510796465 ], [ 761372.16699715948198, 693655.431455065379851 ], [ 761359.021730992011726, 693618.930143092526123 ], [ 761364.589982917066664, 693565.216707303770818 ], [ 761306.433498689322732, 693521.118353617028333 ], [ 761289.816868882859126, 693493.569715583114885 ], [ 761246.196332382620312, 693456.364691925235093 ], [ 761227.514733591466211, 693417.790449716965668 ], [ 761178.350465249153785, 693391.595812880317681 ], [ 761128.494112143176608, 693355.760027308133431 ], [ 761099.445714640896767, 693261.415679947240278 ], [ 761107.814773082500324, 693168.465095398249105 ], [ 761137.633893540827557, 693115.462738638278097 ], [ 761108.597707709064707, 693017.66498321807012 ], [ 761098.950757515034638, 692922.634380107396282 ], [ 761076.831841130275279, 692831.736452853423543 ], [ 761099.733592250035144, 692753.249934806954116 ], [ 761075.536258208681829, 692674.736775661236607 ], [ 761106.071425878326409, 692571.46064681513235 ], [ 761161.556997104664333, 692468.209852586616762 ], [ 761213.540716685936786, 692428.292491799686104 ], [ 761259.967530025518499, 692404.222495853551663 ], [ 761308.469134285347536, 692392.539714404498227 ], [ 761361.124270753702149, 692380.184268790762872 ], [ 761392.307622345746495, 692365.049287211149931 ], [ 761397.172595287789591, 692340.258168485248461 ], [ 761385.032652686699294, 692318.102589586284012 ], [ 761310.604387269122526, 692281.676583360997029 ], [ 761247.59377968031913, 692236.889457925222814 ], [ 761223.353096093633212, 692215.523989500943571 ], [ 761219.909668417065404, 692194.181518624536693 ], [ 761232.419476648792624, 692124.632834156276658 ], [ 761237.293384187156335, 692084.013421846670099 ], [ 761315.608057972742245, 692016.572505925432779 ], [ 761398.080756375915371, 691978.056890683248639 ], [ 761446.580277653061785, 691971.886680894880556 ], [ 761481.878775961464271, 692022.86771551403217 ], [ 761490.870055351871997, 692044.213478016899899 ], [ 761507.483937492710538, 692060.062566745094955 ], [ 761536.579178802319802, 692074.546493492671289 ], [ 761594.776498705381528, 692073.883515851688571 ], [ 761627.346938050701283, 692055.318434747867286 ], [ 761650.931671511847526, 692006.441909251618199 ], [ 761642.647104781703092, 691952.034232946461998 ], [ 761613.266191579168662, 691920.116752921137959 ], [ 761508.569662239868194, 691812.86553372151684 ], [ 761382.32036765886005, 691693.360369749716483 ], [ 761336.159609879599884, 691601.45223769673612 ], [ 761385.552259298390709, 691423.850244656554423 ], [ 761402.017493967083283, 691405.618590968195349 ], [ 761480.788468212471344, 691304.507691504899412 ], [ 761571.641280545736663, 691254.574869583710097 ], [ 761581.405583849409595, 691220.101630443008617 ], [ 761854.513152610627003, 691093.982145131449215 ], [ 762083.172187230898999, 690987.164981062756851 ], [ 762172.536009408067912, 690906.186365097644739 ], [ 762274.012460610596463, 690843.555019051884301 ], [ 762391.439686698140576, 690806.5835656367708 ], [ 762531.512283949530683, 690793.534104642109014 ], [ 762731.324626731453463, 690754.446528007974848 ], [ 762859.899025282822549, 690838.38690555433277 ], [ 762923.648615325218998, 690885.647897810791619 ], [ 762909.307384642423131, 690981.65938411548268 ], [ 762868.970735907787457, 691057.652670046314597 ], [ 762826.722608874086291, 691164.29403146635741 ], [ 762935.476304660667665, 691267.459416134050116 ], [ 763013.367932635359466, 691309.693821499007754 ], [ 763050.844899441115558, 691306.619509370648302 ], [ 763071.037110833916813, 691296.272661295253783 ], [ 763104.956038040225394, 691256.481189475045539 ], [ 763135.236173058627173, 691347.951098928111605 ], [ 763236.300655276863836, 691378.114918050356209 ], [ 763321.01930767390877, 691341.036821405403316 ], [ 763300.751734566758387, 691306.58831280330196 ], [ 763255.122836380964145, 691284.021511859842576 ], [ 763209.915113187627867, 691247.929146753624082 ], [ 763187.675111104384996, 691191.640882676932961 ], [ 763166.709820238756947, 691125.46915704139974 ], [ 763187.434781942982227, 691077.644172790693119 ], [ 763208.606539884349331, 691041.308825119864196 ], [ 763279.384069744264707, 691008.394078822457232 ], [ 763312.254833607119508, 690972.741970185190439 ], [ 763374.619667374063283, 690940.784835161874071 ], [ 763437.632597488234751, 690904.135217904113233 ], [ 763497.757607677252963, 690856.448327494203113 ], [ 763565.332599203917198, 690810.349605038063601 ], [ 763633.965784219442867, 690762.77971965202596 ], [ 763661.243652148055844, 690716.553721560630947 ], [ 763658.943988164071925, 690680.091849066549912 ], [ 763693.93658249382861, 690619.481986068189144 ], [ 763760.893612569314428, 690507.04887950012926 ], [ 763791.871877932804637, 690474.838641846319661 ], [ 763875.879083760315552, 690449.484244138933718 ], [ 763967.405694242217578, 690417.339392996625975 ], [ 764045.851002671290189, 690411.230206292704679 ], [ 764100.768793845898472, 690436.738692857557908 ], [ 764171.919755510054529, 690433.270178998936899 ], [ 764203.714827981311828, 690456.316066562430933 ], [ 764220.480901070404798, 690479.738498617662117 ], [ 764263.051238245912828, 690480.112567209289409 ], [ 764283.180118240881711, 690442.703999641467817 ], [ 764303.080998889287002, 690399.218580813147128 ], [ 764307.554145134869032, 690366.73525636352133 ], [ 764275.207324083894491, 690332.133096482371911 ], [ 764264.03356157662347, 690306.655919214012101 ], [ 764283.182467629550956, 690279.983272843412124 ], [ 764309.044753190362826, 690264.849114331998862 ], [ 764341.303970165550709, 690274.812373551772907 ], [ 764369.482536274939775, 690271.822334736585617 ], [ 764402.643120628898032, 690234.478808499407023 ], [ 764443.392133061424829, 690182.950883967569098 ], [ 764546.451933938311413, 690164.509213788900524 ], [ 764623.997591186081991, 690105.094915185356513 ], [ 764691.153216511243954, 690103.761561770923436 ], [ 764764.912309670937248, 690105.200582603923976 ], [ 764753.583068488631397, 690062.300920278998092 ], [ 764732.92798432323616, 690038.786577233928256 ], [ 764737.068530382821336, 689999.905427743447945 ], [ 764707.432764580124058, 689986.467926874873228 ], [ 764647.303455384331755, 689905.134537223726511 ], [ 764696.414803179213777, 689824.192889397381805 ], [ 764751.080080600338988, 689849.249163844739087 ], [ 764811.915351477451622, 689877.165972658898681 ], [ 764866.731306529836729, 689856.464787136414088 ], [ 764880.79366151872091, 689821.288147946470417 ], [ 764891.860364656429738, 689833.970185486250557 ], [ 764910.854995000292547, 689872.879948650370352 ], [ 764944.947654648218304, 689849.008652597549371 ], [ 764972.606420330004767, 689863.286217639804818 ], [ 765023.617987065925263, 689814.689508508890867 ], [ 765001.859514704090543, 689796.752658256911673 ], [ 765013.271954404772259, 689771.934366421890445 ], [ 765075.739453261485323, 689752.490392791805789 ], [ 765029.33611595374532, 689676.512598968460225 ], [ 765099.7539804126136, 689613.231805974501185 ], [ 765235.397773319040425, 689545.961811205954291 ], [ 765244.527452244306915, 689537.11088036512956 ], [ 765244.527452244306915, 687436.891231601592153 ] ] ] } },
{ "type": "Feature", "properties": { "cell_id": 97, "parish": "St. Andrew", "centroid_x": 770272.65824038826, "centroid_y": 652490.50787854195, "land_area_km2": 98.824061985211443, "total_buildings": 64, "damaged_buildings": 12, "Damage_Ratio": 0.1875, "Dist_km": 80.060346792445543, "Delta_P": 109.30280449116594, "DeltaP_x_Dist": 8750.8204329496202, "Pop_Dens": 2965.6752403846153, "ln_Pop_Dens": 7.9951971570652312, "Delta_P_c": -4.0751355721336182, "Dist_km_c": 26.998417463411556, "DeltaP_x_Dist_c": -110.02221139646193, "hat_y_ols": 0.16325843040187316, "hat_y_frac": 0.15617020366143536, "residual_frac": 0.031329796338564642, "abs_residual_frac": 0.031329796338564642, "basis_risk_category": "Concordant Alignment" }, "geometry": { "type": "Polygon", "coordinates": [ [ [ 765244.527452244306915, 647436.891231601592153 ], [ 765244.527452244306915, 657436.891231601592153 ], [ 775244.527452244306915, 657436.891231601592153 ], [ 775244.527452244306915, 647436.891231601592153 ], [ 769170.914635118446313, 647436.891231601592153 ], [ 769272.998352032271214, 647560.158170050592162 ], [ 769211.899710388970561, 647608.576231395825744 ], [ 769185.738457514322363, 647586.392479724134319 ], [ 769157.047106346348301, 647573.625180007773452 ], [ 769109.018652082770132, 647578.92424153489992 ], [ 769105.022354832733981, 647582.196487290551886 ], [ 769061.593181094387546, 647617.760106543428265 ], [ 769001.615760404500179, 647668.45992444222793 ], [ 768989.374262652941979, 647654.834418418933637 ], [ 768964.109369892627001, 647647.50511136604473 ], [ 768940.586736137629487, 647667.703684129402973 ], [ 768841.110116732888855, 647552.405934587004595 ], [ 767441.93448377866298, 648779.205415378790349 ], [ 767428.346627696533687, 648764.286379337427206 ], [ 767348.292236758861691, 648833.676790337194689 ], [ 767293.915075152763166, 648616.686527892597951 ], [ 767192.540454007452354, 648505.383803193108179 ], [ 767158.556585277547128, 648379.986534968833439 ], [ 767141.578164355130866, 648307.686427545384504 ], [ 767206.416708732023835, 648249.669200281612575 ], [ 768123.830007700715214, 647436.891231601592153 ], [ 767578.106024865759537, 647436.891231601592153 ], [ 767451.385627437848598, 647547.287322311080061 ], [ 767385.642202797578648, 647607.040585509734228 ], [ 767317.95893262908794, 647656.997163356165402 ], [ 767303.265049146371894, 647672.534779020934366 ], [ 767241.650340727996081, 647711.495358116575517 ], [ 767182.260557678993791, 647774.187914449721575 ], [ 767111.550376809085719, 647774.126175134908408 ], [ 767067.385799300856888, 647746.484099485096522 ], [ 767035.781706635258161, 647720.214382248814218 ], [ 767006.434663098421879, 647692.684916701400653 ], [ 766987.91775430587586, 647671.119455733336508 ], [ 766956.140547977294773, 647661.075435402104631 ], [ 766908.062787114875391, 647613.873152995249256 ], [ 766877.829389682272449, 647569.718955247546546 ], [ 766848.209307772573084, 647575.969088036101311 ], [ 766817.754195079091005, 647436.891231601592153 ], [ 765244.527452244306915, 647436.891231601592153 ] ] ] } },
{ "type": "Feature", "properties": { "cell_id": 98, "parish": "St. Andrew", "centroid_x": 770244.52745224419, "centroid_y": 662436.89123160159, "land_area_km2": 100.0, "total_buildings": 55, "damaged_buildings": 7, "Damage_Ratio": 0.12727272727272726, "Dist_km": 87.328834064798414, "Delta_P": 110.34487729134457, "DeltaP_x_Dist": 9636.2894788763733, "Pop_Dens": 1625.558712121212, "ln_Pop_Dens": 7.394221842477541, "Delta_P_c": -3.0330627719550023, "Dist_km_c": 34.266904735764427, "DeltaP_x_Dist_c": -103.93367306417565, "hat_y_ols": 0.13175980778791377, "hat_y_frac": 0.13436485728408282, "residual_frac": -0.0070921300113556129, "abs_residual_frac": 0.0070921300113556129, "basis_risk_category": "Concordant Alignment" }, "geometry": { "type": "Polygon", "coordinates": [ [ [ 765244.527452244306915, 657436.891231601592153 ], [ 765244.527452244306915, 667436.891231601592153 ], [ 775244.527452244306915, 667436.891231601592153 ], [ 775244.527452244306915, 657436.891231601592153 ], [ 765244.527452244306915, 657436.891231601592153 ] ] ] } },
{ "type": "Feature", "properties": { "cell_id": 99, "parish": "St. Mary", "centroid_x": 770244.52745224419, "centroid_y": 672436.89123160159, "land_area_km2": 100.0, "total_buildings": 48, "damaged_buildings": 5, "Damage_Ratio": 0.10416666666666667, "Dist_km": 94.655750517070857, "Delta_P": 111.38938704175916, "DeltaP_x_Dist": 10543.6460300742, "Pop_Dens": 525.99017518939399, "ln_Pop_Dens": 6.2671819054632056, "Delta_P_c": -1.9885530215403975, "Dist_km_c": 41.59382118803687, "DeltaP_x_Dist_c": -82.71151880088172, "hat_y_ols": 0.095063776606653647, "hat_y_frac": 0.11053733825906008, "residual_frac": -0.0063706715923934759, "abs_residual_frac": 0.0063706715923934759, "basis_risk_category": "Concordant Alignment" }, "geometry": { "type": "Polygon", "coordinates": [ [ [ 765244.527452244306915, 667436.891231601592153 ], [ 765244.527452244306915, 677436.891231601592153 ], [ 775244.527452244306915, 677436.891231601592153 ], [ 775244.527452244306915, 667436.891231601592153 ], [ 765244.527452244306915, 667436.891231601592153 ] ] ] } },
{ "type": "Feature", "properties": { "cell_id": 100, "parish": "St. Mary", "centroid_x": 769055.65524164226, "centroid_y": 681640.70630540361, "land_area_km2": 70.253745135339926, "total_buildings": 42, "damaged_buildings": 4, "Damage_Ratio": 0.095238095238095233, "Dist_km": 100.59020914633761, "Delta_P": 112.4844254494102, "DeltaP_x_Dist": 11314.831881661792, "Pop_Dens": 162.70151909722222, "ln_Pop_Dens": 5.0980447640971489, "Delta_P_c": -0.89351461388936571, "Dist_km_c": 47.528279817303613, "DeltaP_x_Dist_c": -42.46721258978377, "hat_y_ols": 0.061499230148072744, "hat_y_frac": 0.09300381906342306, "residual_frac": 0.0022342761746721451, "abs_residual_frac": 0.0022342761746721451, "basis_risk_category": "Concordant Alignment" }, "geometry": { "type": "Polygon", "coordinates": [ [ [ 775244.527452244306915, 677436.891231601592153 ], [ 765244.527452244306915, 677436.891231601592153 ], [ 765244.527452244306915, 687436.891231601592153 ], [ 768154.81911607272923, 687436.891231601592153 ], [ 768162.826912883552723, 687425.191193398553878 ], [ 768245.317220529424958, 687403.008811029489152 ], [ 768345.213984344271012, 687293.788347450899892 ], [ 768536.716352680930868, 687205.917658869060688 ], [ 768742.416058004484512, 687195.996570918592624 ], [ 768905.441855406272225, 687077.741069509997033 ], [ 769023.568428550381213, 687065.702029697480612 ], [ 769133.639822759083472, 686967.64162165322341 ], [ 769222.240972791914828, 686947.483821727451868 ], [ 769247.742252189666033, 686910.063726728199981 ], [ 769277.248995733913034, 686927.293352897861041 ], [ 769314.923542722361162, 686926.323200802784413 ], [ 769345.49350286507979, 686905.101611992809922 ], [ 769354.727179101901129, 686835.267778936424293 ], [ 769391.398143141530454, 686823.161758760572411 ], [ 769402.580973153118975, 686845.442874477710575 ], [ 769442.251118655200116, 686878.876192261348478 ], [ 769483.994952616863884, 686889.045427498640493 ], [ 769545.092031490523368, 686890.113504288019612 ], [ 769568.521066343644634, 686874.961813342059031 ], [ 769582.822280821856111, 686833.479867165791802 ], [ 769599.155146961566061, 686789.974410142982379 ], [ 769629.725638758041896, 686768.742201462038793 ], [ 769677.571938548586331, 686775.874091480509378 ], [ 769691.817518131341785, 686790.067290525883436 ], [ 769683.644164932891726, 686813.336371316574514 ], [ 769692.769254003884271, 686852.816210416145623 ], [ 769701.917705302708782, 686869.018785745487548 ], [ 769737.549585975939408, 686881.196905616670847 ], [ 769770.134314887342043, 686875.164147054427303 ], [ 769777.287510220427066, 686846.824645374203101 ], [ 769807.844794948818162, 686838.764347927179188 ], [ 769877.095044824294746, 686836.808901135460474 ], [ 769935.132953076739796, 686831.80949145462364 ], [ 769929.048855345114134, 686806.500455948989838 ], [ 769968.778249135822989, 686791.354758140980266 ], [ 770005.449675700394437, 686779.249887885176577 ], [ 770050.292884881375358, 686745.890642328886315 ], [ 770068.581816465244628, 686775.263317810371518 ], [ 770092.99628421314992, 686799.583935096627101 ], [ 770099.077062329044566, 686827.925817860290408 ], [ 770120.457299380679615, 686831.998867192189209 ], [ 770153.070497127249837, 686808.755082324962132 ], [ 770200.922773225815035, 686809.811588655109517 ], [ 770229.40986894571688, 686831.092707139556296 ], [ 770262.989848671131767, 686854.40468885586597 ], [ 770310.896624776418321, 686812.958046333515085 ], [ 770338.442265154793859, 686753.271449822932482 ], [ 770339.526431797654368, 686696.601287768455222 ], [ 770296.772025260725059, 686682.389144804910757 ], [ 770241.782130044186488, 686683.339519173139706 ], [ 770209.226153476978652, 686661.035880795912817 ], [ 770183.815616568201222, 686618.506237931083888 ], [ 770221.488725267816335, 686619.552313669701107 ], [ 770226.600406827405095, 686593.247506358311512 ], [ 770280.589378637028858, 686579.135478805750608 ], [ 770286.752717326628044, 686527.517873184988275 ], [ 770424.226972989970818, 686516.525630791089498 ], [ 770472.146545498515479, 686463.944403279107064 ], [ 770547.486941412207671, 686472.125461435876787 ], [ 770583.157339894794859, 686437.75059511885047 ], [ 770588.284380133496597, 686407.394797348417342 ], [ 770523.119255027733743, 686403.275344720692374 ], [ 770516.038994134869426, 686360.753424812341109 ], [ 770484.494431683793664, 686331.366495609632693 ], [ 770460.092538586235605, 686305.030939336284064 ], [ 770407.1364850634709, 686311.052393237594515 ], [ 770344.001675119390711, 686305.917339874780737 ], [ 770323.669370251009241, 686279.586179415113293 ], [ 770297.261514736455865, 686209.715942364069633 ], [ 770273.887539464980364, 686160.104424154036678 ], [ 770305.536504046642222, 686089.287087955861352 ], [ 770334.067585289361887, 686069.072201758855954 ], [ 770516.350472517777234, 686063.185498311417177 ], [ 770623.33207591495011, 686000.549897865508683 ], [ 770657.986503529245965, 685968.199680574471131 ], [ 770714.033912822720595, 685928.777154076844454 ], [ 770721.211147087742575, 685889.31413308752235 ], [ 770680.496560479863547, 685874.085021700710058 ], [ 770704.945733953034505, 685855.891928776516579 ], [ 770751.793891827575862, 685858.98533635691274 ], [ 770777.249240797944367, 685859.012303699157201 ], [ 770813.896053752745502, 685872.200674394029193 ], [ 770838.294775919988751, 685901.580510166240856 ], [ 770890.237228086683899, 685895.570212708902545 ], [ 770917.74680442083627, 685882.438993788673542 ], [ 770922.924213964492083, 685805.51779764238745 ], [ 770863.884541248087771, 685785.210408134036697 ], [ 770830.291606892948039, 685773.032433313317597 ], [ 770814.039004928665236, 685737.584606969030574 ], [ 770796.810329351457767, 685655.581272463663481 ], [ 770785.63698216539342, 685625.208280924824066 ], [ 770763.766124035115354, 685594.181984095019288 ], [ 770719.096174433128908, 685519.997317015309818 ], [ 770669.504087330657057, 685391.449753081426024 ], [ 770575.152094831457362, 685282.623795955092646 ], [ 770510.603242168785073, 685191.118600378162228 ], [ 770393.833384499768727, 685116.859417906729504 ], [ 770264.632994164596312, 685040.119794128229842 ], [ 770182.701312211924233, 684928.829283437458798 ], [ 770023.642324397689663, 684864.413082037121058 ], [ 769991.354896596982144, 684834.727419600938447 ], [ 770001.350787228788249, 684787.784735322347842 ], [ 770133.185434993240051, 684721.198358972906135 ], [ 770370.134293046314269, 684575.426608725683764 ], [ 770527.281841842341237, 684487.606512387283146 ], [ 770635.881443691556342, 684402.570071456371807 ], [ 770712.991623296169564, 684394.139675659593195 ], [ 770730.095741337980144, 684425.37110796244815 ], [ 770810.048238512361422, 684428.300447016023099 ], [ 770853.07593570498284, 684249.522472383570857 ], [ 770964.46593956660945, 684226.939670234569348 ], [ 770993.093977015698329, 684158.843321905937046 ], [ 771081.630629112711176, 684153.27123924519401 ], [ 771107.569757764111273, 683931.894804691779427 ], [ 771170.429598330636509, 683895.071099971421063 ], [ 771181.919510592357256, 683838.312900369637646 ], [ 771124.898602777859196, 683744.578210210311227 ], [ 771153.504775982466526, 683707.706510209012777 ], [ 771253.457203096011654, 683696.469361929805018 ], [ 771236.388469947269186, 683642.51381951244548 ], [ 771327.836350038531236, 683577.330802301759832 ], [ 771387.782547292415984, 683605.775874278158881 ], [ 771496.37520374066662, 683534.93419562256895 ], [ 771559.37753937963862, 683370.369835341116413 ], [ 771553.755770273273811, 683290.891511575551704 ], [ 771736.756247151060961, 683081.034813216538168 ], [ 771848.325828685658053, 682913.691877930075862 ], [ 771842.688208624138497, 682839.880605908110738 ], [ 771799.924145188066177, 682780.217882479075342 ], [ 771802.882988702855073, 682686.54818747274112 ], [ 771914.263940274482593, 682680.994224772672169 ], [ 771860.086260343668982, 682607.128776219440624 ], [ 771811.923917982145213, 682257.929542046738788 ], [ 771843.662385240662843, 681965.578858541208319 ], [ 771955.309168817941099, 681735.76624684187118 ], [ 771994.677450515097007, 681657.223939950345084 ], [ 772178.573385059018619, 681290.321916792890988 ], [ 772464.613375713932328, 680910.245352177531458 ], [ 772707.704097902635112, 680637.996920568752103 ], [ 772899.300044849747792, 680433.817952744895592 ], [ 772915.114453915157355, 680419.524874479277059 ], [ 773124.931838682037778, 680172.412700088578276 ], [ 773272.971714971004985, 680065.079693794599734 ], [ 773415.761395996436477, 679990.116857074783184 ], [ 773565.363859277684242, 679957.655149826547131 ], [ 773765.334463190985844, 679932.350468950578943 ], [ 773923.905198338325135, 679977.746992777334526 ], [ 773919.959543532691896, 679996.248678825329989 ], [ 773982.651534314383753, 680042.126641699695028 ], [ 773996.354305777233094, 680060.660978829488158 ], [ 774150.146610667929053, 680155.363591749686748 ], [ 774250.684182138764299, 680174.403729039011523 ], [ 774476.189977223053575, 680217.120526968734339 ], [ 774596.167312235455029, 680190.031131721101701 ], [ 774615.601760670775548, 680199.242365172714926 ], [ 774655.928965580766089, 680218.364038846688345 ], [ 774818.630138217355125, 680246.827167973853648 ], [ 774855.989178322837688, 680271.546152318129316 ], [ 774902.844061501324177, 680320.982132558943704 ], [ 774903.807647235109471, 680336.578856175765395 ], [ 774944.963492795242928, 680352.226676670252346 ], [ 775023.246922389371321, 680457.554565226892009 ], [ 775125.145919464528561, 680501.538247727788985 ], [ 775244.527452244306915, 680462.610269510885701 ], [ 775244.527452244306915, 677436.891231601592153 ] ] ] } },
{ "type": "Feature", "properties": { "cell_id": 101, "parish": "Kingston", "centroid_x": 781435.68482535554, "centroid_y": 645758.04995045229, "land_area_km2": 27.605230700762771, "total_buildings": 18, "damaged_buildings": 1, "Damage_Ratio": 0.055555555555555552, "Dist_km": 82.724649013954377, "Delta_P": 107.34428905160053, "DeltaP_x_Dist": 8880.0186354461184, "Pop_Dens": 2251.3760416666669, "ln_Pop_Dens": 7.7197409565216661, "Delta_P_c": -6.0336510116990354, "Dist_km_c": 29.66271968492039, "DeltaP_x_Dist_c": -178.9744986366648, "hat_y_ols": 0.14615291437120209, "hat_y_frac": 0.13224133220545861, "residual_frac": -0.076685776649903115, "abs_residual_frac": 0.076685776649903115, "basis_risk_category": "Concordant Alignment" }, "geometry": { "type": "Polygon", "coordinates": [ [ [ 775244.527452244306915, 647436.891231601592153 ], [ 785244.527452244306915, 647436.891231601592153 ], [ 785244.527452244306915, 643206.616575029445812 ], [ 785171.817803155514412, 643225.107637349283323 ], [ 785090.102290588780306, 643273.981631987146102 ], [ 785037.283367283991538, 643325.442060302011669 ], [ 784977.660292206332088, 643378.594986007781699 ], [ 784904.47387031337712, 643409.731883379165083 ], [ 784834.727327996282838, 643418.905185173382051 ], [ 784751.405004808562808, 643412.847288053599186 ], [ 784662.134603724814951, 643397.471064613084309 ], [ 784042.457236725487746, 643255.237230586237274 ], [ 783974.480530254542828, 643227.228200641926378 ], [ 783869.884476195788011, 643227.047569490037858 ], [ 783752.615848891320638, 643178.666749655851163 ], [ 783733.831688311765902, 643179.032929425011389 ], [ 783683.819763081264682, 643170.911743761273101 ], [ 783670.132487052353099, 643176.831788740004413 ], [ 783625.106818584958091, 643152.239061874221079 ], [ 783556.206046997220255, 643162.270585191319697 ], [ 783507.676584707107395, 643191.772481665480882 ], [ 783462.59891617228277, 643197.60594548645895 ], [ 783431.145749385934323, 643190.789846449508332 ], [ 783365.676631710957736, 643188.996196490712464 ], [ 783342.49928067298606, 643218.574784701108001 ], [ 783333.289279247284867, 643226.970826763776131 ], [ 783300.931259553879499, 643253.966113623231649 ], [ 783250.733109676861204, 643268.247328805155121 ], [ 783243.253654633765109, 643268.234669295488857 ], [ 783180.552021475159563, 643277.702466875431128 ], [ 783168.249802693957463, 643282.101186005515046 ], [ 783028.218499367707409, 643372.320561899337918 ], [ 783028.004743339726701, 643499.447165428195149 ], [ 783009.915963082807139, 643559.017902815598063 ], [ 782929.880610452848487, 643614.500233124475926 ], [ 782893.621548749040812, 643623.135450203553773 ], [ 782855.05791043501813, 643638.326077764388174 ], [ 782795.035570769454353, 643646.614408509805799 ], [ 782755.94326527742669, 643655.924674372072332 ], [ 782568.08787087816745, 643651.638894244213589 ], [ 782402.260672303382307, 643619.577368019148707 ], [ 782221.139865524950437, 643707.391725466935895 ], [ 782118.993463032180443, 643739.675790923763998 ], [ 782091.680049027898349, 643741.103190681431442 ], [ 782086.641953965532593, 643741.384266512235627 ], [ 782084.294274881947786, 643742.220060656312853 ], [ 782068.80880659003742, 643753.473058774368837 ], [ 782054.277959497878328, 643764.019275337108411 ], [ 782032.204998802859336, 643819.599940489162691 ], [ 782000.073354633292183, 643910.924936683382839 ], [ 781612.881500047864392, 644226.056839741300792 ], [ 781337.850647665560246, 644364.729787032934837 ], [ 781284.334421494975686, 644369.835368089610711 ], [ 780968.538556078332476, 644337.381612992030568 ], [ 780827.776570511050522, 644300.137729198439047 ], [ 780668.397533873911016, 644292.295584941399284 ], [ 780328.195173336425796, 644154.701272378326394 ], [ 780295.186898575746454, 644133.045605146093294 ], [ 780282.68434914376121, 644127.470191589556634 ], [ 780268.314475708408281, 644123.729195736465044 ], [ 780234.078794597182423, 644114.811003748793155 ], [ 780130.798978383420035, 644102.211874284083024 ], [ 779914.358358713565394, 644033.08238986833021 ], [ 779790.999585504760034, 644043.531248719082214 ], [ 779694.740311818663031, 644053.579112443258055 ], [ 779589.633336550672539, 644072.014725490123965 ], [ 779549.529118789476342, 644069.619004903244786 ], [ 779516.380378041998483, 644063.227202899870463 ], [ 779450.951416473719291, 644050.51147710159421 ], [ 779344.083700780523941, 644006.732566717080772 ], [ 779238.946821990888566, 643967.02983808121644 ], [ 779124.606171794119291, 643925.532078043906949 ], [ 779019.02478670689743, 643877.772372453124262 ], [ 778923.94109332037624, 643837.411043193540536 ], [ 778793.056291117565706, 643792.581535042379983 ], [ 778650.407021851744503, 643765.466660684789531 ], [ 778533.166150666656904, 643742.462736768298782 ], [ 778441.300855436827987, 643717.083417600253597 ], [ 778328.859063582494855, 643715.725586214917712 ], [ 778162.077708893688396, 643665.004652876988985 ], [ 777888.96464190504048, 643554.056832094560377 ], [ 777751.162087039090693, 643528.626645866315812 ], [ 777640.675449062488042, 643529.843291427474469 ], [ 777577.165460136253387, 643551.701846092822962 ], [ 777483.901161184185185, 643563.092905911733396 ], [ 777329.09204509248957, 643592.926497232518159 ], [ 777102.890038634533994, 643607.89797319448553 ], [ 776987.984442194690928, 643625.82485606148839 ], [ 776846.844444180838764, 643677.684196204645559 ], [ 776761.831440742826089, 643721.939756694366224 ], [ 776688.030718978494406, 643763.56566737103276 ], [ 776541.648616644088179, 643815.375809918274172 ], [ 776425.52669756533578, 643848.877002766355872 ], [ 776221.185154186561704, 643854.613076313282363 ], [ 776114.776116601657122, 643858.068412392633036 ], [ 775928.458157428889535, 643837.235121440025978 ], [ 775844.369997396250255, 643824.816697677597404 ], [ 775779.806601857184432, 643804.023645705776289 ], [ 775637.578679705155082, 643783.79336319246795 ], [ 775494.994113669614308, 643727.957927676150575 ], [ 775244.527452244306915, 643571.87404316838365 ], [ 775244.527452244306915, 643867.063418429461308 ], [ 775287.884267736459151, 643850.710900656413287 ], [ 775374.730931490776129, 643851.929699661908671 ], [ 775465.990563735947944, 643873.076985509251244 ], [ 775536.354568398790434, 643897.639664028189145 ], [ 775578.414968177326955, 643895.347976636956446 ], [ 775692.724478082498536, 643917.87664142192807 ], [ 775806.880891000386328, 643927.721853506984189 ], [ 775842.238107865676284, 643923.36327894043643 ], [ 775950.537844052654691, 643931.851326769916341 ], [ 776085.061093925382011, 643953.291125155752525 ], [ 776229.941425330587663, 643945.492972350446507 ], [ 776331.433420096873306, 643934.937085941550322 ], [ 776401.083342465455644, 643914.444115132209845 ], [ 776517.659155225148425, 643889.68710226600524 ], [ 776576.805051013128832, 643865.727363728685305 ], [ 776676.721772571676411, 643845.453434049268253 ], [ 776742.232476653764024, 643815.492920383345336 ], [ 776835.482253350666724, 643782.515737928915769 ], [ 776885.974199037184007, 643750.42120551050175 ], [ 776946.494741890230216, 643721.240371977095492 ], [ 777037.847463936894201, 643712.467242799350061 ], [ 777205.235848455340602, 643693.83851141796913 ], [ 777310.701584305614233, 643661.01332527177874 ], [ 777454.966663201572374, 643640.539434803416952 ], [ 777566.28898075374309, 643647.302938766079023 ], [ 777653.647780798957683, 643623.928390180226415 ], [ 777734.163562346133403, 643622.724818149697967 ], [ 777803.22344075969886, 643631.721111958147958 ], [ 777844.321431351825595, 643658.763086945633404 ], [ 777913.407591630006209, 643678.960611989954486 ], [ 778015.737544467090629, 643713.859787026769482 ], [ 778130.856170462095179, 643769.408543176483363 ], [ 778259.129644333035685, 643804.301890086033382 ], [ 778405.938029169919901, 643827.214100678917021 ], [ 778443.795704018790275, 643845.121556514408439 ], [ 778485.889950016629882, 643834.424469450721517 ], [ 778528.628473601536825, 643861.569873534957878 ], [ 778644.101664017071016, 643875.805345520726405 ], [ 778663.843794887070544, 643871.805395856499672 ], [ 778687.802516716532409, 643874.89513918873854 ], [ 778719.912598878494464, 643882.003441889886744 ], [ 778748.246002501109615, 643892.703366921748966 ], [ 778779.163825801806524, 643910.933354570181109 ], [ 778822.351551432395354, 643927.565464837825857 ], [ 778885.008109888178296, 643974.696476729935966 ], [ 778970.699039867962711, 644004.839076387928799 ], [ 779000.374110875301994, 644032.209744602907449 ], [ 779086.353046577423811, 644053.576356406905688 ], [ 779147.72607766080182, 644094.010174964088947 ], [ 779173.136095901136287, 644125.425664210575633 ], [ 779185.993764723069035, 644127.4923442422878 ], [ 779213.57401292398572, 644109.968436726834625 ], [ 779295.102853193297051, 644138.556747232214548 ], [ 779318.640113675384782, 644168.220889895223081 ], [ 779332.222695855074562, 644209.779356888611801 ], [ 779361.480399464373477, 644246.513477832078934 ], [ 779389.643869034131058, 644313.561249517020769 ], [ 779404.478407182381488, 644332.443318628938869 ], [ 779414.822923973202705, 644392.646577212261036 ], [ 779411.972453248919919, 644428.557961519109085 ], [ 779407.490040079574101, 644450.687246068846434 ], [ 779401.895338177797385, 644472.803798986016773 ], [ 779380.738504426670261, 644473.878940280759707 ], [ 779348.436351134441793, 644482.685046806000173 ], [ 779335.053185241180472, 644499.26705201365985 ], [ 779327.216749703278765, 644525.807478466071188 ], [ 779329.423871879233047, 644544.626372080412693 ], [ 779317.13588946883101, 644565.626157243386842 ], [ 779273.345430341898464, 644612.205331348115578 ], [ 779274.762835597037338, 644614.870893463259563 ], [ 779272.096207981929183, 644617.827730415854603 ], [ 779274.737365353270434, 644631.959846815792844 ], [ 779257.56370856880676, 644633.941825266112573 ], [ 779251.885630013071932, 644640.237868459546007 ], [ 779214.639101909240708, 644618.931873811292462 ], [ 779195.85733884468209, 644637.375322450185195 ], [ 779198.999148656614125, 644657.29244001978077 ], [ 779221.21961403277237, 644681.675085276947357 ], [ 779204.443846578826196, 644735.872267858823761 ], [ 779195.045645290287212, 644756.346206799149513 ], [ 779187.694487028638832, 644772.360704816877842 ], [ 779162.060125240590423, 644785.604229123448022 ], [ 779137.545404389034957, 644801.063048108015209 ], [ 779117.641864764853381, 644843.047664196812548 ], [ 779106.096559494151734, 644870.700555738061666 ], [ 779097.5279887879733, 644891.207935116370209 ], [ 779076.219511754927225, 644944.944732985110022 ], [ 779063.432445763493888, 644974.26708184578456 ], [ 779052.64373226754833, 644998.999174341908656 ], [ 779041.462824833695777, 645031.079847272485495 ], [ 779005.775871540070511, 645073.074456719914451 ], [ 779002.336098034400493, 645142.775664071086794 ], [ 778976.634575575008057, 645209.134686811012216 ], [ 778938.681157883023843, 645279.89182489074301 ], [ 778913.050884448806755, 645290.922083380515687 ], [ 778907.427654201630503, 645332.961158762453124 ], [ 778848.301040497957729, 645416.968933913623914 ], [ 778672.435381813789718, 645622.498643093975261 ], [ 778627.166386878234334, 645675.404318553744815 ], [ 778622.493922276538797, 645671.723672967753373 ], [ 778619.086605236283503, 645673.643798127770424 ], [ 778610.493964650318958, 645674.904100233339705 ], [ 778599.097045520669781, 645674.223421034403145 ], [ 778569.048292674939148, 645642.912565847742371 ], [ 778557.414323579636402, 645652.25918143754825 ], [ 778613.703297861968167, 645704.194726224057376 ], [ 778585.726269403123297, 645741.508516959729604 ], [ 778571.260169283021241, 645724.409529772587121 ], [ 778556.232858283328824, 645721.720284931594506 ], [ 778506.301472475635819, 645719.511624941369519 ], [ 778474.09624258778058, 645721.601034099701792 ], [ 778437.575116786174476, 645726.882901087985374 ], [ 778392.980906772427261, 645755.09714596439153 ], [ 778378.994936195551418, 645772.154870213242248 ], [ 778380.126689260476269, 645846.622073263628408 ], [ 778342.510680077015422, 645818.034425531630404 ], [ 778294.321341737289913, 645886.154952102806419 ], [ 778315.927194543415681, 645895.815258811344393 ], [ 778355.518144162604585, 645847.704398491652682 ], [ 778378.062876457464881, 645860.055655160569586 ], [ 778375.126865258673206, 645875.978279560105875 ], [ 778351.774816179298796, 645909.237130492692813 ], [ 778348.113322296063416, 645928.766883707954548 ], [ 778341.552260151598603, 645931.657233533682302 ], [ 778325.499586974852718, 645956.957683909800835 ], [ 778305.835395780391991, 645959.829152488382533 ], [ 778293.432753064553253, 645973.55775094195269 ], [ 778276.683654489112087, 645974.983538955100812 ], [ 778258.47606928111054, 645981.476391713367775 ], [ 778259.175556399626657, 645995.943288550479338 ], [ 778258.440668621449731, 646006.080529372557066 ], [ 778242.407746669603512, 646010.39612798159942 ], [ 778216.922864302527159, 646009.640076704439707 ], [ 778201.645981627283618, 646003.829564593615942 ], [ 778192.76880221196916, 645996.810768697177991 ], [ 778184.302460224251263, 645983.992928690509871 ], [ 778176.131431694957428, 645972.060957005480304 ], [ 778160.043505669105798, 645963.017454847577028 ], [ 778144.53665337851271, 645962.419690748210996 ], [ 778123.165821771021001, 645966.16326948069036 ], [ 778036.080274509615265, 645886.636857481324114 ], [ 777939.09138103807345, 645977.245263335993513 ], [ 777952.241921263281256, 645988.608685989282094 ], [ 778034.873343800194561, 645908.450182365137152 ], [ 778107.647740521584637, 645973.412738025654107 ], [ 778072.524718278669752, 645979.184277509804815 ], [ 778054.383132317685522, 645991.432779378024861 ], [ 778038.361411168472841, 646002.765679394477047 ], [ 778025.115092843887396, 646014.02507659047842 ], [ 778022.336455424665473, 646016.378598226467147 ], [ 778002.885238880058751, 646033.395592249231413 ], [ 777989.136211397941224, 646055.523084349231794 ], [ 777974.241573032224551, 646078.800027866964228 ], [ 777966.238492241012864, 646082.762046533753164 ], [ 777951.382713899831288, 646078.767482288647443 ], [ 777927.383078845101409, 646076.464398770593107 ], [ 777905.642293909797445, 646087.224807619932108 ], [ 777890.201711001922376, 646099.698660105234012 ], [ 777868.444042147020809, 646122.390403109253384 ], [ 777840.428386448184028, 646128.593028717907146 ], [ 777833.901156060164794, 646152.557091387803666 ], [ 777836.530231436365284, 646180.961337117711082 ], [ 777840.970088398666121, 646202.273554577026516 ], [ 777850.766730914008804, 646218.258586797630414 ], [ 777872.192158124176785, 646228.06203655002173 ], [ 777898.989509041071869, 646221.879861278925091 ], [ 777915.08236070885323, 646205.035076606785879 ], [ 777928.499589266255498, 646192.63584141083993 ], [ 777951.308479308499955, 646197.914527436951175 ], [ 777976.759200623608194, 646215.050844791228883 ], [ 777990.409939852193929, 646217.206421260489151 ], [ 778019.50368998828344, 646234.868183284881525 ], [ 778017.663224708638154, 646240.443836269550957 ], [ 778003.865310746594332, 646230.086633240571246 ], [ 777993.006128698121756, 646223.928405318176374 ], [ 777980.916530054993927, 646226.379344504675828 ], [ 777970.144317853148095, 646240.962709551793523 ], [ 777961.191644681966864, 646234.906826527556404 ], [ 777954.660219343611971, 646239.413278212654404 ], [ 777957.352600949583575, 646245.537721875938587 ], [ 777978.190610974212177, 646258.671923415386118 ], [ 777973.042268844903447, 646266.367927246727049 ], [ 777943.576420146389864, 646264.555099108139984 ], [ 777916.791746413917281, 646261.849617040948942 ], [ 777885.525677589583211, 646267.1289137089625 ], [ 777880.304700647364371, 646266.324604488210753 ], [ 777847.26292116404511, 646261.441005226341076 ], [ 777822.146586006390862, 646254.974893388804048 ], [ 777799.198158505372703, 646243.531276300433092 ], [ 777783.777971546980552, 646234.234461099724285 ], [ 777761.17047787446063, 646228.856642034137622 ], [ 777740.715297681395896, 646229.536091984366067 ], [ 777723.84292529663071, 646235.931715049548075 ], [ 777710.538250715471804, 646251.253204524633475 ], [ 777700.466326738358475, 646265.151488746865653 ], [ 777696.500767117948271, 646282.976465325220488 ], [ 777694.329856473021209, 646297.605317644309253 ], [ 777700.754022925277241, 646316.518544544349425 ], [ 777705.037997441831976, 646335.782931113149971 ], [ 777717.228438201011159, 646344.366774121415801 ], [ 777732.288926278008148, 646353.308853641967289 ], [ 777738.736730005010031, 646362.947131482069381 ], [ 777734.380772828822955, 646394.684044471010566 ], [ 777714.997636320651509, 646401.430306856287643 ], [ 777688.070171303348616, 646409.95896931050811 ], [ 777654.674318710924126, 646423.470234087319113 ], [ 777630.966010099626146, 646432.711861007031985 ], [ 777592.199318281607702, 646439.076807230361737 ], [ 777567.428743459400721, 646442.960099419462495 ], [ 777555.225349450018257, 646451.155440743663348 ], [ 777523.994931592140347, 646453.956127959419973 ], [ 777507.836497960146517, 646457.508458195603453 ], [ 777494.186590044875629, 646469.974065262824297 ], [ 777478.730014743516222, 646486.709407841786742 ], [ 777465.427186852553859, 646500.968539216904901 ], [ 777448.916283847298473, 646506.645484001724981 ], [ 777431.346378451096825, 646496.991762537509203 ], [ 777405.511902863858268, 646489.108473047730513 ], [ 777381.480598284048028, 646479.445781117421575 ], [ 777362.094522514613345, 646480.846536697004922 ], [ 777343.816848384100012, 646469.764133882359602 ], [ 777323.02147239423357, 646448.68382821418345 ], [ 777277.479164699674584, 646429.716353362426162 ], [ 777250.899513371288776, 646439.662804017309099 ], [ 777230.069574409048073, 646451.05610359122511 ], [ 777218.572075677337125, 646462.097112420713529 ], [ 777202.054559017065912, 646464.92977557843551 ], [ 777174.069425333640538, 646464.891034581931308 ], [ 777150.732383537339047, 646466.286532506113872 ], [ 777105.155001279315911, 646472.643025776837021 ], [ 777093.662246508989483, 646472.62716774654109 ], [ 777077.52975855814293, 646465.111873177927919 ], [ 777076.275089293718338, 646330.268530361936428 ], [ 777066.582972384407185, 646330.255170806427486 ], [ 777067.841643760097213, 646462.242970693623647 ], [ 777054.359431578195654, 646460.829824039712548 ], [ 777015.816482819500379, 646451.025846976321191 ], [ 776994.079001165810041, 646460.04959329648409 ], [ 776973.727286943583749, 646478.139970805263147 ], [ 776947.755099555244669, 646485.553090805653483 ], [ 776907.910632208571769, 646505.686519057257101 ], [ 776864.020419821841642, 646517.73484314722009 ], [ 776821.76080976461526, 646522.524874446098693 ], [ 776772.214497066917829, 646511.15682873071637 ], [ 776723.054157044389285, 646504.117027065134607 ], [ 776684.467606871738099, 646502.957760039833374 ], [ 776642.894540211418644, 646501.396068613510579 ], [ 776607.265931051108055, 646506.084877867135219 ], [ 776560.203281210619025, 646514.366458034724928 ], [ 776531.678057881887071, 646522.130852186237462 ], [ 776473.161128797801211, 646533.363398349494673 ], [ 776423.636662065051496, 646497.757309996872209 ], [ 776376.513301736675203, 646496.078035647980869 ], [ 776362.720334642915986, 646481.527213604422286 ], [ 776261.146608767448924, 646483.815026998054236 ], [ 776244.87737584777642, 646499.133546948432922 ], [ 776189.629643033840694, 646497.443865942303091 ], [ 776157.949057441321202, 646488.514029919286259 ], [ 776114.912606673780829, 646464.228874723659828 ], [ 776051.746343835955486, 646443.016146106296219 ], [ 776037.909918329562061, 646445.056447718525305 ], [ 776018.246524059330113, 646447.952343838638626 ], [ 775995.492949286825024, 646448.730178591096774 ], [ 775980.068448649137281, 646434.166398802306503 ], [ 775963.021132609574124, 646421.227483917842619 ], [ 775948.388718947884627, 646424.440005731885321 ], [ 775937.802474649390206, 646443.80611323309131 ], [ 775930.464919487014413, 646465.600410726154223 ], [ 775924.765066464664415, 646474.48050097853411 ], [ 775910.951511272462085, 646475.270236681797542 ], [ 775897.148611111217178, 646467.980346159078181 ], [ 775882.525826200493611, 646463.921244846424088 ], [ 775880.878624939126894, 646476.038549071410671 ], [ 775880.714141838718206, 646488.323827604064718 ], [ 775880.468336392776109, 646506.05446196871344 ], [ 775880.36877101205755, 646513.041105696000159 ], [ 775879.988471266929992, 646540.641373844002374 ], [ 775756.500564569840208, 646525.946734089637175 ], [ 775696.383525857585482, 646513.748510002158582 ], [ 775679.352995378780179, 646487.882422546390444 ], [ 775655.811294177547097, 646467.663598573184572 ], [ 775627.41284829727374, 646435.318990712170489 ], [ 775595.771955263800919, 646403.78923183795996 ], [ 775573.064622626872733, 646369.028227639617398 ], [ 775551.156011677812785, 646347.195728187332861 ], [ 775547.124222851241939, 646319.730745168519206 ], [ 775543.919604338356294, 646283.379226035671309 ], [ 775547.206170733668841, 646256.731729048187844 ], [ 775536.676933192065917, 646232.490158885600977 ], [ 775516.390887486631982, 646209.043881147168577 ], [ 775496.057622578227893, 646221.933843378559686 ], [ 775480.593913071905263, 646245.333686516969465 ], [ 775463.80561904865317, 646277.331669775070623 ], [ 775455.595772556378506, 646285.998348228400573 ], [ 775439.070047347573563, 646303.431190351373516 ], [ 775380.554140400490724, 646313.859026375925168 ], [ 775373.218199552502483, 646334.845566157251596 ], [ 775340.700511235976592, 646342.07526651781518 ], [ 775318.763503518071957, 646342.046974076423794 ], [ 775291.120665303082205, 646355.73569264577236 ], [ 775265.120324288844131, 646352.47036843537353 ], [ 775244.527452244306915, 646353.880889976862818 ], [ 775244.527452244306915, 647436.891231601592153 ] ] ] } },
{ "type": "Feature", "properties": { "cell_id": 102, "parish": "St. Andrew", "centroid_x": 780244.52745224419, "centroid_y": 652436.89123160159, "land_area_km2": 100.0, "total_buildings": 44, "damaged_buildings": 6, "Damage_Ratio": 0.13636363636363635, "Dist_km": 86.807525248984263, "Delta_P": 108.1758484555404, "DeltaP_x_Dist": 9390.4776961346197, "Pop_Dens": 2167.8698347107438, "ln_Pop_Dens": 7.6819614973666948, "Delta_P_c": -5.2020916077591579, "Dist_km_c": 33.745595919950276, "DeltaP_x_Dist_c": -175.54768133400501, "hat_y_ols": 0.13154244941774368, "hat_y_frac": 0.12546018384010837, "residual_frac": 0.010903452523527923, "abs_residual_frac": 0.010903452523527923, "basis_risk_category": "Concordant Alignment" }, "geometry": { "type": "Polygon", "coordinates": [ [ [ 775244.527452244306915, 647436.891231601592153 ], [ 775244.527452244306915, 657436.891231601592153 ], [ 785244.527452244306915, 657436.891231601592153 ], [ 785244.527452244306915, 647436.891231601592153 ], [ 775244.527452244306915, 647436.891231601592153 ] ] ] } },
{ "type": "Feature", "properties": { "cell_id": 103, "parish": "Portland", "centroid_x": 780244.52745224419, "centroid_y": 662436.89123160159, "land_area_km2": 100.0, "total_buildings": 52, "damaged_buildings": 9, "Damage_Ratio": 0.17307692307692307, "Dist_km": 94.134441701256691, "Delta_P": 109.22035820595488, "DeltaP_x_Dist": 10281.397442128833, "Pop_Dens": 1229.7660123966941, "ln_Pop_Dens": 7.1153920288292767, "Delta_P_c": -4.157581857344681, "Dist_km_c": 41.07251237222269, "DeltaP_x_Dist_c": -170.762332274318, "hat_y_ols": 0.10015354790394482, "hat_y_frac": 0.10755465546805502, "residual_frac": 0.065522267608867965, "abs_residual_frac": 0.065522267608867965, "basis_risk_category": "Concordant Alignment" }, "geometry": { "type": "Polygon", "coordinates": [ [ [ 775244.527452244306915, 657436.891231601592153 ], [ 775244.527452244306915, 667436.891231601592153 ], [ 785244.527452244306915, 667436.891231601592153 ], [ 785244.527452244306915, 657436.891231601592153 ], [ 775244.527452244306915, 657436.891231601592153 ] ] ] } },
{ "type": "Feature", "properties": { "cell_id": 104, "parish": "Portland", "centroid_x": 780243.85573189962, "centroid_y": 672436.22517434217, "land_area_km2": 99.986465143102848, "total_buildings": 53, "damaged_buildings": 5, "Damage_Ratio": 0.094339622641509441, "Dist_km": 101.46041299242927, "Delta_P": 110.26487392227398, "DeltaP_x_Dist": 11187.519646712062, "Pop_Dens": 438.05281508264466, "ln_Pop_Dens": 6.0846197135441207, "Delta_P_c": -3.113066141025584, "Dist_km_c": 48.398483663395297, "DeltaP_x_Dist_c": -150.66768076949577, "hat_y_ols": 0.063949547542414664, "hat_y_frac": 0.088605122397982752, "residual_frac": 0.0057345002435266468, "abs_residual_frac": 0.0057345002435266468, "basis_risk_category": "Concordant Alignment" }, "geometry": { "type": "Polygon", "coordinates": [ [ [ 785244.527452244306915, 667436.891231601592153 ], [ 775244.527452244306915, 667436.891231601592153 ], [ 775244.527452244306915, 677436.891231601592153 ], [ 785131.631948925671168, 677436.891231601592153 ], [ 785136.818733783788048, 677425.33457667240873 ], [ 785230.017865306814201, 677227.907980137388222 ], [ 785244.527452244306915, 677200.951812472427264 ], [ 785244.527452244306915, 667436.891231601592153 ] ] ] } },
{ "type": "Feature", "properties": { "cell_id": 105, "parish": "St. Thomas", "centroid_x": 790932.51823502255, "centroid_y": 643103.77607706538, "land_area_km2": 81.381759450857814, "total_buildings": 39, "damaged_buildings": 2, "Damage_Ratio": 0.05128205128205128, "Dist_km": 87.243056920279017, "Delta_P": 105.99911051550453, "DeltaP_x_Dist": 9247.686432203107, "Pop_Dens": 1009.6644694010416, "ln_Pop_Dens": 6.9183632840163032, "Delta_P_c": -7.3788295477950356, "Dist_km_c": 34.18112759124503, "DeltaP_x_Dist_c": -252.21671424723098, "hat_y_ols": 0.1251391976187092, "hat_y_frac": 0.10700969336755271, "residual_frac": -0.055727642085501516, "abs_residual_frac": 0.055727642085501516, "basis_risk_category": "Concordant Alignment" }, "geometry": { "type": "Polygon", "coordinates": [ [ [ 785244.527452244306915, 647436.891231601592153 ], [ 795244.527452244306915, 647436.891231601592153 ], [ 795244.527452244306915, 637436.891231601592153 ], [ 790585.049727894947864, 637436.891231601592153 ], [ 790601.894160087103955, 637497.289199974271469 ], [ 790543.089676965842955, 637707.92378721118439 ], [ 790478.48065563547425, 637912.735938500147313 ], [ 790386.779340487672016, 638044.023507879930548 ], [ 790281.319559258292429, 638244.889699923223816 ], [ 790189.552621552953497, 638414.838464183150791 ], [ 790132.756411745795049, 638600.332084582769312 ], [ 790056.697914073127322, 638696.855524380458519 ], [ 790021.552869744715281, 638762.516535402159207 ], [ 789986.421069757197984, 638816.578412679256871 ], [ 789947.348245809436776, 638901.567300419788808 ], [ 789918.030630664317869, 638993.980555993970484 ], [ 789740.848933714441955, 639228.727088990272023 ], [ 789727.910177867626771, 639255.23083679843694 ], [ 789696.569409971823916, 639279.871189107769169 ], [ 789627.348308010143228, 639372.115769277792424 ], [ 789614.398730030632578, 639404.109283877070993 ], [ 789516.633320127613842, 639506.368576677748933 ], [ 789402.248506169067696, 639637.869800315354951 ], [ 789365.046218074276112, 639669.239324150490575 ], [ 789289.74408318544738, 639746.497965502552688 ], [ 789252.842086023883894, 639792.168120935093611 ], [ 789198.475157077074982, 639828.650281517533585 ], [ 789140.395863373065367, 639872.441125142970122 ], [ 789086.922101730830036, 639923.55723220447544 ], [ 789050.955805648118258, 639957.331563566345721 ], [ 789031.556161877466366, 639993.883724562241696 ], [ 789017.653433280531317, 640042.333823081571609 ], [ 789007.487153301713988, 640066.098706231801771 ], [ 788984.445423021097668, 640085.266969158314168 ], [ 788918.06847932189703, 640140.929013680317439 ], [ 788889.461516321636736, 640177.463081468129531 ], [ 788856.256092646042816, 640213.988096135784872 ], [ 788784.410101686953567, 640244.03955818223767 ], [ 788701.501958708977327, 640285.037849337328225 ], [ 788622.277881017304026, 640327.869948701001704 ], [ 788569.7448566587409, 640365.276104518328793 ], [ 788499.750685739098117, 640391.668745196191594 ], [ 788425.172656585345976, 640405.235955719370395 ], [ 788371.788066927460022, 640406.968896863982081 ], [ 788319.318207862670533, 640412.345130524248816 ], [ 788298.124760090257041, 640429.691590390633792 ], [ 788283.296976407291368, 640480.885273191262968 ], [ 788236.304923934279941, 640508.231264398433268 ], [ 788195.223919633426704, 640558.123255716869608 ], [ 788075.990515932906419, 640640.525301956804469 ], [ 787972.501470021088608, 640707.319451067480259 ], [ 787961.17961351282429, 640754.192583183990791 ], [ 787866.66787823906634, 640825.476104753324762 ], [ 787835.10015844355803, 640887.949349960545078 ], [ 787767.541899090516381, 640965.970339979394339 ], [ 787717.985846985829994, 641032.880667392048053 ], [ 787704.375730996252969, 641102.073675392195582 ], [ 787708.748102763085626, 641164.616146181593649 ], [ 787717.62570089159999, 641220.460074729868211 ], [ 787656.739082795684226, 641334.232778613921255 ], [ 787604.903989631566219, 641418.991690403665416 ], [ 787503.639023215509951, 641505.89204666367732 ], [ 787409.119806773494929, 641583.873912122566253 ], [ 787375.338366456446238, 641630.704650513827801 ], [ 787217.92215730715543, 641706.332141896011308 ], [ 787190.856496550142765, 641759.872054796898738 ], [ 787172.824098323471844, 641793.329640702810138 ], [ 787103.088694308884442, 641837.868185405852273 ], [ 787024.310263065621257, 641913.634851091192104 ], [ 786974.788560215034522, 641964.908092288998887 ], [ 786932.005431903526187, 642016.1830594871426 ], [ 786884.621320403181016, 642125.512132700998336 ], [ 786826.055366712040268, 642203.564369331230409 ], [ 786760.824963334947824, 642248.101516188937239 ], [ 786751.750710648251697, 642290.508129607303999 ], [ 786666.283091835095547, 642341.714941069600172 ], [ 786618.922056836425327, 642439.877120509394445 ], [ 786514.255213268101215, 642481.209374811616726 ], [ 786454.678921516169794, 642505.614316621911712 ], [ 786385.772509851260111, 642522.387379007297568 ], [ 786305.837120923097245, 642516.318104262230918 ], [ 786270.986100807785988, 642507.808847839478403 ], [ 786244.592579341493547, 642526.354351275833324 ], [ 786219.045118293841369, 642545.742617397918366 ], [ 786178.190192548790947, 642564.261551645584404 ], [ 786093.986297509167343, 642569.186857998603955 ], [ 786061.674618738819845, 642568.275278608081862 ], [ 786020.003319555311464, 642569.892224929179065 ], [ 785963.82256491528824, 642597.680618520826101 ], [ 785935.706735270679928, 642625.520494745927863 ], [ 785916.064319389406592, 642671.981191957835108 ], [ 785921.031738696154207, 642748.06056567968335 ], [ 785937.132549866917543, 642778.515919039142318 ], [ 785948.988044721540064, 642807.281182135804556 ], [ 785925.928242386667989, 642857.100290835252963 ], [ 785897.832694585900754, 642879.871123243123293 ], [ 785865.446095770224929, 642914.465843164711259 ], [ 785839.871746506774798, 642949.073045235709287 ], [ 785770.902928838389926, 642995.4439615115989 ], [ 785705.385760632692836, 643019.829295080970041 ], [ 785628.820604428416118, 643037.443330319132656 ], [ 785547.961527977720834, 643074.4852866405854 ], [ 785483.138211318757385, 643184.251111701480113 ], [ 785438.904409682261758, 643191.774968513171189 ], [ 785367.460307302186266, 643195.874175689416006 ], [ 785280.722812138497829, 643197.411597920116037 ], [ 785244.527452244306915, 643206.616575029445812 ], [ 785244.527452244306915, 647436.891231601592153 ] ] ] } },
{ "type": "Feature", "properties": { "cell_id": 106, "parish": "St. Thomas", "centroid_x": 790244.52745224419, "centroid_y": 652436.89123160159, "land_area_km2": 100.0, "total_buildings": 49, "damaged_buildings": 4, "Damage_Ratio": 0.081632653061224483, "Dist_km": 93.613132885442553, "Delta_P": 107.05132937015071, "DeltaP_x_Dist": 10021.410321891197, "Pop_Dens": 1043.8599560950413, "ln_Pop_Dens": 6.9516381421121451, "Delta_P_c": -6.3266106931488366, "Dist_km_c": 40.551203556408566, "DeltaP_x_Dist_c": -256.55167804002957, "hat_y_ols": 0.10252701219723802, "hat_y_frac": 0.097844847262807358, "residual_frac": -0.016212194201582958, "abs_residual_frac": 0.016212194201582958, "basis_risk_category": "Concordant Alignment" }, "geometry": { "type": "Polygon", "coordinates": [ [ [ 785244.527452244306915, 647436.891231601592153 ], [ 785244.527452244306915, 657436.891231601592153 ], [ 795244.527452244306915, 657436.891231601592153 ], [ 795244.527452244306915, 647436.891231601592153 ], [ 785244.527452244306915, 647436.891231601592153 ] ] ] } },
{ "type": "Feature", "properties": { "cell_id": 107, "parish": "Portland", "centroid_x": 790244.52745224419, "centroid_y": 662436.89123160159, "land_area_km2": 100.0, "total_buildings": 47, "damaged_buildings": 7, "Damage_Ratio": 0.14893617021276595, "Dist_km": 100.94004933771498, "Delta_P": 108.09583912056519, "DeltaP_x_Dist": 10911.199334031551, "Pop_Dens": 630.15269886363637, "ln_Pop_Dens": 6.4475478282946739, "Delta_P_c": -5.2821009427343597, "Dist_km_c": 47.878120008680995, "DeltaP_x_Dist_c": -252.8970628342027, "hat_y_ols": 0.07155402781419995, "hat_y_frac": 0.083891693272228174, "residual_frac": 0.065044476940537721, "abs_residual_frac": 0.065044476940537721, "basis_risk_category": "Concordant Alignment" }, "geometry": { "type": "Polygon", "coordinates": [ [ [ 785244.527452244306915, 657436.891231601592153 ], [ 785244.527452244306915, 667436.891231601592153 ], [ 795244.527452244306915, 667436.891231601592153 ], [ 795244.527452244306915, 657436.891231601592153 ], [ 785244.527452244306915, 657436.891231601592153 ] ] ] } },
{ "type": "Feature", "properties": { "cell_id": 108, "parish": "Portland", "centroid_x": 790017.48258695356, "centroid_y": 671398.29899480729, "land_area_km2": 78.280951161620493, "total_buildings": 35, "damaged_buildings": 3, "Damage_Ratio": 0.085714285714285715, "Dist_km": 107.35148010838633, "Delta_P": 109.057398527602, "DeltaP_x_Dist": 11707.473148708226, "Pop_Dens": 302.01382211538464, "ln_Pop_Dens": 5.713778422011444, "Delta_P_c": -4.3205415356975578, "Dist_km_c": 54.289550779352339, "DeltaP_x_Dist_c": -234.56025909655349, "hat_y_ols": 0.040510802148552218, "hat_y_frac": 0.071525352272064899, "residual_frac": 0.014188933442220802, "abs_residual_frac": 0.014188933442220802, "basis_risk_category": "Concordant Alignment" }, "geometry": { "type": "Polygon", "coordinates": [ [ [ 795244.527452244306915, 667436.891231601592153 ], [ 785244.527452244306915, 667436.891231601592153 ], [ 785244.527452244306915, 677200.951812472427264 ], [ 785312.786388406646438, 677074.139151591691189 ], [ 785379.62924272485543, 676990.427299945615232 ], [ 785465.611107430886477, 676879.776518077589571 ], [ 785541.904286885401234, 676776.037406612653285 ], [ 785627.730902767507359, 676693.644792246748693 ], [ 785702.729733355459757, 676616.235776318004355 ], [ 785758.010162723949179, 676576.324130643042736 ], [ 785817.654077082406729, 676550.577132370555773 ], [ 785902.025030045420863, 676501.908583960845135 ], [ 785949.867718662833795, 676446.521276942454278 ], [ 786060.005773060256615, 676373.505859313416295 ], [ 786130.004272878170013, 676319.410487985471264 ], [ 786176.221844836720265, 676279.837531035067514 ], [ 786395.069769564783201, 676181.954881938756444 ], [ 786451.281601131660864, 676143.098442267393693 ], [ 786568.384349260129966, 676035.089442091295496 ], [ 786577.631737832445651, 676027.524820763734169 ], [ 786634.439861170016229, 675964.308435793267563 ], [ 786669.68016004783567, 675925.092483146581799 ], [ 786718.695064111729153, 675866.920046990620904 ], [ 786760.714155385503545, 675817.035935207037255 ], [ 786820.470427216379903, 675739.016094941063784 ], [ 786889.633444704930298, 675675.956497405073605 ], [ 786985.389647817355581, 675583.33928122324869 ], [ 787019.411226616241038, 675546.125062227249146 ], [ 787139.645564721198753, 675452.37051895482 ], [ 787283.06308793684002, 675359.900447337655351 ], [ 787439.856654977193102, 675270.102317024022341 ], [ 787578.371684521902353, 675187.387401891988702 ], [ 787713.886714468593709, 675147.269996880088001 ], [ 787806.39791262592189, 675155.660880358540453 ], [ 787964.45986971759703, 675183.128101146779954 ], [ 788063.98720321408473, 675194.964990555425175 ], [ 788174.17788818210829, 675167.784867984009907 ], [ 788277.86496949812863, 675140.127796890330501 ], [ 788418.414972158847377, 675122.350062957033515 ], [ 788518.35611787927337, 675138.927345796488225 ], [ 788576.514172856928781, 675152.102381246979348 ], [ 788812.339789838995785, 675146.048396272468381 ], [ 788950.663568462827243, 675136.372143942513503 ], [ 789057.475196259678341, 675149.667437275522389 ], [ 789177.734398981789127, 675160.765423156437464 ], [ 789237.975320186349563, 675184.660801782505587 ], [ 789321.567002343945205, 675188.945679448312148 ], [ 789401.533567287959158, 675207.623629340552725 ], [ 789487.375739032868296, 675255.058395217172801 ], [ 789562.210239069419913, 675311.348196946782991 ], [ 789614.422458528541028, 675335.206407380057499 ], [ 789738.792643490014598, 675362.940898880595341 ], [ 789759.942219955381006, 675364.987149747321382 ], [ 789785.967095933388919, 675336.062829550472088 ], [ 789815.069080837536603, 675323.1829197317129 ], [ 789849.57267190318089, 675363.940482233883813 ], [ 789992.718122110003605, 675323.334097957005724 ], [ 790063.278920028358698, 675296.271965919178911 ], [ 790113.359664115705527, 675286.357428495539352 ], [ 790175.458085251273587, 675306.319139675586484 ], [ 790238.432716021779925, 675306.415047484333627 ], [ 790302.656165482476354, 675306.148466371698305 ], [ 790383.723076303373091, 675344.523393844254315 ], [ 790454.305820381036028, 675301.922662133118138 ], [ 790501.564283274346963, 675291.250641906168312 ], [ 790563.27761518349871, 675302.878272745991126 ], [ 790645.367373955086805, 675276.174136526416987 ], [ 790702.830897081759758, 675256.193084419006482 ], [ 790739.656178619829006, 675257.907675439841114 ], [ 790771.037652193685062, 675273.291573540423997 ], [ 790831.208822884364054, 675309.278415845241398 ], [ 790897.741028663818724, 675307.579697121866047 ], [ 790909.601767002837732, 675315.78399248374626 ], [ 790953.654359930194914, 675346.247662934008986 ], [ 790996.617371269268915, 675356.487165212747641 ], [ 791075.045571444905363, 675351.094933689222671 ], [ 791205.782426502788439, 675357.96597345569171 ], [ 791243.864429514971562, 675340.369771513156593 ], [ 791295.168168036965653, 675362.69204199698288 ], [ 791360.870374755235389, 675388.376402698922902 ], [ 791433.020114143029787, 675451.076317071099766 ], [ 791468.092420223285444, 675476.286819911445491 ], [ 791491.178226900403388, 675492.871863296953961 ], [ 791542.15812180377543, 675517.961205620085821 ], [ 791600.540876506944187, 675538.417649083887227 ], [ 791645.545188309508376, 675568.231869915034622 ], [ 791663.496191120822914, 675611.979181700968184 ], [ 791681.388493280624971, 675608.663472116109915 ], [ 791697.727066174382344, 675654.598938143346459 ], [ 791720.273808989208192, 675665.859200792387128 ], [ 791748.627920933184214, 675656.876644587959163 ], [ 791781.674714211956598, 675644.528259194106795 ], [ 791832.98779556597583, 675632.063928734394722 ], [ 791935.403903307858855, 675636.211957916500978 ], [ 791963.938679599436, 675656.550341876223683 ], [ 791985.275642475229688, 675699.26477025623899 ], [ 792025.695583384251222, 675716.009322193916887 ], [ 792097.279933914309368, 675705.503970977035351 ], [ 792194.035478900186718, 675695.650718158809468 ], [ 792246.610694042174146, 675706.168225177447312 ], [ 792293.419103823252954, 675771.77203692693729 ], [ 792361.103761598234996, 675867.527163836406544 ], [ 792407.260139802354388, 675960.40245642059017 ], [ 792448.815072787343524, 676014.295981145929545 ], [ 792486.801052485709079, 676050.715888316160999 ], [ 792525.391806431580335, 676061.8015526086092 ], [ 792563.099026865325868, 676055.994955410365947 ], [ 792575.538019940489903, 676036.032378686591983 ], [ 792599.977005926193669, 676047.297769850469194 ], [ 792645.848701514070854, 676032.056633000611328 ], [ 792610.686341001070105, 676000.767234799917787 ], [ 792692.0966385693755, 675897.465590115170926 ], [ 792751.940740373567678, 675799.607208540546708 ], [ 792795.633292586775497, 675707.303322236752138 ], [ 792839.62166280602105, 675687.963219190714881 ], [ 792869.190840671537444, 675694.292562504881062 ], [ 792907.757531857350841, 675639.256173376226798 ], [ 792938.581865779589862, 675565.076682198327035 ], [ 793021.687297311844304, 675495.837701838812791 ], [ 793016.752224928932264, 675469.771820788504556 ], [ 793152.333450168021955, 675389.392000935855322 ], [ 793179.75703415973112, 675356.767331775277853 ], [ 793230.671396024990827, 675310.015832426841371 ], [ 793286.007006453583017, 675277.707438672194257 ], [ 793347.024788329959847, 675186.992675003479235 ], [ 793420.110126961371861, 675034.797668017912656 ], [ 793570.189891552436166, 674867.255965955322608 ], [ 793770.190327119547874, 674688.371004215208814 ], [ 793793.644910723436624, 674501.466966139501892 ], [ 794105.441362045588903, 674116.808327331556939 ], [ 794394.194556009373628, 673739.717724403715692 ], [ 794477.450881538912654, 673544.316875374293886 ], [ 794589.173567043850198, 673409.658010040293448 ], [ 794798.514476740849204, 673194.998906840803102 ], [ 795010.211535462294705, 672951.281946015078574 ], [ 795217.889219527249224, 672787.68203936307691 ], [ 795244.527452244306915, 672775.017299419618212 ], [ 795244.527452244306915, 667436.891231601592153 ] ] ] } },
{ "type": "Feature", "properties": { "cell_id": 109, "parish": "St. Thomas", "centroid_x": 800444.30363962997, "centroid_y": 635980.75383802794, "land_area_km2": 26.447299209559585, "total_buildings": 12, "damaged_buildings": 0, "Damage_Ratio": 0.0, "Dist_km": 88.497425975563317, "Delta_P": 104.18548547503394, "DeltaP_x_Dist": 9220.1472885549429, "Pop_Dens": 245.01564025878906, "ln_Pop_Dens": 5.5053951121991096, "Delta_P_c": -9.192454588265619, "Dist_km_c": 35.43549664652933, "DeltaP_x_Dist_c": -325.73919373585949, "hat_y_ols": 0.11577838967071989, "hat_y_frac": 0.087194535593288866, "residual_frac": -0.087194535593288866, "abs_residual_frac": 0.087194535593288866, "basis_risk_category": "Concordant Alignment" }, "geometry": { "type": "Polygon", "coordinates": [ [ [ 795244.527452244306915, 637436.891231601592153 ], [ 805244.527452244306915, 637436.891231601592153 ], [ 805244.527452244306915, 635482.685387794743292 ], [ 805126.873160615563393, 635440.261824452434666 ], [ 805060.41399504058063, 635427.624040273716673 ], [ 805048.454743199399672, 635425.343738563242368 ], [ 804966.58035629929509, 635429.641346952412277 ], [ 804881.361683824681677, 635405.662384162424132 ], [ 804818.855378175270744, 635393.058593944180757 ], [ 804769.120472218375653, 635399.350398735143244 ], [ 804686.801312321447767, 635449.203658809303306 ], [ 804608.26953850639984, 635474.972837934503332 ], [ 804509.347837064648047, 635473.569256555056199 ], [ 804433.247201006044634, 635440.586076657287776 ], [ 804387.888563991058618, 635397.505731003824621 ], [ 804286.046833191765472, 635355.730344598297961 ], [ 804146.543508342234418, 635350.276331629953347 ], [ 804078.379494191845879, 635390.674834897276014 ], [ 803996.815295705106109, 635351.546665448462591 ], [ 803851.542613484198228, 635413.183929911931045 ], [ 803782.072467454243451, 635454.808424343471415 ], [ 803720.6347751946887, 635465.940757828997448 ], [ 803610.52596554288175, 635396.697737277019769 ], [ 803457.283522663172334, 635299.081455640611239 ], [ 803080.559649771777913, 635008.732796954340301 ], [ 802734.558064535609446, 634703.764545954880305 ], [ 802517.8880275945412, 634508.786795213120058 ], [ 802363.639132168609649, 634354.663476884597912 ], [ 802159.447453121305443, 634167.625503384624608 ], [ 802011.978642694652081, 634032.736941964016296 ], [ 801919.040432988433167, 633974.284851167816669 ], [ 801830.561072309617884, 633892.812564536929131 ], [ 801755.398744910606183, 633873.821102769696154 ], [ 801706.497026018216275, 633872.563447656459175 ], [ 801687.119496151106432, 633889.468567968695424 ], [ 801663.18011321942322, 633912.006367304362357 ], [ 801636.945809516473673, 633944.72067700442858 ], [ 801615.236164623172954, 633981.962627724860795 ], [ 801534.461059994413517, 633997.566739356727339 ], [ 801445.771725690923631, 633991.689713833620772 ], [ 801395.844320516684093, 633953.131165191647597 ], [ 801292.463355241343379, 633911.035298429080285 ], [ 801225.400028393021785, 633899.560004263184965 ], [ 801157.246649090433493, 633871.126008501276374 ], [ 801100.536565203801729, 633815.594467357732356 ], [ 801033.510970293194987, 633789.421696511679329 ], [ 800920.963913195882924, 633774.431524344487116 ], [ 800869.881411250913516, 633739.269186495104805 ], [ 800802.834793388610706, 633721.010730755748227 ], [ 800749.480805267347023, 633686.960698306676932 ], [ 800604.013800190412439, 633650.415550004690886 ], [ 800512.049098814721219, 633590.279251575004309 ], [ 800429.046615650178865, 633585.539300874923356 ], [ 800339.332922977628186, 633540.096751104225405 ], [ 800292.738076541572809, 633527.548156061093323 ], [ 800237.025808424688876, 633524.007804320077412 ], [ 800167.906828833045438, 633499.072253513848409 ], [ 800077.809549194993451, 633524.741451064823195 ], [ 800000.472681574407034, 633530.189188085263595 ], [ 799897.086488930275664, 633488.111738822190091 ], [ 799827.689615029608831, 633501.493895128718577 ], [ 799708.707771010347642, 633582.243125263834372 ], [ 799606.705725179170258, 633646.743918402586132 ], [ 799499.811600598390214, 633646.474387941067107 ], [ 799414.584256322472356, 633620.261310458066873 ], [ 799334.818702376214787, 633685.616329425480217 ], [ 799251.762512137531303, 633702.364091250579804 ], [ 799150.996616417774931, 633722.687120800139382 ], [ 799077.579188880743459, 633776.172091813175939 ], [ 799002.194853159948252, 633844.992601572535932 ], [ 798930.694765656720847, 633929.074697850854136 ], [ 798902.087794010527432, 634001.343569080810994 ], [ 798850.729776247171685, 634075.813777514733374 ], [ 798768.725596034782939, 634126.478374252095819 ], [ 798676.569381473469548, 634146.592775305616669 ], [ 798629.801529672811739, 634204.118843235075474 ], [ 798551.222513541812077, 634250.266035117791034 ], [ 798459.062072560191154, 634268.123584409244359 ], [ 798389.727372615714557, 634257.781295450287871 ], [ 798362.753492031362839, 634291.948046725592576 ], [ 798357.662750247400254, 634349.245336118969135 ], [ 798414.295470311073586, 634438.68095597345382 ], [ 798499.138445905526169, 634619.729329248075373 ], [ 798513.859607453458011, 634645.753204640350305 ], [ 798528.469632504158653, 634712.473658263683319 ], [ 798523.550758076133206, 634777.275411477894522 ], [ 798426.751992464181967, 634923.576262032962404 ], [ 798289.503077882458456, 635064.210977788781747 ], [ 798157.972603105707094, 635224.89366045803763 ], [ 797951.300242287805304, 635364.29821636271663 ], [ 797468.850028377375565, 635512.632748774834909 ], [ 797111.907256233738735, 635592.2709495278541 ], [ 796986.49737928097602, 635618.79939386236947 ], [ 796784.105870630824938, 635585.743519350304268 ], [ 796585.547273567412049, 635558.43201581586618 ], [ 796477.642921233084053, 635523.677705486770719 ], [ 796419.669037605519406, 635573.37964772619307 ], [ 796354.053830092540011, 635596.223956807982177 ], [ 796265.26511327677872, 635630.51351129822433 ], [ 796245.73882417276036, 635735.878704770584591 ], [ 796232.12850685720332, 635781.845081091159955 ], [ 796208.807918961858377, 635860.37267917545978 ], [ 796123.833363379235379, 635913.841535811778158 ], [ 796002.203823935124092, 635974.883937438135035 ], [ 795894.130620637210086, 636012.970613471232355 ], [ 795680.088110779528506, 636014.386625452083535 ], [ 795522.027511521591805, 635987.180041087558493 ], [ 795383.30805788654834, 635937.031256064074114 ], [ 795248.417375579010695, 635894.551290934206918 ], [ 795244.527452244306915, 635894.475745803909376 ], [ 795244.527452244306915, 637436.891231601592153 ] ] ] } },
{ "type": "Feature", "properties": { "cell_id": 110, "parish": "St. Thomas", "centroid_x": 800244.52745224419, "centroid_y": 642436.89123160159, "land_area_km2": 100.0, "total_buildings": 48, "damaged_buildings": 2, "Damage_Ratio": 0.041666666666666664, "Dist_km": 93.091824069628402, "Delta_P": 104.88230053434643, "DeltaP_x_Dist": 9763.6846693612697, "Pop_Dens": 315.46561316287881, "ln_Pop_Dens": 5.7572145884870016, "Delta_P_c": -8.4956395289531201, "Dist_km_c": 40.029894740594415, "DeltaP_x_Dist_c": -340.0795560980265, "hat_y_ols": 0.10214442870426933, "hat_y_frac": 0.082948843365990815, "residual_frac": -0.041282176699324213, "abs_residual_frac": 0.041282176699324213, "basis_risk_category": "Concordant Alignment" }, "geometry": { "type": "Polygon", "coordinates": [ [ [ 795244.527452244306915, 637436.891231601592153 ], [ 795244.527452244306915, 647436.891231601592153 ], [ 805244.527452244306915, 647436.891231601592153 ], [ 805244.527452244306915, 637436.891231601592153 ], [ 795244.527452244306915, 637436.891231601592153 ] ] ] } },
{ "type": "Feature", "properties": { "cell_id": 111, "parish": "St. Thomas", "centroid_x": 800244.52745224419, "centroid_y": 652436.89123160159, "land_area_km2": 100.0, "total_buildings": 46, "damaged_buildings": 2, "Damage_Ratio": 0.043478260869565216, "Dist_km": 100.41874052190084, "Delta_P": 105.9268102847609, "DeltaP_x_Dist": 10637.036876298023, "Pop_Dens": 325.33513849431819, "ln_Pop_Dens": 5.7879248854946548, "Delta_P_c": -7.4511297785386574, "Dist_km_c": 47.356811192866857, "DeltaP_x_Dist_c": -352.86174609580303, "hat_y_ols": 0.076424037533049771, "hat_y_frac": 0.074061547603764974, "residual_frac": -0.030583286734199772, "abs_residual_frac": 0.030583286734199772, "basis_risk_category": "Concordant Alignment" }, "geometry": { "type": "Polygon", "coordinates": [ [ [ 795244.527452244306915, 647436.891231601592153 ], [ 795244.527452244306915, 657436.891231601592153 ], [ 805244.527452244306915, 657436.891231601592153 ], [ 805244.527452244306915, 647436.891231601592153 ], [ 795244.527452244306915, 647436.891231601592153 ] ] ] } },
{ "type": "Feature", "properties": { "cell_id": 112, "parish": "Portland", "centroid_x": 800244.52745224419, "centroid_y": 662436.89123160159, "land_area_km2": 100.0, "total_buildings": 48, "damaged_buildings": 4, "Damage_Ratio": 0.083333333333333329, "Dist_km": 107.7456569741733, "Delta_P": 106.97132003517549, "DeltaP_x_Dist": 11525.695154584531, "Pop_Dens": 244.93418560606059, "ln_Pop_Dens": 5.5050639619508921, "Delta_P_c": -6.4066200281240668, "Dist_km_c": 54.683727645139314, "DeltaP_x_Dist_c": -350.33786474383123, "hat_y_ols": 0.046204240369956448, "hat_y_frac": 0.064254224016376954, "residual_frac": 0.019079109316956347, "abs_residual_frac": 0.019079109316956347, "basis_risk_category": "Concordant Alignment" }, "geometry": { "type": "Polygon", "coordinates": [ [ [ 795244.527452244306915, 657436.891231601592153 ], [ 795244.527452244306915, 667436.891231601592153 ], [ 805244.527452244306915, 667436.891231601592153 ], [ 805244.527452244306915, 657436.891231601592153 ], [ 795244.527452244306915, 657436.891231601592153 ] ] ] } },
{ "type": "Feature", "properties": { "cell_id": 113, "parish": "Portland", "centroid_x": 800315.02327860438, "centroid_y": 669998.94423654361, "land_area_km2": 50.960691487436009, "total_buildings": 27, "damaged_buildings": 2, "Damage_Ratio": 0.07407407407407407, "Dist_km": 113.33428672508141, "Delta_P": 107.75325645463863, "DeltaP_x_Dist": 12212.138462591243, "Pop_Dens": 182.64951923076924, "ln_Pop_Dens": 5.213029154406378, "Delta_P_c": -5.6246836086609164, "Dist_km_c": 60.272357396047411, "DeltaP_x_Dist_c": -339.01294070090046, "hat_y_ols": 0.020491044889578446, "hat_y_frac": 0.057023069051231334, "residual_frac": 0.017051005022842666, "abs_residual_frac": 0.017051005022842666, "basis_risk_category": "Concordant Alignment" }, "geometry": { "type": "Polygon", "coordinates": [ [ [ 805244.527452244306915, 667436.891231601592153 ], [ 795244.527452244306915, 667436.891231601592153 ], [ 795244.527452244306915, 672775.017299419618212 ], [ 795422.253582698642276, 672690.52013148565311 ], [ 795497.162044379278086, 672684.495463788160123 ], [ 795548.542220773175359, 672661.171903010457754 ], [ 795670.756457222974859, 672591.847108418936841 ], [ 795753.377596437814645, 672549.293616996030323 ], [ 795859.634449737612158, 672514.432900873827748 ], [ 795942.76912278146483, 672519.408994553145021 ], [ 796027.976638933410868, 672556.145462709595449 ], [ 796063.94589438510593, 672595.52262694039382 ], [ 796092.978898050496355, 672633.500011318130419 ], [ 796204.033648164011538, 672591.712562545435503 ], [ 796391.922310275607742, 672611.459317464265041 ], [ 796427.987020460423082, 672610.161107814055867 ], [ 796495.290400299127214, 672595.156868542428128 ], [ 796569.653777533210814, 672596.240899515803903 ], [ 796685.996204734663479, 672595.609876663889736 ], [ 796813.683917607762851, 672557.318809316377155 ], [ 796927.661277913604863, 672457.643781444639899 ], [ 797066.541400680318475, 672380.088431839714758 ], [ 797188.188331736600958, 672307.705805648933165 ], [ 797231.400053293327801, 672281.998378193587996 ], [ 797257.004820667323656, 672271.268393244361505 ], [ 797376.156478702323511, 672247.105808718362823 ], [ 797698.782322478946298, 672185.849539884133264 ], [ 797872.096051013912074, 672179.630762496148236 ], [ 798152.19394098885823, 672245.188110547605902 ], [ 798363.039727167924866, 672367.813135579577647 ], [ 798458.857587795704603, 672432.921364340814762 ], [ 798496.737094884621911, 672639.074918787344359 ], [ 798549.899771652999334, 672875.781961215776391 ], [ 798799.124187942361459, 672998.506851215148345 ], [ 799106.429070342099294, 672922.957360282773152 ], [ 799154.245221952791326, 672989.421022484195419 ], [ 799269.826999178156257, 672768.564772297278978 ], [ 799418.248235763167031, 672576.503352783038281 ], [ 799686.102752581587993, 672288.716088341199793 ], [ 799743.303145988029428, 672246.137156924465671 ], [ 800041.590274751768447, 672020.968346997513436 ], [ 800310.74066243856214, 671861.386918411473744 ], [ 800633.41898424027022, 671785.900860773166642 ], [ 800932.911241770954803, 671771.412993643549271 ], [ 801069.811904817470349, 671872.967037386610173 ], [ 801257.871383000863716, 672083.225324828177691 ], [ 801463.16551294515375, 672351.584332347614691 ], [ 801508.193090906133875, 672418.002102651284076 ], [ 801571.00316208822187, 672435.976169247878715 ], [ 801635.14738844463136, 672433.33356275735423 ], [ 801688.502004623645917, 672398.420546496519819 ], [ 801768.201643647975288, 672321.78300561348442 ], [ 801825.946384593029507, 672267.047427275334485 ], [ 801949.686021317960694, 672182.347524137236178 ], [ 802003.112542055314407, 672136.743515636073425 ], [ 802036.695979712065309, 672174.033387628151104 ], [ 802068.193351762369275, 672208.074747971259058 ], [ 802025.987837213207968, 672266.735821890761144 ], [ 802025.123791792662814, 672333.254467863589525 ], [ 802013.077008392894641, 672428.178124064812437 ], [ 802004.18461568292696, 672450.568009964074008 ], [ 801954.105428927927278, 672474.80786190147046 ], [ 801922.489121882710606, 672473.794396123033948 ], [ 801887.827910212567076, 672488.135835125227459 ], [ 801832.013039718265645, 672477.262998051475734 ], [ 801832.322648022789508, 672500.208564907079563 ], [ 801967.763843497843482, 672502.138667918159626 ], [ 802003.063837580266409, 672502.232229474117048 ], [ 802064.92967443226371, 672473.153699334827252 ], [ 802175.787653160397895, 672458.826959121273831 ], [ 802261.582525942940265, 672453.521186390309595 ], [ 802348.312069862848148, 672494.384492184151895 ], [ 802451.19847585586831, 672525.850057055708021 ], [ 802493.319581540534273, 672546.428178536123596 ], [ 802527.570582492509857, 672574.788521198439412 ], [ 802583.359288236242719, 672614.905934597249143 ], [ 802595.998963147751056, 672654.907752875355072 ], [ 802565.401057696319185, 672727.932394124567509 ], [ 802565.160691585973836, 672817.618867909652181 ], [ 802562.105013268766925, 672860.500672129215673 ], [ 802541.321304404991679, 672930.629622022504918 ], [ 802620.425388889852911, 672942.363882153760642 ], [ 802658.019362070597708, 672934.83866048627533 ], [ 802713.856542234541848, 672956.439187606330961 ], [ 802760.021538430592045, 672932.190729123307392 ], [ 802802.099372566910461, 672964.468698833254166 ], [ 802858.256890872726217, 672969.169072354445234 ], [ 802873.586919042398222, 673003.655217746272683 ], [ 802924.929595212102868, 673001.126213991548866 ], [ 802969.781064690439962, 672973.698075330234133 ], [ 802974.799833969445899, 672928.873590989038348 ], [ 803037.993556005414575, 672917.322954902192578 ], [ 803061.68458711693529, 672911.044848346966319 ], [ 803098.277588532073423, 672937.309549471829087 ], [ 803148.936545019503683, 672984.177497678902 ], [ 803184.565436250413768, 673022.603910586214624 ], [ 803226.700239356025122, 673088.132396777858958 ], [ 803297.216432063374668, 673091.135264251730405 ], [ 803321.568287725793198, 673125.779107442591339 ], [ 803348.843525939970277, 673123.982720906496979 ], [ 803373.391062023001723, 673086.671550741768442 ], [ 803447.762333587394096, 673056.911946181673557 ], [ 803462.974547814112157, 673068.243165216990747 ], [ 803466.647124913753942, 673067.522662794450298 ], [ 803497.459740410209633, 673048.679736653575674 ], [ 803525.503652528161183, 673052.098904200829566 ], [ 803545.594293796806596, 673039.469367918558419 ], [ 803554.674721629824489, 673018.497424507047981 ], [ 803581.575529143330641, 673006.683446307084523 ], [ 803616.237594306468964, 673019.241177900577895 ], [ 803633.546909848693758, 673017.982433807686903 ], [ 803650.967125908471644, 673045.789601058233529 ], [ 803690.163310005329549, 673028.818333593779244 ], [ 803681.998302588122897, 672981.954558149678633 ], [ 803733.985611721174791, 672987.442950378288515 ], [ 803747.789767218986526, 672983.71752184862271 ], [ 803750.355061161215417, 672970.176843230496161 ], [ 803783.639786761137657, 672956.510081055341288 ], [ 803834.782849909504876, 672953.573380824411288 ], [ 803855.43820597557351, 672951.12863102578558 ], [ 803876.189642284531146, 672963.7703815207351 ], [ 803975.043017402873375, 672975.243384800036438 ], [ 804009.437944600707851, 672942.60884110245388 ], [ 804055.572933173272759, 672922.170871390844695 ], [ 804091.280111538129859, 672931.611036000074819 ], [ 804103.410194381722249, 672963.421839528135024 ], [ 804130.681988248601556, 672982.147325369413011 ], [ 804199.388854536693543, 673000.721667125006206 ], [ 804234.990963127929717, 672998.351831885520369 ], [ 804264.081247533787973, 672990.595874399878085 ], [ 804282.416433100006543, 672977.973304234677926 ], [ 804336.897856267518364, 672934.614324267255142 ], [ 804405.907674898044206, 672916.421036786865443 ], [ 804435.13943396601826, 672914.930434314534068 ], [ 804452.568959152209572, 672904.718419454758987 ], [ 804484.40437876386568, 672906.533499156823382 ], [ 804508.81411005591508, 672919.684159491793253 ], [ 804568.984600200201385, 672922.917420613928698 ], [ 804600.931369953090325, 672960.716335880453698 ], [ 804644.058008071267977, 672976.144027253845707 ], [ 804676.935388877871446, 672991.189050282235257 ], [ 804725.48532313737087, 672988.800863035372458 ], [ 804731.23925539967604, 672973.852454078849405 ], [ 804748.586050372919999, 672962.99850357149262 ], [ 804774.832419111859053, 672943.392187125980854 ], [ 804795.184477140312083, 672935.966803982155398 ], [ 804809.561606024508364, 672958.1990989765618 ], [ 804819.722984194289893, 672986.21945865766611 ], [ 804825.510006583062932, 672989.733246144256555 ], [ 804848.714958781260066, 673002.360749914078042 ], [ 804885.698753288132139, 672978.788921693805605 ], [ 804929.505142956855707, 672951.59476965572685 ], [ 804940.520094555802643, 672886.311050485121086 ], [ 804958.486123616574332, 672850.842923110933043 ], [ 804964.02343924168963, 672845.324245430063456 ], [ 804978.264305725926533, 672836.874704550835304 ], [ 805000.947670651599765, 672843.147667845478281 ], [ 805012.280669187195599, 672864.463964520022273 ], [ 805021.046481915400364, 672869.502533699385822 ], [ 805035.078543831477873, 672863.841682141181082 ], [ 805058.643418340478092, 672834.930776279536076 ], [ 805084.876160875777714, 672835.413964916137047 ], [ 805092.422111249295995, 672852.945351343019865 ], [ 805122.865565517335199, 672856.982303563388996 ], [ 805149.850513449055143, 672853.283842021832243 ], [ 805161.480956687242724, 672859.049974435474724 ], [ 805175.57443786226213, 672831.573600609204732 ], [ 805170.191570610972121, 672800.96543140814174 ], [ 805154.326183557044715, 672758.860934686730616 ], [ 805138.379266623174772, 672745.733262864057906 ], [ 805141.253566586296074, 672727.987649798276834 ], [ 805145.09031287569087, 672699.021399136749096 ], [ 805175.216992063331418, 672687.893850305117667 ], [ 805201.025822820491157, 672673.688251934479922 ], [ 805227.142051849979907, 672614.191717574605718 ], [ 805222.503110556979664, 672589.883549864403903 ], [ 805221.526049537002109, 672568.706978279398754 ], [ 805225.998913829331286, 672554.319603388663381 ], [ 805235.582849608501419, 672543.090044059208594 ], [ 805243.893883190350607, 672525.592198761412874 ], [ 805244.527452244306915, 672525.657192784361541 ], [ 805244.527452244306915, 667436.891231601592153 ] ] ] } },
{ "type": "Feature", "properties": { "cell_id": 114, "parish": "St. Thomas", "centroid_x": 810244.52745224419, "centroid_y": 642436.89123160159, "land_area_km2": 100.0, "total_buildings": 69, "damaged_buildings": 5, "Damage_Ratio": 0.072463768115942032, "Dist_km": 99.897431706086692, "Delta_P": 103.75778144895673, "DeltaP_x_Dist": 10365.135886272225, "Pop_Dens": 104.11617058367769, "ln_Pop_Dens": 4.6550661250742484, "Delta_P_c": -9.6201586143428415, "Dist_km_c": 46.835502377052691, "DeltaP_x_Dist_c": -450.56496164967808, "hat_y_ols": 0.079722285985954267, "hat_y_frac": 0.0631685983529887, "residual_frac": 0.0092951697629533037, "abs_residual_frac": 0.0092951697629533037, "basis_risk_category": "Concordant Alignment" }, "geometry": { "type": "Polygon", "coordinates": [ [ [ 805244.527452244306915, 637436.891231601592153 ], [ 805244.527452244306915, 647436.891231601592153 ], [ 815244.527452244306915, 647436.891231601592153 ], [ 815244.527452244306915, 637436.891231601592153 ], [ 805244.527452244306915, 637436.891231601592153 ] ] ] } },
{ "type": "Feature", "properties": { "cell_id": 115, "parish": "St. Thomas", "centroid_x": 810244.52745224419, "centroid_y": 652436.89123160159, "land_area_km2": 100.0, "total_buildings": 45, "damaged_buildings": 2, "Damage_Ratio": 0.044444444444444446, "Dist_km": 107.22434815835915, "Delta_P": 104.80229119937121, "DeltaP_x_Dist": 11237.357359355117, "Pop_Dens": 117.14420034865702, "ln_Pop_Dens": 4.7719059152394179, "Delta_P_c": -8.5756488639283646, "Dist_km_c": 54.162418829325176, "DeltaP_x_Dist_c": -464.47788550131469, "hat_y_ols": 0.054468057866241704, "hat_y_frac": 0.056631446137334257, "residual_frac": -0.012187001692889859, "abs_residual_frac": 0.012187001692889859, "basis_risk_category": "Concordant Alignment" }, "geometry": { "type": "Polygon", "coordinates": [ [ [ 805244.527452244306915, 647436.891231601592153 ], [ 805244.527452244306915, 657436.891231601592153 ], [ 815244.527452244306915, 657436.891231601592153 ], [ 815244.527452244306915, 647436.891231601592153 ], [ 805244.527452244306915, 647436.891231601592153 ] ] ] } },
{ "type": "Feature", "properties": { "cell_id": 116, "parish": "Portland", "centroid_x": 810244.52745224419, "centroid_y": 662436.89123160159, "land_area_km2": 100.0, "total_buildings": 49, "damaged_buildings": 2, "Damage_Ratio": 0.040816326530612242, "Dist_km": 114.55126461063159, "Delta_P": 105.8468009497858, "DeltaP_x_Dist": 12124.884903787764, "Pop_Dens": 124.95228564049587, "ln_Pop_Dens": 4.8359031498391678, "Delta_P_c": -7.5311391135137598, "Dist_km_c": 61.489335281597619, "DeltaP_x_Dist_c": -463.08473800320144, "hat_y_ols": 0.025268350366391745, "hat_y_frac": 0.050225371122663238, "residual_frac": -0.0094090445920510385, "abs_residual_frac": 0.0094090445920510385, "basis_risk_category": "Concordant Alignment" }, "geometry": { "type": "Polygon", "coordinates": [ [ [ 805244.527452244306915, 657436.891231601592153 ], [ 805244.527452244306915, 667436.891231601592153 ], [ 815244.527452244306915, 667436.891231601592153 ], [ 815244.527452244306915, 657436.891231601592153 ], [ 805244.527452244306915, 657436.891231601592153 ] ] ] } },
{ "type": "Feature", "properties": { "cell_id": 117, "parish": "Portland", "centroid_x": 809624.6647606988, "centroid_y": 668910.0193558255, "land_area_km2": 27.295037631173908, "total_buildings": 12, "damaged_buildings": 0, "Damage_Ratio": 0.0, "Dist_km": 118.87221727902224, "Delta_P": 106.59263023662561, "DeltaP_x_Dist": 12670.902301830634, "Pop_Dens": 128.44846888950892, "ln_Pop_Dens": 4.8632828783138384, "Delta_P_c": -6.7853098266739664, "Dist_km_c": 65.81028794998825, "DeltaP_x_Dist_c": -446.54319352329861, "hat_y_ols": 0.0053802474893654461, "hat_y_frac": 0.046821070299633047, "residual_frac": -0.046821070299633047, "abs_residual_frac": 0.046821070299633047, "basis_risk_category": "Concordant Alignment" }, "geometry": { "type": "Polygon", "coordinates": [ [ [ 815244.527452244306915, 667436.891231601592153 ], [ 805244.527452244306915, 667436.891231601592153 ], [ 805244.527452244306915, 672525.657192784361541 ], [ 805267.635603233124129, 672528.027718439348973 ], [ 805283.431618515751325, 672549.688790028449148 ], [ 805295.671595974476077, 672538.167900220607407 ], [ 805282.62314661568962, 672513.758535532513633 ], [ 805304.122178974212147, 672497.460072490619496 ], [ 805325.336905509466305, 672484.459209686261602 ], [ 805327.416594946174882, 672388.468991323374212 ], [ 805360.353780264384113, 672378.744274772820063 ], [ 805344.272521848441102, 672334.436433668714017 ], [ 805362.300909610232338, 672299.799006632645614 ], [ 805408.218846124014817, 672259.872200075536966 ], [ 805486.329175881692208, 672241.841254325932823 ], [ 805518.250596704543568, 672228.572049141745083 ], [ 805571.515483254101127, 672123.440469713415951 ], [ 805626.839815193321556, 672075.660151261254214 ], [ 805645.398464646772482, 672007.254882648121566 ], [ 805670.614898704108782, 672023.298105185269378 ], [ 805718.918890587403439, 671989.211845532525331 ], [ 805783.387002899660729, 671925.497356161591597 ], [ 805792.718586630886421, 671873.037664496456273 ], [ 805815.862686767941341, 671806.925704241497442 ], [ 805875.694994084187783, 671759.18107142066583 ], [ 805935.451960387639701, 671734.248323726351373 ], [ 805954.155224291840568, 671615.637660422828048 ], [ 805908.347136032418348, 671578.992485142312944 ], [ 805922.491660022409633, 671448.957338316133246 ], [ 805957.251590350060724, 671334.95267852244433 ], [ 805990.985755412257276, 671287.654203434824012 ], [ 806043.700951165868901, 671213.768459890387021 ], [ 806064.631185059668496, 671189.920606894651428 ], [ 806092.800710537936538, 671172.391376458457671 ], [ 806127.464898396632634, 671162.606487428885885 ], [ 806258.461177071905695, 671142.427814210997894 ], [ 806327.93432378617581, 671138.863951855688356 ], [ 806343.932757339440286, 671119.507060134434141 ], [ 806339.514612397528253, 671096.029440560028888 ], [ 806319.688471981440671, 671074.167830991209485 ], [ 806333.119559952290729, 671031.537864586221986 ], [ 806407.376106037176214, 670950.310264115338214 ], [ 806440.576594338286668, 670908.932621671585366 ], [ 806448.247727036941797, 670897.510012105572969 ], [ 806459.998880275757983, 670879.98941474664025 ], [ 806487.593404647079296, 670856.681418527965434 ], [ 806498.533052959712222, 670830.757624021731317 ], [ 806504.892661941586994, 670808.229696821072139 ], [ 806506.603960573673248, 670787.082994387135841 ], [ 806498.951982873608358, 670762.444925231859088 ], [ 806489.713308649370447, 670741.399506505928002 ], [ 806436.00413885328453, 670667.009438701556064 ], [ 806507.282817624392919, 670569.79098313418217 ], [ 806546.964290138916112, 670508.166056792368181 ], [ 806618.703539476380683, 670475.356096199247986 ], [ 806718.613472233060747, 670461.853562638862059 ], [ 806890.34235413512215, 670461.299373191664927 ], [ 806954.511178707005456, 670430.826245409087278 ], [ 806980.885239964118227, 670427.460582793690264 ], [ 807029.54614695883356, 670385.553324638982303 ], [ 807070.673632246325724, 670369.424597942503169 ], [ 807157.502690709778108, 670375.90889501478523 ], [ 807240.357012177817523, 670261.637330488418229 ], [ 807253.979608447523788, 670244.886399064911529 ], [ 807292.097374207456596, 670256.021769459359348 ], [ 807295.546161805512384, 670245.218064170680009 ], [ 807299.144425259786658, 670233.949925561319105 ], [ 807307.494102402590215, 670207.808737644692883 ], [ 807305.428028592141345, 670201.604425888392143 ], [ 807324.930746295838617, 670174.776389084639959 ], [ 807383.801725775934756, 670201.833540793508291 ], [ 807419.42812289565336, 670117.143169586197473 ], [ 807345.232799535966478, 670080.821176111814566 ], [ 807340.382911747903563, 670067.83489505876787 ], [ 807340.036629585665651, 670059.621168910525739 ], [ 807351.604490702389739, 670058.193964575766586 ], [ 807346.517708916915581, 670039.385039153625257 ], [ 807337.054317023721524, 670012.162447210401297 ], [ 807355.4501373359235, 669998.524681043345481 ], [ 807363.126982459565625, 670010.777651884709485 ], [ 807371.280568963848054, 670011.952605018508621 ], [ 807428.049840405699797, 669998.150466327788308 ], [ 807479.991515370784327, 670046.848369657993317 ], [ 807481.806414922582917, 670044.8835219736211 ], [ 807494.170906517538242, 670031.560262597864494 ], [ 807535.872274523484521, 670054.616148343659006 ], [ 807585.291831375099719, 670014.48344603262376 ], [ 807579.360859492910095, 669976.977544924942777 ], [ 807593.19040782796219, 669943.956993004772812 ], [ 807619.954301708959974, 669912.590419266372919 ], [ 807664.39359905954916, 669922.051619252422825 ], [ 807709.743777531548403, 669902.383713538991287 ], [ 807757.446025353623554, 669888.799359821132384 ], [ 807799.705703106359579, 669894.723646306549199 ], [ 807826.967302993522026, 669917.173119118553586 ], [ 807833.416826525120996, 669943.711890523904003 ], [ 807840.368384271278046, 669993.739177989773452 ], [ 807871.1498691693414, 670035.137038191896863 ], [ 807889.027508129714988, 670053.806750276708044 ], [ 807889.757217452395707, 670082.586610012105666 ], [ 807880.80918309558183, 670121.199811840546317 ], [ 807858.28049892373383, 670205.197468115249649 ], [ 807851.935693158884533, 670257.98585792502854 ], [ 807851.08953349024523, 670268.675390076590702 ], [ 807848.453433934249915, 670276.448667159886099 ], [ 807843.701984396902844, 670287.613690832280554 ], [ 807840.228397798957303, 670288.787761821295135 ], [ 807832.069700269261375, 670289.39460248791147 ], [ 807829.069200107245706, 670295.174504673923366 ], [ 807829.038462593220174, 670305.600801793625578 ], [ 807829.87625175062567, 670312.100394477020018 ], [ 807836.346458946936764, 670331.577634212677367 ], [ 807843.917035306571051, 670361.783355576917529 ], [ 807852.924402935081162, 670385.49619516718667 ], [ 807861.988885307218879, 670393.425735685159452 ], [ 807874.451892765238881, 670400.513043989543803 ], [ 807890.025845895987004, 670410.996457410044968 ], [ 807912.418819457292557, 670419.518778911326081 ], [ 807913.515009363065474, 670431.652931576711126 ], [ 807919.84783116588369, 670447.455103191896342 ], [ 807963.295812546974048, 670469.709082772023976 ], [ 808034.039140437263995, 670466.852318584686145 ], [ 808097.405088827013969, 670533.029429497779347 ], [ 808208.523954326636158, 670521.593192258384079 ], [ 808240.604270151234232, 670520.515169590828009 ], [ 808266.599784401827492, 670530.653505856054835 ], [ 808288.977855566190556, 670544.090565696242265 ], [ 808317.514214266091585, 670518.031925551244058 ], [ 808314.540705704479478, 670450.638934866990894 ], [ 808211.632582480902784, 670347.497194267925806 ], [ 808155.353430042392574, 670235.384944088989869 ], [ 808079.751145852380432, 670074.559189496096224 ], [ 808131.530889857909642, 669888.111296524410136 ], [ 808240.710459958878346, 669729.316618586657569 ], [ 808291.040735997376032, 669700.345300412969664 ], [ 808356.655597792938352, 669679.709764934261329 ], [ 808389.148559258086607, 669675.534073972608894 ], [ 808437.708449275232852, 669683.382241193437949 ], [ 808471.060780715662986, 669685.507133348844945 ], [ 808493.789731830474921, 669684.445923922583461 ], [ 808535.571534221759066, 669683.950729075120762 ], [ 808575.972989233792759, 669678.028013025410473 ], [ 808659.499857515329495, 669689.334882352384739 ], [ 808753.323503849213012, 669703.318279265309684 ], [ 808842.54330479062628, 669721.306124199647456 ], [ 808876.819780736695975, 669725.692421120940708 ], [ 808915.774601423530839, 669743.49659413669724 ], [ 809080.988771238364279, 669839.09272255806718 ], [ 809136.216852220706642, 669884.373721503536217 ], [ 809162.858173187007196, 669912.036376959877089 ], [ 809182.128437004168518, 669942.156140160746872 ], [ 809205.323362660594285, 670003.954316508257762 ], [ 809210.538782389601693, 670039.145274599897675 ], [ 809208.153190990095027, 670079.404733353178017 ], [ 809206.919391438714229, 670141.162410122109577 ], [ 809219.741910875192843, 670232.315795280737802 ], [ 809182.110748405568302, 670312.713430836680345 ], [ 809178.343000158900395, 670414.874052206985652 ], [ 809161.135316631058231, 670455.210579079808667 ], [ 809149.432655649958178, 670473.305255914339796 ], [ 809127.88491167651955, 670514.492060308228247 ], [ 809097.712217523949221, 670535.519560019602068 ], [ 809038.344201333122328, 670565.745566464262083 ], [ 808966.697192538762465, 670587.733183662989177 ], [ 808886.648519794805907, 670627.914357745903544 ], [ 808871.182025484740734, 670624.160032500280067 ], [ 808858.773656276287511, 670644.864900885964744 ], [ 808834.448887932114303, 670642.201930442242883 ], [ 808827.591761378571391, 670656.858009027433582 ], [ 808845.399736511870287, 670666.518759976490401 ], [ 808850.228868834092282, 670724.830300598405302 ], [ 808838.957293270621449, 670761.598786832415499 ], [ 808832.057876868871972, 670779.785546723171137 ], [ 808839.448326327605173, 670798.93384305993095 ], [ 808822.478837479255162, 670848.380663259536959 ], [ 808854.463435755344108, 670864.93526025803294 ], [ 808876.291056413203478, 670899.368032498168759 ], [ 808895.419627526891418, 670909.55300995206926 ], [ 808889.853779760422185, 670934.595074870390818 ], [ 808901.989277400658466, 670951.864955522934906 ], [ 808894.944185280706733, 670958.672982108895667 ], [ 808897.093223303207196, 670968.76271483337041 ], [ 808905.986441568238661, 670973.604158489499241 ], [ 808904.208150646998547, 670977.450609150808305 ], [ 808905.009461889858358, 670985.400101447710767 ], [ 808896.564362518489361, 670989.868498518248089 ], [ 808905.080998392077163, 671014.421569655300118 ], [ 808944.391481569502503, 671022.143627093522809 ], [ 808963.647683779592626, 671017.973386663594283 ], [ 808969.298081319662742, 671028.173269086750224 ], [ 808979.922180023044348, 671030.850550773204304 ], [ 809012.212832523160614, 671015.861488324822858 ], [ 809038.372058062115684, 671020.467167401569895 ], [ 809094.544493909459561, 671018.090593542787246 ], [ 809105.161023430759087, 671012.74335509177763 ], [ 809085.833644910249859, 671008.921882274211384 ], [ 809044.887783007579856, 670999.744662746204995 ], [ 809035.01287399395369, 670987.163413938949816 ], [ 809043.642065703985281, 670977.781276448396966 ], [ 809072.258838262059726, 670981.353971629054286 ], [ 809068.173186293337494, 670950.41665647411719 ], [ 809077.68886294553522, 670941.767715961672366 ], [ 809070.124792925780639, 670931.185716115753166 ], [ 809059.90794613212347, 670923.241070925840177 ], [ 809062.956678198534064, 670919.099614103208296 ], [ 809073.20189243205823, 670917.625168361351825 ], [ 809077.019132333225571, 670911.228081938810647 ], [ 809074.014696391997859, 670900.659814281272702 ], [ 809067.228558360482566, 670888.19853728346061 ], [ 809069.201734904083423, 670861.806432496057823 ], [ 809109.498669776599854, 670833.648155903909355 ], [ 809189.523153696558438, 670829.406780645484105 ], [ 809218.304528850130737, 670739.972736568772234 ], [ 809306.834473040769808, 670648.516698638675734 ], [ 809392.815845232340507, 670609.384555631084368 ], [ 809470.802610175218433, 670618.066000894643366 ], [ 809536.045890601584688, 670635.608035672805272 ], [ 809566.458859948324971, 670619.175305293174461 ], [ 809579.486720969434828, 670603.752372353686951 ], [ 809571.589355755015276, 670553.168120786431246 ], [ 809573.355784858111292, 670539.34910508710891 ], [ 809578.63595471251756, 670528.573492072755471 ], [ 809597.921456095878966, 670508.000657141557895 ], [ 809666.189997252891771, 670480.570504492148757 ], [ 809737.446912245824933, 670462.004376734257676 ], [ 809751.720825059455819, 670464.792804313241504 ], [ 809866.736639054375701, 670487.280209805234335 ], [ 809890.303572252509184, 670506.013402616488747 ], [ 809890.526869861758314, 670529.899603168480098 ], [ 809902.070543566718698, 670539.992092260625213 ], [ 809988.779627148411237, 670543.504003028734587 ], [ 809999.328409496927634, 670518.964508388307877 ], [ 810042.960490463417955, 670504.454577279044315 ], [ 810063.288377728662454, 670506.409500289009884 ], [ 810073.398867018288001, 670511.022761990781873 ], [ 810079.616432748851366, 670525.884474304504693 ], [ 810075.058553005685098, 670549.446120827225968 ], [ 810100.934317036648281, 670563.440191580797546 ], [ 810149.593891830416396, 670572.729929615044966 ], [ 810162.927857895148918, 670557.695715006091632 ], [ 810166.121719557675533, 670530.477345767780207 ], [ 810191.650078517035581, 670502.906902264570817 ], [ 810253.336658738669939, 670507.235854081460275 ], [ 810282.546966443303972, 670520.939683355973102 ], [ 810296.758501557167619, 670537.098895207513124 ], [ 810294.095066712587141, 670553.460812868899666 ], [ 810283.946826003259048, 670564.597597610787489 ], [ 810289.532445371616632, 670575.041160114808008 ], [ 810302.615178297273815, 670583.260893492610194 ], [ 810319.165640225401148, 670584.035125084454194 ], [ 810352.027080270810984, 670584.862814068212174 ], [ 810443.597230761894025, 670576.500375380855985 ], [ 810536.445083683589473, 670541.522899664705619 ], [ 810606.601485793013126, 670530.08455356687773 ], [ 810639.190256862319075, 670528.84599883982446 ], [ 810622.208220902713947, 670515.766048325342126 ], [ 810585.117169805336744, 670522.358879700885154 ], [ 810565.265580070903525, 670523.780736152315512 ], [ 810553.281602822360583, 670526.355871099513024 ], [ 810546.547119508613832, 670524.840854338603094 ], [ 810546.588457695092075, 670511.44826616870705 ], [ 810556.327313144225627, 670509.607776145683601 ], [ 810568.294042117893696, 670512.622111654141918 ], [ 810586.65278057649266, 670511.571971488650888 ], [ 810599.399400362279266, 670505.280244015273638 ], [ 810613.300795589690097, 670488.200442275963724 ], [ 810645.481606191606261, 670495.748914993717335 ], [ 810680.354397687828168, 670501.745129246846773 ], [ 810718.923290339997038, 670509.91117655124981 ], [ 810741.889602984767407, 670531.012165609048679 ], [ 810738.095672671799548, 670550.181886967271566 ], [ 810732.452189402189106, 670561.919012652011588 ], [ 810748.512080674408935, 670569.932494221255183 ], [ 810750.509320034994744, 670562.594756408012472 ], [ 810751.081498328247108, 670559.145427920739166 ], [ 810750.130256555508822, 670558.59790405491367 ], [ 810757.484506028122269, 670520.545520495506935 ], [ 810754.471888645784929, 670488.980294307693839 ], [ 810742.10223901970312, 670462.344717857660726 ], [ 810750.844636644120328, 670454.325094194035046 ], [ 810762.044451722758822, 670455.599440044607036 ], [ 810779.23824209801387, 670468.613756566890515 ], [ 810779.943341399659403, 670486.889803502941504 ], [ 810805.997076338622719, 670532.450442368397489 ], [ 810815.174669868778437, 670581.976605259231292 ], [ 810826.981328330468386, 670588.820256020524539 ], [ 810853.17101375956554, 670573.427916891989298 ], [ 810893.00919435499236, 670574.79120327020064 ], [ 810922.261239545885473, 670574.882032704306766 ], [ 810911.113366405363195, 670556.905598696437664 ], [ 810879.400072062504478, 670548.771516760345548 ], [ 810869.241943203611299, 670545.939697061665356 ], [ 810863.64391676732339, 670539.591224087867886 ], [ 810877.552422985900193, 670520.286889703944325 ], [ 810877.219103872659616, 670508.376299199764617 ], [ 810886.159476137720048, 670521.796764099271968 ], [ 810916.828040941152722, 670522.279374684207141 ], [ 810946.208030578214675, 670535.696943550137803 ], [ 810972.767267094459385, 670547.821858713286929 ], [ 811008.858485749922693, 670549.782493447768502 ], [ 811033.238321168697439, 670517.693677549250424 ], [ 811043.981433104956523, 670465.130257872049697 ], [ 811032.927934073959477, 670416.837814126629382 ], [ 811060.331696475157514, 670412.595369511866011 ], [ 811090.331473828526214, 670373.097256051376462 ], [ 811095.430046160938218, 670335.98986116622109 ], [ 811090.956550793605857, 670313.800291756633669 ], [ 811089.374023479758762, 670313.646121995523572 ], [ 811084.152211963781156, 670308.792988140601665 ], [ 811077.072740803356282, 670295.743486925028265 ], [ 811083.084099269006401, 670291.666912886081263 ], [ 811102.775993966497481, 670290.654611912323162 ], [ 811152.259938058326952, 670276.154309898614883 ], [ 811162.058839689008892, 670248.325805469532497 ], [ 811173.552661376306787, 670229.988174151512794 ], [ 811190.292661688290536, 670225.657316852477379 ], [ 811199.75999641395174, 670212.570849276729859 ], [ 811253.476280745468102, 670153.96554177487269 ], [ 811294.949154397356324, 670116.617638843250461 ], [ 811324.433908066246659, 670103.405630387598649 ], [ 811344.614542431430891, 670071.348365051904693 ], [ 811360.776306328829378, 670079.434539082692936 ], [ 811385.676051029353403, 670077.664028187165968 ], [ 811390.701681738835759, 670064.065679838997312 ], [ 811443.056233453447931, 670041.949001803528517 ], [ 811512.320965231163427, 669988.340675758314319 ], [ 811542.217499380232766, 669982.247238439857028 ], [ 811545.886371656088158, 669972.872785661835223 ], [ 811496.347969979164191, 669933.535452486365102 ], [ 811436.546384344110265, 669934.897636637557298 ], [ 811322.527990135247819, 669954.995186129352078 ], [ 811289.28623411199078, 669931.260364695102908 ], [ 811264.87786043190863, 669880.657092818175443 ], [ 811269.419574732077308, 669832.291516324854456 ], [ 811245.753308574436232, 669760.815686748479493 ], [ 811183.470699408440851, 669712.839266923489049 ], [ 811167.204667649930343, 669687.176382383215241 ], [ 811147.787226636311971, 669633.888162087765522 ], [ 811112.030117374262773, 669602.254082463565283 ], [ 811051.53884101845324, 669566.547402668045834 ], [ 811067.421560728107579, 669535.295558336656541 ], [ 811052.544280654401518, 669515.447980698663741 ], [ 811081.310473357792944, 669471.607269775820896 ], [ 811171.87518843007274, 669373.514033853192814 ], [ 811279.074805579031818, 669332.386599252582528 ], [ 811306.037822521990165, 669320.716265071183443 ], [ 811332.755476984311827, 669326.62172875739634 ], [ 811387.99364449782297, 669337.065932777128182 ], [ 811457.02230842364952, 669359.551575795281678 ], [ 811477.077744294307195, 669276.601846782723442 ], [ 811518.67246506200172, 669292.216854807338677 ], [ 811548.672886187094264, 669314.049184218514711 ], [ 811539.790569421253167, 669363.031941087683663 ], [ 811542.659729210077785, 669443.35284745937679 ], [ 811534.986471172072925, 669508.28889456577599 ], [ 811635.840832639602013, 669705.35646711033769 ], [ 811647.459104377776384, 669772.22367080161348 ], [ 811683.324068937916309, 669846.571843521553092 ], [ 811752.288242392009124, 669848.537621474242769 ], [ 811850.347112363902852, 669810.240146775147878 ], [ 811980.341775739914738, 669817.191846236702986 ], [ 812089.138304619351402, 669859.61777860543225 ], [ 812176.114694882533513, 669853.230119219166227 ], [ 812245.535232561524026, 669794.710534137673676 ], [ 812306.310895294416696, 669799.939578149002045 ], [ 812320.016896929009818, 669878.291709625162184 ], [ 812334.073810753296129, 669959.378858386655338 ], [ 812391.68666236102581, 670047.422621214180253 ], [ 812420.232595531851985, 670073.50193618342746 ], [ 812456.100710240774788, 670149.091230602818541 ], [ 812502.715655034058727, 670172.140137191046961 ], [ 812542.433511141804047, 670208.150348702212796 ], [ 812557.964545106864534, 670218.094985847943462 ], [ 812569.869495649822056, 670194.003934165346436 ], [ 812598.568977724877186, 670171.825962134753354 ], [ 812594.358265350922011, 670125.402901242254302 ], [ 812610.631991238682531, 670098.237746713333763 ], [ 812543.728424153174274, 669997.789285094710067 ], [ 812492.166239949176088, 669966.688901118934155 ], [ 812495.41857604123652, 669922.160204565501772 ], [ 812551.619887431501411, 669865.414794083917513 ], [ 812638.933519146637991, 669813.096597204916179 ], [ 812655.470407019136474, 669703.639138090307824 ], [ 812660.895097392844036, 669694.591486160526983 ], [ 812656.457227117847651, 669662.988238611142151 ], [ 812699.229168526129797, 669687.098948859144002 ], [ 812757.002616626326926, 669681.694175398675725 ], [ 812771.503317844006233, 669623.576390899601392 ], [ 812854.398658154997975, 669494.530304836691357 ], [ 812974.497669542441145, 669410.773908275878057 ], [ 813050.145034197717905, 669308.922475732862949 ], [ 813164.726865379489027, 669296.296848018537275 ], [ 813202.605132716242224, 669325.495393493794836 ], [ 813261.709568247781135, 669386.738907389924861 ], [ 813230.820770286838524, 669539.382522315718234 ], [ 813191.619485953706317, 669651.710639607626945 ], [ 813162.673022056813352, 669727.147844949853607 ], [ 813189.466902716318145, 669797.72847480350174 ], [ 813253.48740006913431, 669843.248646272812039 ], [ 813310.898523376323283, 669845.116244221571833 ], [ 813363.464472849736921, 669774.791624101344496 ], [ 813419.340388829470612, 669727.97596353595145 ], [ 813476.963685013120994, 669664.375429007108323 ], [ 813529.671731932554394, 669553.774001942249015 ], [ 813575.249876953894272, 669557.275372771546245 ], [ 813603.746464664000086, 669621.154652859200723 ], [ 813627.283690493553877, 669654.801293097669259 ], [ 813688.818815729115158, 669677.06020801293198 ], [ 813732.651187191600911, 669667.462417503935285 ], [ 813728.671449115965515, 669622.379159479169175 ], [ 813748.92186555499211, 669570.21340916515328 ], [ 813819.183360199327581, 669596.430355048854835 ], [ 813845.72100179514382, 669667.055314771132544 ], [ 813874.680276258965023, 669757.478419613908045 ], [ 813884.444504375569522, 669816.283177622710355 ], [ 814079.003387967939489, 669902.299057993688621 ], [ 814151.63214389688801, 669964.40855974261649 ], [ 814209.519900841871276, 669962.749542033416219 ], [ 814238.037666175281629, 669999.966182509553619 ], [ 814267.928986487095244, 669995.725295420153998 ], [ 814245.628524809260853, 669962.867769270204008 ], [ 814235.765750181046315, 669931.279582693590783 ], [ 814199.764836643473245, 669901.465324672288261 ], [ 814190.534276810707524, 669867.399921277188696 ], [ 814203.797199192689732, 669810.518772670999169 ], [ 814185.36672528355848, 669736.223004290135577 ], [ 814164.220730356522836, 669728.726960038533434 ], [ 814139.281811679247767, 669742.259477512794547 ], [ 814090.757167144212872, 669734.054184521082789 ], [ 814017.424405042314902, 669696.071643796749413 ], [ 813988.257843709434383, 669669.368161496240646 ], [ 813977.833320436184295, 669621.695971758570522 ], [ 813938.924152024439536, 669526.281676835147664 ], [ 813937.833004429354332, 669478.020114659098908 ], [ 813959.79119495744817, 669427.974211415741593 ], [ 814005.742989732883871, 669365.665399689693004 ], [ 814036.076842582318932, 669323.372625084244646 ], [ 814173.338398685213178, 669273.404852643376216 ], [ 814197.815535275149159, 669268.61486814240925 ], [ 814261.951658634236082, 669256.05199128005188 ], [ 814316.427187420194969, 669253.45236528175883 ], [ 814372.647589514264837, 669286.587240496301092 ], [ 814449.833544444292784, 669337.102045184001327 ], [ 814482.511302886880003, 669338.449088101740927 ], [ 814523.199903593049385, 669316.778231844073161 ], [ 814582.953134439419955, 669317.904602793743834 ], [ 814657.878589732106775, 669296.490659518865868 ], [ 814676.264605757663958, 669287.585907225380652 ], [ 814715.019496462540701, 669287.713719238294289 ], [ 814723.023477632901631, 669266.854153245221823 ], [ 814733.382007931359112, 669241.054809407214634 ], [ 814745.754722425481305, 669217.276558742276393 ], [ 814750.761456437176093, 669210.176137071568519 ], [ 814774.283441406791098, 669203.13684449007269 ], [ 814798.276088156155311, 669194.549566263682209 ], [ 814826.401850287104025, 669158.294041057582945 ], [ 814833.408992572687566, 669157.387457053409889 ], [ 814873.311039586085826, 669092.249337634188123 ], [ 814876.005212320713326, 669077.404528294107877 ], [ 814899.452952202875167, 669048.095631321426481 ], [ 814904.751267567160539, 669045.63385131501127 ], [ 814927.385605134884827, 669022.35454516147729 ], [ 814925.078942432883196, 669016.004749671672471 ], [ 814935.695016102399677, 669005.21504711965099 ], [ 814956.251093376195058, 669002.493878859095275 ], [ 814971.188352886238135, 669003.16317199205514 ], [ 814985.167579849017784, 669008.776852629031055 ], [ 814993.849325740593486, 669019.78541175625287 ], [ 815005.482196389813907, 669027.837437570677139 ], [ 815023.233637470169924, 669038.13448741810862 ], [ 815031.398089573485777, 669039.213043880066834 ], [ 815040.508109628222883, 669029.536307788337581 ], [ 815041.089767824742012, 669020.041596736875363 ], [ 815031.551892464398406, 669008.775606575189158 ], [ 815033.580901946290396, 669006.314092165906914 ], [ 815030.189849346410483, 668995.1570281899767 ], [ 815015.932688287692145, 668977.632856536074542 ], [ 815005.203239903552458, 668971.531847282545641 ], [ 814989.758361254818738, 668970.783368255011737 ], [ 814986.9532502356451, 668967.984852849156596 ], [ 814990.954532242380083, 668961.02505216433201 ], [ 814983.247139317798428, 668956.107311670901254 ], [ 814945.362868770374916, 668945.278766400180757 ], [ 814918.926782242022455, 668940.774995260639116 ], [ 814915.470124731189571, 668927.038811429054476 ], [ 814930.994354392052628, 668903.824532817932777 ], [ 814939.728366530034691, 668879.890482522547245 ], [ 814954.056466014357284, 668866.445609707618132 ], [ 814982.211399606545456, 668843.970503843971528 ], [ 815002.369689079350792, 668836.820729704108089 ], [ 815033.897781840525568, 668856.471915327361785 ], [ 815049.487369651789777, 668886.994748781551607 ], [ 815056.825461489264853, 668933.085525040747598 ], [ 815092.909955861512572, 668992.06667675927747 ], [ 815107.323613153304905, 669019.796437906916253 ], [ 815111.890199073590338, 669056.104697031667456 ], [ 815131.435469184885733, 669090.138332158210687 ], [ 815161.576476098969579, 669106.763467992772348 ], [ 815195.187029419699684, 669133.16246253112331 ], [ 815195.389395891805179, 669145.493273099884391 ], [ 815172.168047206476331, 669157.513815698912367 ], [ 815174.881908181239851, 669187.761555960285477 ], [ 815165.180512247141451, 669222.583552966709249 ], [ 815201.769929518341087, 669368.132169969845563 ], [ 815244.527452244306915, 669432.338421298307367 ], [ 815244.527452244306915, 667436.891231601592153 ] ] ] } },
{ "type": "Feature", "properties": { "cell_id": 118, "parish": "St. Thomas", "centroid_x": 820230.75259755249, "centroid_y": 642474.14792184986, "land_area_km2": 99.208946524848685, "total_buildings": 47, "damaged_buildings": 3, "Damage_Ratio": 0.063829787234042548, "Dist_km": 106.43383284061126, "Delta_P": 101.53725659760221, "DeltaP_x_Dist": 10806.999395803447, "Pop_Dens": 98.818619791666663, "ln_Pop_Dens": 4.6033547369739871, "Delta_P_c": -11.840683465697367, "Dist_km_c": 53.371903511577273, "DeltaP_x_Dist_c": -631.95981544232825, "hat_y_ols": 0.067840169386089888, "hat_y_frac": 0.049792213447861659, "residual_frac": 0.014037573786180847, "abs_residual_frac": 0.014037573786180847, "basis_risk_category": "Concordant Alignment" }, "geometry": { "type": "Polygon", "coordinates": [ [ [ 815244.527452244306915, 637436.891231601592153 ], [ 815244.527452244306915, 647436.891231601592153 ], [ 825244.527452244306915, 647436.891231601592153 ], [ 825244.527452244306915, 637436.891231601592153 ], [ 822341.553345951717347, 637436.891231601592153 ], [ 822364.647737718536519, 637489.294431891059503 ], [ 822388.64374918024987, 637505.597450774977915 ], [ 822445.827402559458278, 637600.395390007877722 ], [ 822430.290539153851569, 637612.214081724523567 ], [ 822434.649402887094766, 637622.800096763647161 ], [ 822468.390207435935736, 637605.84657712536864 ], [ 822538.75376768480055, 637859.17621904052794 ], [ 822523.568586554960348, 637985.339739182963967 ], [ 822465.627485426026396, 637992.884632326080464 ], [ 822457.634073269669898, 638022.484214550931938 ], [ 822532.331506968243048, 638040.125530260032974 ], [ 822583.068288443726487, 638017.745221579796635 ], [ 822651.200320398085751, 638019.734706770512275 ], [ 822649.342678667744622, 638049.246221064240672 ], [ 822664.959376158309169, 638078.82235403440427 ], [ 822743.438841786701232, 638113.833102923235856 ], [ 822825.344155343715101, 638167.971320300595835 ], [ 822874.163043253356591, 638376.972515710862353 ], [ 822901.851750878849998, 638400.096700702095404 ], [ 822868.151390361832455, 638394.98001251462847 ], [ 822818.642752121435478, 638400.673575944965705 ], [ 822791.324922868516296, 638391.82861921202857 ], [ 822707.562710206955671, 638367.213118591345847 ], [ 822660.42218105646316, 638360.088017655303702 ], [ 822667.501775345765054, 638334.071167198824696 ], [ 822662.382551670190878, 638302.796168098342605 ], [ 822631.053151570726186, 638269.697654292336665 ], [ 822580.464477540110238, 638252.145001495722681 ], [ 822556.154448264278471, 638212.121829086798243 ], [ 822512.634409578167833, 638168.552427125396207 ], [ 822453.296528763719834, 638152.705494135734625 ], [ 822358.943874045507982, 638157.5597541378811 ], [ 822288.997727359062992, 638176.405669409665279 ], [ 822250.518173164222389, 638188.416808249661699 ], [ 822194.581422125222161, 638198.626192168798298 ], [ 822143.956060545751825, 638188.02524170873221 ], [ 822112.014003903605044, 638145.365777423139662 ], [ 822098.07645273336675, 638126.751882861950435 ], [ 822091.809369710739702, 638118.382075669593178 ], [ 822055.339381540077738, 638059.211533714085817 ], [ 822015.270350693492219, 638027.808572593494318 ], [ 821957.711926071089692, 638003.292344202287495 ], [ 821900.172434409148991, 637973.563322743633762 ], [ 821813.595300848828629, 637920.994630028028041 ], [ 821811.63733740139287, 637882.614691819995642 ], [ 821807.351246265228838, 637860.739712838781998 ], [ 821803.627840963890776, 637853.078112553339452 ], [ 821786.355423512752168, 637858.604342687642202 ], [ 821771.75668643147219, 637851.655642256489955 ], [ 821722.521877706982195, 637845.919718540972099 ], [ 821654.857556267990731, 637820.105743564665318 ], [ 821643.276077631977387, 637808.132199820596725 ], [ 821624.785718410625122, 637798.922614292358048 ], [ 821593.337854098528624, 637800.545678600668907 ], [ 821569.869962766999379, 637799.187361221644096 ], [ 821545.368551874766126, 637796.452875745249912 ], [ 821525.873710278654471, 637789.519735253183171 ], [ 821513.557232438470237, 637781.472735095536336 ], [ 821521.832302576163784, 637767.291535582160577 ], [ 821514.937320403056219, 637742.950029521714896 ], [ 821493.997215160168707, 637734.196507862652652 ], [ 821460.718658355763182, 637758.380787193658762 ], [ 821394.338419634033926, 637758.139476200798526 ], [ 821315.768944201176055, 637743.963796838303097 ], [ 821296.577310519875027, 637738.127717604278587 ], [ 821257.150072838296182, 637727.94601015385706 ], [ 821239.084401056985371, 637695.063866443699226 ], [ 821219.949297011597082, 637670.689159438363276 ], [ 821198.564850837108679, 637644.125923847896047 ], [ 821182.365936375572346, 637637.072253183228895 ], [ 821082.382449216209352, 637598.414994915132411 ], [ 821008.888012363458984, 637581.370158752892166 ], [ 820886.238516202080064, 637539.123444670112804 ], [ 820841.892725661862642, 637514.458950067870319 ], [ 820725.200860285433009, 637450.862413955386728 ], [ 820708.451683214283548, 637436.891231601592153 ], [ 815244.527452244306915, 637436.891231601592153 ] ] ] } },
{ "type": "Feature", "properties": { "cell_id": 119, "parish": "Portland", "centroid_x": 820244.52745224419, "centroid_y": 652436.89123160159, "land_area_km2": 100.0, "total_buildings": 58, "damaged_buildings": 3, "Damage_Ratio": 0.051724137931034482, "Dist_km": 114.02995579481744, "Delta_P": 103.67777211398152, "DeltaP_x_Dist": 11822.37177106247, "Pop_Dens": 98.186515366735534, "ln_Pop_Dens": 4.5970020712479212, "Delta_P_c": -9.7001679493180433, "Dist_km_c": 60.968026465783453, "DeltaP_x_Dist_c": -591.40009625656683, "hat_y_ols": 0.03813226854483872, "hat_y_frac": 0.046008791493320975, "residual_frac": 0.0057153464377134242, "abs_residual_frac": 0.0057153464377134242, "basis_risk_category": "Concordant Alignment" }, "geometry": { "type": "Polygon", "coordinates": [ [ [ 815244.527452244306915, 647436.891231601592153 ], [ 815244.527452244306915, 657436.891231601592153 ], [ 825244.527452244306915, 657436.891231601592153 ], [ 825244.527452244306915, 647436.891231601592153 ], [ 815244.527452244306915, 647436.891231601592153 ] ] ] } },
{ "type": "Feature", "properties": { "cell_id": 120, "parish": "Portland", "centroid_x": 819047.01162357582, "centroid_y": 661750.59839226608, "land_area_km2": 71.753608148286744, "total_buildings": 38, "damaged_buildings": 3, "Damage_Ratio": 0.078947368421052627, "Dist_km": 120.03904893069296, "Delta_P": 104.78526084860289, "DeltaP_x_Dist": 12578.323054220868, "Pop_Dens": 98.5264892578125, "ln_Pop_Dens": 4.6004238324299154, "Delta_P_c": -8.5926792146966875, "Dist_km_c": 66.97711960165897, "DeltaP_x_Dist_c": -575.51290346142912, "hat_y_ols": 0.012881527398731702, "hat_y_frac": 0.041924181081473576, "residual_frac": 0.037023187339579024, "abs_residual_frac": 0.037023187339579024, "basis_risk_category": "Concordant Alignment" }, "geometry": { "type": "Polygon", "coordinates": [ [ [ 825244.527452244306915, 657436.891231601592153 ], [ 815244.527452244306915, 657436.891231601592153 ], [ 815244.527452244306915, 667436.891231601592153 ], [ 818562.759235835634172, 667436.891231601592153 ], [ 818519.106405385769904, 667384.868339839624241 ], [ 818417.217659316840582, 667342.929057248402387 ], [ 818426.80989962851163, 667286.713285502861254 ], [ 818479.173300882219337, 667214.951884746551514 ], [ 818604.07329788885545, 667094.533227730542421 ], [ 818705.661641250364482, 667020.066874073119834 ], [ 818853.394117057090625, 666997.573746169917285 ], [ 819105.241257290588692, 667004.214746249490418 ], [ 819336.289881368400529, 667072.38067749235779 ], [ 819468.471544948755763, 667186.353929292294197 ], [ 819561.517823973670602, 667337.323531829868443 ], [ 819682.301181998103857, 667352.77187962224707 ], [ 819714.26249914499931, 667315.385933210374787 ], [ 819660.282833302742802, 667224.267894206917845 ], [ 819669.46711327007506, 667191.582536960020661 ], [ 819902.61450735561084, 667275.380031420267187 ], [ 820090.639087486313656, 667327.241883954149671 ], [ 820166.587285029003397, 667251.518228077096865 ], [ 820189.991496205562726, 667204.973964378703386 ], [ 820196.119943346711807, 667176.963656965759583 ], [ 820195.872538839816116, 667157.962810643599369 ], [ 820199.993363767978735, 667159.260079511324875 ], [ 820201.113416273379698, 667154.140853973454796 ], [ 820229.873434429639019, 667145.322714297915809 ], [ 820266.681374222389422, 667097.130274228518829 ], [ 820272.835321587161161, 667065.153716943692416 ], [ 820289.315994484699331, 667060.69687896000687 ], [ 820313.410906090401113, 667086.993011146201752 ], [ 820392.171780074131675, 667056.560841679223813 ], [ 820422.321764930151403, 667005.478041961207055 ], [ 820431.933464851463214, 666936.645437802304514 ], [ 820388.039101893547922, 666904.843574769911356 ], [ 820309.31018572289031, 666940.953920655418187 ], [ 820275.85544937546365, 666854.180165765923448 ], [ 820263.452351865591481, 666830.969746236689389 ], [ 820266.395754312397912, 666803.896107155713253 ], [ 820292.945044507039711, 666789.093251701910049 ], [ 820364.31218331225682, 666731.649925958830863 ], [ 820351.319088518270291, 666707.728966211434454 ], [ 820375.191575642791577, 666698.782834115088917 ], [ 820420.580020846799016, 666709.504871927085333 ], [ 820475.233297368511558, 666659.650177519884892 ], [ 820540.594626996899024, 666660.073232283932157 ], [ 820581.871297822683118, 666643.076857365202159 ], [ 820651.422414914472029, 666482.050737289595418 ], [ 820665.684426145977341, 666449.038280378212221 ], [ 820650.853443808853626, 666440.232590219238773 ], [ 820655.470588477794081, 666421.632310228538699 ], [ 820679.476047171629034, 666417.10924128012266 ], [ 820685.856507954653352, 666402.33784866228234 ], [ 820671.587754669366404, 666359.630316004040651 ], [ 820694.299684845027514, 666355.760750414920039 ], [ 820710.234011524822563, 666344.539559078402817 ], [ 820718.552353516337462, 666326.638871053466573 ], [ 820729.18053800391499, 666302.0391154846875 ], [ 820726.959452640847303, 666272.379096353542991 ], [ 820714.56046428414993, 666248.072661039419472 ], [ 820719.185443222639151, 666224.3920731425751 ], [ 820724.394025184446946, 666218.762562491116114 ], [ 820722.987081744708121, 666194.284469470847398 ], [ 820719.321723560453393, 666186.583209077594802 ], [ 820711.496799906599335, 666152.708108292310499 ], [ 820716.549974091933109, 666104.180707508116029 ], [ 820671.68465327040758, 666015.450432669371367 ], [ 820711.93196235364303, 666031.965474672848359 ], [ 820713.007413539919071, 666020.659446037490852 ], [ 820712.432065442902967, 666010.649712585727684 ], [ 820663.5652926703915, 665919.315063027432188 ], [ 820624.598902719677426, 665757.797828242997639 ], [ 820611.888979733572342, 665752.871979411225766 ], [ 820603.974396328208968, 665743.811759950360283 ], [ 820599.552481245133094, 665711.06686985376291 ], [ 820600.401327162398957, 665657.499330307124183 ], [ 820581.13281922636088, 665624.678894839598797 ], [ 820560.721169555792585, 665618.396160177653655 ], [ 820549.399078270304017, 665609.323710608296096 ], [ 820546.599573918618262, 665599.164010578999296 ], [ 820569.335121723706834, 665591.907485402887687 ], [ 820568.003658890142106, 665553.130431750789285 ], [ 820512.371233999845572, 665397.498266400652938 ], [ 820457.626283646095544, 665256.756341276573949 ], [ 820423.899101349990815, 665242.577939411159605 ], [ 820399.709167984547094, 665244.84925871680025 ], [ 820377.215421017026529, 665222.952949799713679 ], [ 820357.877599307452329, 665194.482347210636362 ], [ 820360.594826486543752, 665156.804540890734643 ], [ 820336.022590181441046, 665115.409559900173917 ], [ 820343.489512216532603, 665090.045658161630854 ], [ 820378.074498971924186, 665101.459340668981895 ], [ 820401.865817039040849, 665139.276512117823586 ], [ 820571.3396361208288, 665146.393488545087166 ], [ 820573.483026244095527, 665068.30330071633216 ], [ 820567.928584217792377, 665035.554374101106077 ], [ 820557.754712985362858, 665021.970193166169338 ], [ 820557.238029511878267, 665006.738361669937149 ], [ 820573.807757317787036, 664978.020387551630847 ], [ 820535.432309290976264, 664914.117955810390413 ], [ 820509.928822047193535, 664902.183217614539899 ], [ 820498.661011784221046, 664877.881031650234945 ], [ 820503.292606600094587, 664855.318356751231477 ], [ 820518.141930165118538, 664828.287608118378557 ], [ 820539.853906241012737, 664785.132904671481811 ], [ 820628.824322339263745, 664575.841682904749177 ], [ 820811.567619055043906, 664464.42284165113233 ], [ 820856.179846336250193, 664395.473507384303957 ], [ 820969.019327140878886, 664329.748296765843406 ], [ 821077.784696581307799, 664275.829908016487025 ], [ 821113.772979248780757, 664212.771466306177899 ], [ 821182.699955901829526, 664195.245727533358149 ], [ 821276.14646944636479, 664175.186098502250388 ], [ 821373.679065668606199, 664122.888797821477056 ], [ 821399.481707751285285, 664145.816539326449856 ], [ 821469.858196671237238, 664079.131768317776732 ], [ 821532.094818915356882, 664082.656900949776173 ], [ 821665.249918718123809, 664152.40808991366066 ], [ 821794.397774337558076, 664197.751028103288263 ], [ 821879.991466571576893, 664198.152938018669374 ], [ 821956.598245122237131, 664147.143281990312971 ], [ 822077.394193199463189, 664022.858131739543751 ], [ 822167.409142060671002, 663865.875486494391225 ], [ 822209.117833304801024, 663730.586378076812252 ], [ 822193.966184918885119, 663649.079161300091073 ], [ 822202.523902176413685, 663612.817763783270493 ], [ 822182.272914730128832, 663516.393905579461716 ], [ 822189.895962701062672, 663481.047737289802171 ], [ 822155.600719883921556, 663384.5833295682678 ], [ 822144.643643310293555, 663307.740287688560784 ], [ 822136.792768880608492, 663278.39156882930547 ], [ 822130.287570103537291, 663263.00489276915323 ], [ 822017.476640925509855, 663251.887524536112323 ], [ 821986.170766751049086, 663234.550422905362211 ], [ 822003.997256951523013, 663224.842542598606087 ], [ 822131.392024302389473, 663218.791203350177966 ], [ 822131.114522871095687, 663167.599425380118191 ], [ 822106.131496727932245, 663082.791061426978558 ], [ 822134.957984545500949, 663011.683758263476193 ], [ 822190.86694267380517, 662963.952685850672424 ], [ 822196.214294042554684, 662908.586742924759164 ], [ 822177.508832972147502, 662901.06898789294064 ], [ 822188.351361910114065, 662882.492044829996303 ], [ 822218.849612217862159, 662866.311772636254318 ], [ 822231.116648747585714, 662840.291152490419336 ], [ 822209.151073765940964, 662829.972164999577217 ], [ 822176.363471932243556, 662832.640745196142234 ], [ 822149.260458611417562, 662814.853986135916784 ], [ 822147.556898235925473, 662771.559732605936006 ], [ 822162.683302400633693, 662730.662768461508676 ], [ 822117.332228406099603, 662713.273827080614865 ], [ 822096.403864273102954, 662674.0927451121388 ], [ 822091.935849359259009, 662614.042064718203619 ], [ 822124.134593336610124, 662518.276016365503892 ], [ 822115.825926672201604, 662483.801048236317001 ], [ 822122.474705729167908, 662333.485292604542337 ], [ 822176.284212843864225, 662218.241184232523665 ], [ 822218.699959461111575, 662144.859726488823071 ], [ 822231.575354057364166, 662080.202081652591005 ], [ 822239.906294137355871, 661979.234910142258741 ], [ 822268.495455529657193, 661846.676072432775982 ], [ 822321.801947642001323, 661742.144640147336759 ], [ 822423.916966637712903, 661607.997698435327038 ], [ 822490.166950999759138, 661550.056510917609558 ], [ 822637.851638843305409, 661378.380630756844766 ], [ 822674.009082826203667, 661352.448770606075414 ], [ 822713.790832914877683, 661356.779927239520475 ], [ 822774.189155168482102, 661361.663540383451618 ], [ 822791.626285233534873, 661331.932486086734571 ], [ 822800.752220293274149, 661271.456228899070993 ], [ 822780.950144828879274, 661179.682359473430552 ], [ 822802.760889536235482, 661109.468832357903011 ], [ 822833.957854413893074, 661031.38744115002919 ], [ 822890.396721326746047, 660965.49743088404648 ], [ 822976.411229500197805, 660924.842452039709315 ], [ 823133.156533617060632, 660891.911295619793236 ], [ 823240.922684572055005, 660780.601411776733585 ], [ 823284.547341906582005, 660674.498085407423787 ], [ 823306.454898870666511, 660664.009734507300891 ], [ 823446.542757184361108, 660526.280121822841465 ], [ 823515.709031405393034, 660440.417129829991609 ], [ 823541.28058394335676, 660364.640169791644439 ], [ 823677.717677199281752, 660199.427204046631232 ], [ 823834.125320768682286, 659954.233806334901601 ], [ 824004.762006819830276, 659782.466651989729144 ], [ 824213.849835858563893, 659613.037871555192396 ], [ 824306.100368922459893, 659493.285578277776949 ], [ 824358.102634342736565, 659365.932289623073302 ], [ 824458.551713267341256, 659306.721784466528334 ], [ 824486.757003577426076, 659196.578227933845483 ], [ 824501.808306848513894, 659177.465192645322531 ], [ 824523.842600560979918, 659170.454113677842543 ], [ 824615.099572763429023, 659062.487203351804055 ], [ 824640.605824223835953, 659044.432301671127789 ], [ 824664.592186572961509, 659040.997585573932156 ], [ 824732.364426017273217, 658999.656328484416008 ], [ 824764.582031514612027, 658864.945964405895211 ], [ 824837.100503078196198, 658785.829999718698673 ], [ 824876.244360414333642, 658595.10787646099925 ], [ 824885.726582939387299, 658562.559223321732134 ], [ 824926.965788053232245, 658558.056888727471232 ], [ 824999.033961248351261, 658575.089415628113784 ], [ 825030.777678078622557, 658584.38628884893842 ], [ 825063.167083784006536, 658579.850412035128102 ], [ 825032.512325392221101, 658557.076561738387682 ], [ 825032.91011580452323, 658533.325690552941523 ], [ 825085.46285845444072, 658510.250202426570468 ], [ 825122.201551634818316, 658456.377888509305194 ], [ 825237.772219965350814, 658364.644465134479105 ], [ 825244.527452244306915, 658355.231480180518702 ], [ 825244.527452244306915, 657436.891231601592153 ] ] ] } },
{ "type": "Feature", "properties": { "cell_id": 121, "parish": "St. Thomas", "centroid_x": 829130.68641083932, "centroid_y": 642302.92694706446, "land_area_km2": 71.539861081923235, "total_buildings": 32, "damaged_buildings": 2, "Damage_Ratio": 0.0625, "Dist_km": 112.06080113448562, "Delta_P": 100.19155442833357, "DeltaP_x_Dist": 11227.545856148481, "Pop_Dens": 119.9361559139785, "ln_Pop_Dens": 4.7952627692727576, "Delta_P_c": -13.186385634966001, "Dist_km_c": 58.998871805451628, "DeltaP_x_Dist_c": -777.98187565460796, "hat_y_ols": 0.061201428011843757, "hat_y_frac": 0.04248854199314489, "residual_frac": 0.02001145800685511, "abs_residual_frac": 0.02001145800685511, "basis_risk_category": "Concordant Alignment" }, "geometry": { "type": "Polygon", "coordinates": [ [ [ 835244.527452244306915, 639290.434292572666891 ], [ 835206.135073000565171, 639316.087783213704824 ], [ 835044.137353719095699, 639350.139553278917447 ], [ 834979.634193083969876, 639414.442503505619243 ], [ 834972.772950139828026, 639417.563314043916762 ], [ 834972.788263722206466, 639419.493127265712246 ], [ 834853.752142771030776, 639482.387496854877099 ], [ 834761.819190935580991, 639482.12347135366872 ], [ 834720.004943023435771, 639506.923699480714276 ], [ 834698.003540919627994, 639507.793526086839847 ], [ 834637.970709153683856, 639533.343730823486112 ], [ 834562.450997255160473, 639636.648667078115977 ], [ 834520.370307095814496, 639723.517789039527997 ], [ 834394.878273798967712, 639810.039585338323377 ], [ 834235.568091612542048, 639908.071811296511441 ], [ 833970.640594628057443, 639953.37922389456071 ], [ 833879.81595750444103, 639967.047658816794865 ], [ 833632.238595078699291, 639882.28453506284859 ], [ 833456.453233188134618, 639807.20650536112953 ], [ 833451.800723375286907, 639809.021549759432673 ], [ 833433.346828338457271, 639797.337906256318092 ], [ 833348.553367883316241, 639761.123474644380622 ], [ 833079.07115731749218, 639573.042785288998857 ], [ 832980.920431849197485, 639567.337457857327536 ], [ 832846.311065513989888, 639538.224888191674836 ], [ 832633.027465657098219, 639566.103578754235059 ], [ 832425.999821879086085, 639532.527851837454364 ], [ 832282.32377482065931, 639552.866330483579077 ], [ 832134.970662298845127, 639525.155184838688001 ], [ 831988.91089750896208, 639504.821859242161736 ], [ 831936.451244028867222, 639453.324773104395717 ], [ 831889.314090749598108, 639464.572598439175636 ], [ 831819.023608195828274, 639313.057118248427287 ], [ 831669.290621602209285, 639189.401812038500793 ], [ 831620.522984149632975, 639098.175612106919289 ], [ 831522.564495206810534, 638956.098036113195121 ], [ 831424.089671302586794, 638830.875444676377811 ], [ 831340.416961485636421, 638585.427250394481234 ], [ 831245.693229297292419, 638464.648337757098489 ], [ 831182.781040990259498, 638366.801455934881233 ], [ 831154.063246573554352, 638300.108612849144265 ], [ 831093.103918414562941, 638298.860796645982191 ], [ 831046.329110567923635, 638303.92511192895472 ], [ 830930.717986343544908, 638313.730762558057904 ], [ 830867.313584417803213, 638280.90755441354122 ], [ 830808.863763647619635, 638267.241552105755545 ], [ 830793.559441221761517, 638236.863281288533472 ], [ 830676.886031168862246, 638151.746643736027181 ], [ 830575.082199532189406, 638104.69928792968858 ], [ 830526.332016200525686, 638115.91056451399345 ], [ 830401.014499757438898, 638171.999251594534144 ], [ 830322.924281755811535, 638192.864061117288657 ], [ 830104.986184402718209, 638195.294724743347615 ], [ 829970.818127696868032, 638189.822906160843559 ], [ 829830.935823718085885, 638197.975662857526913 ], [ 829546.305880536208861, 638167.579530227463692 ], [ 829346.86743986827787, 638126.064904641825706 ], [ 829212.066392766544595, 638082.931225765845738 ], [ 829091.415203117998317, 638038.981054981937632 ], [ 828909.698497444391251, 637967.060888053034432 ], [ 828730.052784603671171, 637787.890508901560679 ], [ 828594.244798616971821, 637606.130102214287035 ], [ 828528.974845838500187, 637489.677063366048969 ], [ 828512.051171141560189, 637436.891231601592153 ], [ 825244.527452244306915, 637436.891231601592153 ], [ 825244.527452244306915, 647436.891231601592153 ], [ 831370.456934676854871, 647436.891231601592153 ], [ 831391.276997374254279, 647395.0783912462648 ], [ 831369.474811843247153, 647326.941330187721178 ], [ 831274.916278911055997, 647227.766936931875534 ], [ 831173.712580501334742, 647131.852770500350744 ], [ 831081.343199529917911, 647038.178160858456977 ], [ 831020.671544648357667, 647022.554174128104933 ], [ 830983.303540356922895, 646978.503957750508562 ], [ 830962.56943215476349, 646918.041978535475209 ], [ 830938.562040849006735, 646849.896341085666791 ], [ 830925.600664540776052, 646779.593698642798699 ], [ 830928.115941052674316, 646703.865060700569302 ], [ 830950.467758302111179, 646639.197733722394332 ], [ 830976.071739423787221, 646589.917431656038389 ], [ 831007.031539238989353, 646580.161295235389844 ], [ 831025.834411285002716, 646574.749083571485244 ], [ 831039.248476315988228, 646535.291321073076688 ], [ 831071.309954826254398, 646525.550899946480058 ], [ 831093.508387103909627, 646498.193664843100123 ], [ 831077.100486709154211, 646459.708557537407614 ], [ 831113.603357901796699, 646446.688248197315261 ], [ 831134.75921628496144, 646405.071046686498448 ], [ 831120.599897856474854, 646355.61564409348648 ], [ 831101.997741710511036, 646314.929974882281385 ], [ 831131.910826507606544, 646291.99867957807146 ], [ 831193.731665022904053, 646296.648191443411633 ], [ 831211.654132614145055, 646235.250091680558398 ], [ 831172.172547066700645, 646169.231710463529453 ], [ 831182.208197369705886, 646145.122608631849289 ], [ 831182.376051517901942, 646104.514465546351857 ], [ 831158.214229138335213, 646073.678511289530434 ], [ 831113.175573512096889, 646014.222812333493493 ], [ 831052.632137292297557, 645966.767448828555644 ], [ 831015.336182992672548, 645907.343936371034943 ], [ 831000.097191199776717, 645852.394417011062615 ], [ 831005.801615430274978, 645807.415086267748848 ], [ 831033.480367526877671, 645792.155687613063492 ], [ 831036.943819498410448, 645753.75263566407375 ], [ 831006.091350157046691, 645737.167111623915844 ], [ 830995.121571855153888, 645720.652552447631024 ], [ 831021.715312507469207, 645698.814218064537272 ], [ 831063.759574171039276, 645678.124356727232225 ], [ 831058.3947374667041, 645640.780617024400271 ], [ 831018.829930575098842, 645594.518778275465593 ], [ 831026.730302042327821, 645553.931484204949811 ], [ 831020.388931078021415, 645483.656168824061751 ], [ 830979.771833822363988, 645425.314792357967235 ], [ 830946.967288851737976, 645345.04661690548528 ], [ 830939.59626591973938, 645257.202045496669598 ], [ 830932.683596067363396, 645168.651014631614089 ], [ 830894.064614199567586, 645095.630719896988012 ], [ 830857.849202765268274, 644994.50747005327139 ], [ 830861.767006982699968, 644904.872129503404722 ], [ 830879.268244639621116, 644740.007637075148523 ], [ 830922.203498914721422, 644513.7979749875376 ], [ 830948.539834161405452, 644439.119488716241904 ], [ 831009.218163155717775, 644303.531132947653532 ], [ 831064.060895659145899, 644178.024044502410106 ], [ 831102.069310776074417, 644070.798471814137883 ], [ 831131.785282315453514, 644001.513291144394316 ], [ 831190.364645802881569, 643920.703828399884515 ], [ 831274.296829250408337, 643847.35969896253664 ], [ 831277.756947983638383, 643843.23455657903105 ], [ 831280.23762772383634, 643840.267509615514427 ], [ 831324.524621810531244, 643788.109898638213053 ], [ 831370.43230083223898, 643736.058715068618767 ], [ 831439.862827206496149, 643680.552302670897916 ], [ 831503.042667962727137, 643635.390983496676199 ], [ 831589.122461706516333, 643578.648157353396527 ], [ 831659.027876413194463, 643539.159994532237761 ], [ 831685.253699035733007, 643540.442254638066515 ], [ 831720.516085856943391, 643536.692965957103297 ], [ 831763.978837582399137, 643525.197018564445898 ], [ 831810.168030293076299, 643484.835921909543686 ], [ 831865.512241588439792, 643441.591116826748475 ], [ 831940.261268117232248, 643343.452295070979744 ], [ 832046.090373948216438, 643218.470667177462019 ], [ 832098.19245931005571, 643170.520117801032029 ], [ 832194.360596733284183, 643091.298593348707072 ], [ 832259.362317574210465, 643049.62270950851962 ], [ 832420.326940221129917, 642975.587969830492511 ], [ 832550.505418546730652, 642949.383089599665254 ], [ 832658.111547794193029, 642944.843899122672155 ], [ 832724.108963096514344, 642943.815693017444573 ], [ 832776.412628584657796, 642946.648095200653188 ], [ 832821.197080492740497, 642951.308367973659188 ], [ 832906.455202024430037, 642962.846775702550076 ], [ 832919.378266745246947, 642965.878634207649156 ], [ 832929.680999169242568, 642967.228159905644134 ], [ 832963.959323680959642, 642973.526753308949992 ], [ 832991.905158432084136, 642971.586142629268579 ], [ 833029.30408978741616, 642951.434278042172082 ], [ 833069.515769322752021, 642927.564439582754858 ], [ 833106.346247680601664, 642909.092664427822456 ], [ 833141.804440155043267, 642901.970990082365461 ], [ 833203.871536295977421, 642900.927760166348889 ], [ 833262.12234248383902, 642912.917805153294466 ], [ 833320.164525441359729, 642931.614389406633563 ], [ 833356.090442763990723, 642949.099407731089741 ], [ 833389.029694446828216, 642961.347683350788429 ], [ 833423.315030016470701, 642965.964761766488664 ], [ 833427.965571876731701, 642976.045389950275421 ], [ 833433.9310521511361, 642983.342450377065688 ], [ 833440.279520488693379, 642990.264825086691417 ], [ 833443.617658670525998, 642997.539660244947299 ], [ 833445.43741221819073, 643010.596647402271628 ], [ 833447.814709550701082, 643024.585721469367854 ], [ 833452.975756434956565, 643031.702281510457397 ], [ 833459.193967636674643, 643039.354602053412236 ], [ 833473.940543832723051, 643047.043164288043045 ], [ 833489.965605524601415, 643050.553440266754478 ], [ 833521.495571273844689, 643042.862351493211463 ], [ 833564.154942873865366, 643026.474878675770015 ], [ 833688.183785290340893, 642994.241408340167254 ], [ 833732.495802230900154, 642997.81707638502121 ], [ 833803.987779802642763, 643027.49661912873853 ], [ 833890.387829185812734, 643024.478589367936365 ], [ 833939.549595563206822, 643016.22153109125793 ], [ 833955.397527906461619, 643023.328208358725533 ], [ 834029.948540367884561, 643022.009253783733584 ], [ 834216.39299685228616, 643058.325165271409787 ], [ 834363.208002727711573, 643078.689534779754467 ], [ 834514.080446596606635, 643079.338081801077351 ], [ 834587.568349407752976, 643083.107639363501221 ], [ 834638.085374862421304, 643057.868668865645304 ], [ 834670.141690560616553, 643021.570715690031648 ], [ 834745.046473246649839, 642940.07852021465078 ], [ 834885.246618898469023, 642728.519964164006524 ], [ 835025.611385205294937, 642619.143583342782222 ], [ 835166.962395133916289, 642529.46258379437495 ], [ 835219.226689529488795, 642522.019076401484199 ], [ 835244.527452244306915, 642502.339160455041565 ], [ 835244.527452244306915, 639290.434292572666891 ] ] ] } }
]
}
